ap_minus_prevalence,auroc,average_precision,bottom20pct,n,positives,prevalence,scene,score,target_level,task,top10,top20pct,top5,top_to_bottom_ratio,voxel_size_m
0.02051926688500283,0.5731818181818182,0.6582004263052926,"{""error_rate"": 0.35714285714285715, ""k"": 14, ""true_errors"": 5}",69,44,0.6376811594202898,room0,nonspatial,object,mask_any,"{""k"": 10, ""lift_vs_prevalence"": 0.9409090909090909, ""precision"": 0.6, ""true_errors"": 6}","{""k"": 14, ""lift_vs_prevalence"": 1.0081168831168832, ""precision"": 0.6428571428571429, ""true_errors"": 9}","{""k"": 5, ""lift_vs_prevalence"": 0.9409090909090909, ""precision"": 0.6, ""true_errors"": 3}",1.8,0.025
0.015050749216040993,0.5540909090909091,0.6527319086363308,"{""error_rate"": 0.5714285714285714, ""k"": 14, ""true_errors"": 8}",69,44,0.6376811594202898,room0,voxel_semantic,object,mask_any,"{""k"": 10, ""lift_vs_prevalence"": 0.9409090909090909, ""precision"": 0.6, ""true_errors"": 6}","{""k"": 14, ""lift_vs_prevalence"": 1.1201298701298703, ""precision"": 0.7142857142857143, ""true_errors"": 10}","{""k"": 5, ""lift_vs_prevalence"": 0.31363636363636366, ""precision"": 0.2, ""true_errors"": 1}",1.25,0.025
-0.02501277437447602,0.4918181818181818,0.6126683850458138,"{""error_rate"": 0.5, ""k"": 14, ""true_errors"": 7}",69,44,0.6376811594202898,room0,fragmentation,object,mask_any,"{""k"": 10, ""lift_vs_prevalence"": 0.7840909090909092, ""precision"": 0.5, ""true_errors"": 5}","{""k"": 14, ""lift_vs_prevalence"": 0.8961038961038962, ""precision"": 0.5714285714285714, ""true_errors"": 8}","{""k"": 5, ""lift_vs_prevalence"": 0.9409090909090909, ""precision"": 0.6, ""true_errors"": 3}",1.1428571428571428,0.025
0.036940527532352885,0.5045454545454545,0.6746216869526427,"{""error_rate"": 0.7857142857142857, ""k"": 14, ""true_errors"": 11}",69,44,0.6376811594202898,room0,duplicate_incident,object,mask_any,"{""k"": 10, ""lift_vs_prevalence"": 0.9409090909090909, ""precision"": 0.6, ""true_errors"": 6}","{""k"": 14, ""lift_vs_prevalence"": 1.1201298701298703, ""precision"": 0.7142857142857143, ""true_errors"": 10}","{""k"": 5, ""lift_vs_prevalence"": 0.6272727272727273, ""precision"": 0.4, ""true_errors"": 2}",0.9090909090909092,0.025
-0.024361513619257757,0.4772727272727273,0.613319645801032,"{""error_rate"": 0.7142857142857143, ""k"": 14, ""true_errors"": 10}",69,44,0.6376811594202898,room0,combined,object,mask_any,"{""k"": 10, ""lift_vs_prevalence"": 0.7840909090909092, ""precision"": 0.5, ""true_errors"": 5}","{""k"": 14, ""lift_vs_prevalence"": 0.7840909090909092, ""precision"": 0.5, ""true_errors"": 7}","{""k"": 5, ""lift_vs_prevalence"": 0.6272727272727273, ""precision"": 0.4, ""true_errors"": 2}",0.7,0.025
0.15027457453593407,0.702037351443124,0.5995499368547746,"{""error_rate"": 0.14285714285714285, ""k"": 14, ""true_errors"": 2}",69,31,0.4492753623188406,room0,nonspatial,object,mask_repeated,"{""k"": 10, ""lift_vs_prevalence"": 1.335483870967742, ""precision"": 0.6, ""true_errors"": 6}","{""k"": 14, ""lift_vs_prevalence"": 1.4308755760368665, ""precision"": 0.6428571428571429, ""true_errors"": 9}","{""k"": 5, ""lift_vs_prevalence"": 1.335483870967742, ""precision"": 0.6, ""true_errors"": 3}",4.500000000000001,0.025
0.037329558985329914,0.5530560271646859,0.4866049213041705,"{""error_rate"": 0.42857142857142855, ""k"": 14, ""true_errors"": 6}",69,31,0.4492753623188406,room0,voxel_semantic,object,mask_repeated,"{""k"": 10, ""lift_vs_prevalence"": 0.8903225806451613, ""precision"": 0.4, ""true_errors"": 4}","{""k"": 14, ""lift_vs_prevalence"": 1.271889400921659, ""precision"": 0.5714285714285714, ""true_errors"": 8}","{""k"": 5, ""lift_vs_prevalence"": 0.44516129032258067, ""precision"": 0.2, ""true_errors"": 1}",1.3333333333333333,0.025
-0.0318915870418639,0.4932088285229202,0.4173837752769767,"{""error_rate"": 0.21428571428571427, ""k"": 14, ""true_errors"": 3}",69,31,0.4492753623188406,room0,fragmentation,object,mask_repeated,"{""k"": 10, ""lift_vs_prevalence"": 0.44516129032258067, ""precision"": 0.2, ""true_errors"": 2}","{""k"": 14, ""lift_vs_prevalence"": 0.6359447004608295, ""precision"": 0.2857142857142857, ""true_errors"": 4}","{""k"": 5, ""lift_vs_prevalence"": 0.44516129032258067, ""precision"": 0.2, ""true_errors"": 1}",1.3333333333333333,0.025
-0.0516717586384165,0.4032258064516129,0.3976036036804241,"{""error_rate"": 0.5714285714285714, ""k"": 14, ""true_errors"": 8}",69,31,0.4492753623188406,room0,duplicate_incident,object,mask_repeated,"{""k"": 10, ""lift_vs_prevalence"": 0.667741935483871, ""precision"": 0.3, ""true_errors"": 3}","{""k"": 14, ""lift_vs_prevalence"": 0.7949308755760369, ""precision"": 0.35714285714285715, ""true_errors"": 5}","{""k"": 5, ""lift_vs_prevalence"": 0.44516129032258067, ""precision"": 0.2, ""true_errors"": 1}",0.625,0.025
-0.04008265737187949,0.42614601018675724,0.4091927049469611,"{""error_rate"": 0.5714285714285714, ""k"": 14, ""true_errors"": 8}",69,31,0.4492753623188406,room0,combined,object,mask_repeated,"{""k"": 10, ""lift_vs_prevalence"": 0.8903225806451613, ""precision"": 0.4, ""true_errors"": 4}","{""k"": 14, ""lift_vs_prevalence"": 0.7949308755760369, ""precision"": 0.35714285714285715, ""true_errors"": 5}","{""k"": 5, ""lift_vs_prevalence"": 0.44516129032258067, ""precision"": 0.2, ""true_errors"": 1}",0.625,0.025
0.14892254911374775,0.6923076923076923,0.5837051578093999,"{""error_rate"": 0.14285714285714285, ""k"": 14, ""true_errors"": 2}",69,30,0.43478260869565216,room0,nonspatial,object,mask_severe,"{""k"": 10, ""lift_vs_prevalence"": 1.38, ""precision"": 0.6, ""true_errors"": 6}","{""k"": 14, ""lift_vs_prevalence"": 1.4785714285714286, ""precision"": 0.6428571428571429, ""true_errors"": 9}","{""k"": 5, ""lift_vs_prevalence"": 1.38, ""precision"": 0.6, ""true_errors"": 3}",4.500000000000001,0.025
0.04507815616628491,0.5581196581196581,0.4798607648619371,"{""error_rate"": 0.42857142857142855, ""k"": 14, ""true_errors"": 6}",69,30,0.43478260869565216,room0,voxel_semantic,object,mask_severe,"{""k"": 10, ""lift_vs_prevalence"": 0.92, ""precision"": 0.4, ""true_errors"": 4}","{""k"": 14, ""lift_vs_prevalence"": 1.3142857142857143, ""precision"": 0.5714285714285714, ""true_errors"": 8}","{""k"": 5, ""lift_vs_prevalence"": 0.46, ""precision"": 0.2, ""true_errors"": 1}",1.3333333333333333,0.025
-0.030451713640851807,0.48632478632478626,0.40433089505480035,"{""error_rate"": 0.21428571428571427, ""k"": 14, ""true_errors"": 3}",69,30,0.43478260869565216,room0,fragmentation,object,mask_severe,"{""k"": 10, ""lift_vs_prevalence"": 0.46, ""precision"": 0.2, ""true_errors"": 2}","{""k"": 14, ""lift_vs_prevalence"": 0.6571428571428571, ""precision"": 0.2857142857142857, ""true_errors"": 4}","{""k"": 5, ""lift_vs_prevalence"": 0.46, ""precision"": 0.2, ""true_errors"": 1}",1.3333333333333333,0.025
-0.04719184101448831,0.4042735042735042,0.38759076768116385,"{""error_rate"": 0.5714285714285714, ""k"": 14, ""true_errors"": 8}",69,30,0.43478260869565216,room0,duplicate_incident,object,mask_severe,"{""k"": 10, ""lift_vs_prevalence"": 0.69, ""precision"": 0.3, ""true_errors"": 3}","{""k"": 14, ""lift_vs_prevalence"": 0.8214285714285715, ""precision"": 0.35714285714285715, ""true_errors"": 5}","{""k"": 5, ""lift_vs_prevalence"": 0.46, ""precision"": 0.2, ""true_errors"": 1}",0.625,0.025
-0.030167871783470523,0.44230769230769235,0.40461473691218164,"{""error_rate"": 0.5714285714285714, ""k"": 14, ""true_errors"": 8}",69,30,0.43478260869565216,room0,combined,object,mask_severe,"{""k"": 10, ""lift_vs_prevalence"": 0.92, ""precision"": 0.4, ""true_errors"": 4}","{""k"": 14, ""lift_vs_prevalence"": 0.8214285714285715, ""precision"": 0.35714285714285715, ""true_errors"": 5}","{""k"": 5, ""lift_vs_prevalence"": 0.46, ""precision"": 0.2, ""true_errors"": 1}",0.625,0.025
-0.11753410214257087,0.31264367816091954,0.5415568069483382,"{""error_rate"": 0.6666666666666666, ""k"": 9, ""true_errors"": 6}",44,29,0.6590909090909091,room0,nonspatial,object,association_loose,"{""k"": 10, ""lift_vs_prevalence"": 0.606896551724138, ""precision"": 0.4, ""true_errors"": 4}","{""k"": 9, ""lift_vs_prevalence"": 0.5057471264367817, ""precision"": 0.3333333333333333, ""true_errors"": 3}","{""k"": 5, ""lift_vs_prevalence"": 0.303448275862069, ""precision"": 0.2, ""true_errors"": 1}",0.5,0.025
-0.08600439673165816,0.3655172413793103,0.5730865123592509,"{""error_rate"": 0.7777777777777778, ""k"": 9, ""true_errors"": 7}",44,29,0.6590909090909091,room0,voxel_semantic,object,association_loose,"{""k"": 10, ""lift_vs_prevalence"": 0.606896551724138, ""precision"": 0.4, ""true_errors"": 4}","{""k"": 9, ""lift_vs_prevalence"": 0.6743295019157088, ""precision"": 0.4444444444444444, ""true_errors"": 4}","{""k"": 5, ""lift_vs_prevalence"": 0.606896551724138, ""precision"": 0.4, ""true_errors"": 2}",0.5714285714285714,0.025
-0.02915778987406492,0.5206896551724137,0.6299331192168441,"{""error_rate"": 0.7777777777777778, ""k"": 9, ""true_errors"": 7}",44,29,0.6590909090909091,room0,fragmentation,object,association_loose,"{""k"": 10, ""lift_vs_prevalence"": 0.606896551724138, ""precision"": 0.4, ""true_errors"": 4}","{""k"": 9, ""lift_vs_prevalence"": 0.6743295019157088, ""precision"": 0.4444444444444444, ""true_errors"": 4}","{""k"": 5, ""lift_vs_prevalence"": 0.9103448275862069, ""precision"": 0.6, ""true_errors"": 3}",0.5714285714285714,0.025
0.06766056797770814,0.5264367816091954,0.7267514770686172,"{""error_rate"": 0.7777777777777778, ""k"": 9, ""true_errors"": 7}",44,29,0.6590909090909091,room0,duplicate_incident,object,association_loose,"{""k"": 10, ""lift_vs_prevalence"": 1.0620689655172413, ""precision"": 0.7, ""true_errors"": 7}","{""k"": 9, ""lift_vs_prevalence"": 1.0114942528735633, ""precision"": 0.6666666666666666, ""true_errors"": 6}","{""k"": 5, ""lift_vs_prevalence"": 0.9103448275862069, ""precision"": 0.6, ""true_errors"": 3}",0.8571428571428571,0.025
-0.053539674498840006,0.3896551724137931,0.605551234592069,"{""error_rate"": 0.7777777777777778, ""k"": 9, ""true_errors"": 7}",44,29,0.6590909090909091,room0,combined,object,association_loose,"{""k"": 10, ""lift_vs_prevalence"": 0.9103448275862069, ""precision"": 0.6, ""true_errors"": 6}","{""k"": 9, ""lift_vs_prevalence"": 0.8429118773946361, ""precision"": 0.5555555555555556, ""true_errors"": 5}","{""k"": 5, ""lift_vs_prevalence"": 0.606896551724138, ""precision"": 0.4, ""true_errors"": 2}",0.7142857142857143,0.025
-0.10809757066316805,0.326797385620915,0.5055387929731956,"{""error_rate"": 0.6666666666666666, ""k"": 9, ""true_errors"": 6}",44,27,0.6136363636363636,room0,nonspatial,object,association_repeated,"{""k"": 10, ""lift_vs_prevalence"": 0.6518518518518519, ""precision"": 0.4, ""true_errors"": 4}","{""k"": 9, ""lift_vs_prevalence"": 0.5432098765432098, ""precision"": 0.3333333333333333, ""true_errors"": 3}","{""k"": 5, ""lift_vs_prevalence"": 0.32592592592592595, ""precision"": 0.2, ""true_errors"": 1}",0.5,0.025
-0.09445249766461361,0.37037037037037035,0.51918386597175,"{""error_rate"": 0.6666666666666666, ""k"": 9, ""true_errors"": 6}",44,27,0.6136363636363636,room0,voxel_semantic,object,association_repeated,"{""k"": 10, ""lift_vs_prevalence"": 0.4888888888888889, ""precision"": 0.3, ""true_errors"": 3}","{""k"": 9, ""lift_vs_prevalence"": 0.5432098765432098, ""precision"": 0.3333333333333333, ""true_errors"": 3}","{""k"": 5, ""lift_vs_prevalence"": 0.32592592592592595, ""precision"": 0.2, ""true_errors"": 1}",0.5,0.025
-0.0072057342955175185,0.5468409586056645,0.6064306293408461,"{""error_rate"": 0.6666666666666666, ""k"": 9, ""true_errors"": 6}",44,27,0.6136363636363636,room0,fragmentation,object,association_repeated,"{""k"": 10, ""lift_vs_prevalence"": 0.6518518518518519, ""precision"": 0.4, ""true_errors"": 4}","{""k"": 9, ""lift_vs_prevalence"": 0.7242798353909464, ""precision"": 0.4444444444444444, ""true_errors"": 4}","{""k"": 5, ""lift_vs_prevalence"": 0.9777777777777777, ""precision"": 0.6, ""true_errors"": 3}",0.6666666666666666,0.025
0.07041251780281266,0.531590413943355,0.6840488814391763,"{""error_rate"": 0.6666666666666666, ""k"": 9, ""true_errors"": 6}",44,27,0.6136363636363636,room0,duplicate_incident,object,association_repeated,"{""k"": 10, ""lift_vs_prevalence"": 0.9777777777777777, ""precision"": 0.6, ""true_errors"": 6}","{""k"": 9, ""lift_vs_prevalence"": 0.9053497942386831, ""precision"": 0.5555555555555556, ""true_errors"": 5}","{""k"": 5, ""lift_vs_prevalence"": 0.9777777777777777, ""precision"": 0.6, ""true_errors"": 3}",0.8333333333333334,0.025
-0.061634049859652484,0.39106753812636164,0.5520023137767112,"{""error_rate"": 0.6666666666666666, ""k"": 9, ""true_errors"": 6}",44,27,0.6136363636363636,room0,combined,object,association_repeated,"{""k"": 10, ""lift_vs_prevalence"": 0.8148148148148148, ""precision"": 0.5, ""true_errors"": 5}","{""k"": 9, ""lift_vs_prevalence"": 0.7242798353909464, ""precision"": 0.4444444444444444, ""true_errors"": 4}","{""k"": 5, ""lift_vs_prevalence"": 0.32592592592592595, ""precision"": 0.2, ""true_errors"": 1}",0.6666666666666666,0.025
-0.10809757066316805,0.326797385620915,0.5055387929731956,"{""error_rate"": 0.6666666666666666, ""k"": 9, ""true_errors"": 6}",44,27,0.6136363636363636,room0,nonspatial,object,overmerge_repeated,"{""k"": 10, ""lift_vs_prevalence"": 0.6518518518518519, ""precision"": 0.4, ""true_errors"": 4}","{""k"": 9, ""lift_vs_prevalence"": 0.5432098765432098, ""precision"": 0.3333333333333333, ""true_errors"": 3}","{""k"": 5, ""lift_vs_prevalence"": 0.32592592592592595, ""precision"": 0.2, ""true_errors"": 1}",0.5,0.025
-0.09445249766461361,0.37037037037037035,0.51918386597175,"{""error_rate"": 0.6666666666666666, ""k"": 9, ""true_errors"": 6}",44,27,0.6136363636363636,room0,voxel_semantic,object,overmerge_repeated,"{""k"": 10, ""lift_vs_prevalence"": 0.4888888888888889, ""precision"": 0.3, ""true_errors"": 3}","{""k"": 9, ""lift_vs_prevalence"": 0.5432098765432098, ""precision"": 0.3333333333333333, ""true_errors"": 3}","{""k"": 5, ""lift_vs_prevalence"": 0.32592592592592595, ""precision"": 0.2, ""true_errors"": 1}",0.5,0.025
-0.0072057342955175185,0.5468409586056645,0.6064306293408461,"{""error_rate"": 0.6666666666666666, ""k"": 9, ""true_errors"": 6}",44,27,0.6136363636363636,room0,fragmentation,object,overmerge_repeated,"{""k"": 10, ""lift_vs_prevalence"": 0.6518518518518519, ""precision"": 0.4, ""true_errors"": 4}","{""k"": 9, ""lift_vs_prevalence"": 0.7242798353909464, ""precision"": 0.4444444444444444, ""true_errors"": 4}","{""k"": 5, ""lift_vs_prevalence"": 0.9777777777777777, ""precision"": 0.6, ""true_errors"": 3}",0.6666666666666666,0.025
0.07041251780281266,0.531590413943355,0.6840488814391763,"{""error_rate"": 0.6666666666666666, ""k"": 9, ""true_errors"": 6}",44,27,0.6136363636363636,room0,duplicate_incident,object,overmerge_repeated,"{""k"": 10, ""lift_vs_prevalence"": 0.9777777777777777, ""precision"": 0.6, ""true_errors"": 6}","{""k"": 9, ""lift_vs_prevalence"": 0.9053497942386831, ""precision"": 0.5555555555555556, ""true_errors"": 5}","{""k"": 5, ""lift_vs_prevalence"": 0.9777777777777777, ""precision"": 0.6, ""true_errors"": 3}",0.8333333333333334,0.025
-0.061634049859652484,0.39106753812636164,0.5520023137767112,"{""error_rate"": 0.6666666666666666, ""k"": 9, ""true_errors"": 6}",44,27,0.6136363636363636,room0,combined,object,overmerge_repeated,"{""k"": 10, ""lift_vs_prevalence"": 0.8148148148148148, ""precision"": 0.5, ""true_errors"": 5}","{""k"": 9, ""lift_vs_prevalence"": 0.7242798353909464, ""precision"": 0.4444444444444444, ""true_errors"": 4}","{""k"": 5, ""lift_vs_prevalence"": 0.32592592592592595, ""precision"": 0.2, ""true_errors"": 1}",0.6666666666666666,0.025
0.14034075182427933,0.6143867924528302,0.3722248097952938,"{""error_rate"": 0.14285714285714285, ""k"": 14, ""true_errors"": 2}",69,16,0.2318840579710145,room0,nonspatial,object,split_incident,"{""k"": 10, ""lift_vs_prevalence"": 0.8625, ""precision"": 0.2, ""true_errors"": 2}","{""k"": 14, ""lift_vs_prevalence"": 1.232142857142857, ""precision"": 0.2857142857142857, ""true_errors"": 4}","{""k"": 5, ""lift_vs_prevalence"": 1.725, ""precision"": 0.4, ""true_errors"": 2}",2.0,0.025
0.03661790710995075,0.5518867924528301,0.26850196508096524,"{""error_rate"": 0.14285714285714285, ""k"": 14, ""true_errors"": 2}",69,16,0.2318840579710145,room0,voxel_semantic,object,split_incident,"{""k"": 10, ""lift_vs_prevalence"": 1.29375, ""precision"": 0.3, ""true_errors"": 3}","{""k"": 14, ""lift_vs_prevalence"": 1.232142857142857, ""precision"": 0.2857142857142857, ""true_errors"": 4}","{""k"": 5, ""lift_vs_prevalence"": 0.8625, ""precision"": 0.2, ""true_errors"": 1}",2.0,0.025
-0.015653328326679178,0.47759433962264153,0.21623072964433532,"{""error_rate"": 0.35714285714285715, ""k"": 14, ""true_errors"": 5}",69,16,0.2318840579710145,room0,fragmentation,object,split_incident,"{""k"": 10, ""lift_vs_prevalence"": 0.0, ""precision"": 0.0, ""true_errors"": 0}","{""k"": 14, ""lift_vs_prevalence"": 0.6160714285714285, ""precision"": 0.14285714285714285, ""true_errors"": 2}","{""k"": 5, ""lift_vs_prevalence"": 0.0, ""precision"": 0.0, ""true_errors"": 0}",0.39999999999999997,0.025
0.08325162143698148,0.6137971698113207,0.31513567940799597,"{""error_rate"": 0.21428571428571427, ""k"": 14, ""true_errors"": 3}",69,16,0.2318840579710145,room0,duplicate_incident,object,split_incident,"{""k"": 10, ""lift_vs_prevalence"": 1.725, ""precision"": 0.4, ""true_errors"": 4}","{""k"": 14, ""lift_vs_prevalence"": 1.8482142857142856, ""precision"": 0.42857142857142855, ""true_errors"": 6}","{""k"": 5, ""lift_vs_prevalence"": 0.8625, ""precision"": 0.2, ""true_errors"": 1}",2.0,0.025
0.012950647899721002,0.5135613207547169,0.2448347058707355,"{""error_rate"": 0.2857142857142857, ""k"": 14, ""true_errors"": 4}",69,16,0.2318840579710145,room0,combined,object,split_incident,"{""k"": 10, ""lift_vs_prevalence"": 0.8625, ""precision"": 0.2, ""true_errors"": 2}","{""k"": 14, ""lift_vs_prevalence"": 0.9241071428571428, ""precision"": 0.21428571428571427, ""true_errors"": 3}","{""k"": 5, ""lift_vs_prevalence"": 0.8625, ""precision"": 0.2, ""true_errors"": 1}",0.75,0.025
0.10827779491524692,0.7112369337979094,0.7024806934659715,"{""error_rate"": 0.2857142857142857, ""k"": 14, ""true_errors"": 4}",69,41,0.5942028985507246,room0,nonspatial,object,merge_membership_repeated,"{""k"": 10, ""lift_vs_prevalence"": 1.1780487804878048, ""precision"": 0.7, ""true_errors"": 7}","{""k"": 14, ""lift_vs_prevalence"": 1.202090592334495, ""precision"": 0.7142857142857143, ""true_errors"": 10}","{""k"": 5, ""lift_vs_prevalence"": 1.0097560975609756, ""precision"": 0.6, ""true_errors"": 3}",2.5,0.025
-0.038092092362043806,0.46297909407665505,0.5561108061886808,"{""error_rate"": 0.5714285714285714, ""k"": 14, ""true_errors"": 8}",69,41,0.5942028985507246,room0,voxel_semantic,object,merge_membership_repeated,"{""k"": 10, ""lift_vs_prevalence"": 0.6731707317073171, ""precision"": 0.4, ""true_errors"": 4}","{""k"": 14, ""lift_vs_prevalence"": 0.9616724738675958, ""precision"": 0.5714285714285714, ""true_errors"": 8}","{""k"": 5, ""lift_vs_prevalence"": 0.33658536585365856, ""precision"": 0.2, ""true_errors"": 1}",1.0,0.025
-0.05303247164310965,0.4856271777003485,0.541170426907615,"{""error_rate"": 0.5, ""k"": 14, ""true_errors"": 7}",69,41,0.5942028985507246,room0,fragmentation,object,merge_membership_repeated,"{""k"": 10, ""lift_vs_prevalence"": 0.33658536585365856, ""precision"": 0.2, ""true_errors"": 2}","{""k"": 14, ""lift_vs_prevalence"": 0.6010452961672474, ""precision"": 0.35714285714285715, ""true_errors"": 5}","{""k"": 5, ""lift_vs_prevalence"": 0.33658536585365856, ""precision"": 0.2, ""true_errors"": 1}",0.7142857142857143,0.025
-0.04776518885520031,0.3906794425087108,0.5464377096955243,"{""error_rate"": 0.7142857142857143, ""k"": 14, ""true_errors"": 10}",69,41,0.5942028985507246,room0,duplicate_incident,object,merge_membership_repeated,"{""k"": 10, ""lift_vs_prevalence"": 0.8414634146341464, ""precision"": 0.5, ""true_errors"": 5}","{""k"": 14, ""lift_vs_prevalence"": 0.8414634146341464, ""precision"": 0.5, ""true_errors"": 7}","{""k"": 5, ""lift_vs_prevalence"": 1.0097560975609756, ""precision"": 0.6, ""true_errors"": 3}",0.7,0.025
-0.08283654343964297,0.35932055749128916,0.5113663551110816,"{""error_rate"": 0.7857142857142857, ""k"": 14, ""true_errors"": 11}",69,41,0.5942028985507246,room0,combined,object,merge_membership_repeated,"{""k"": 10, ""lift_vs_prevalence"": 0.6731707317073171, ""precision"": 0.4, ""true_errors"": 4}","{""k"": 14, ""lift_vs_prevalence"": 0.8414634146341464, ""precision"": 0.5, ""true_errors"": 7}","{""k"": 5, ""lift_vs_prevalence"": 0.33658536585365856, ""precision"": 0.2, ""true_errors"": 1}",0.6363636363636364,0.025
0.13154685722827686,0.7199074074074074,0.7837207702717551,"{""error_rate"": 0.35714285714285715, ""k"": 14, ""true_errors"": 5}",69,45,0.6521739130434783,room0,nonspatial,object,unified_repeated,"{""k"": 10, ""lift_vs_prevalence"": 1.2266666666666668, ""precision"": 0.8, ""true_errors"": 8}","{""k"": 14, ""lift_vs_prevalence"": 1.2047619047619047, ""precision"": 0.7857142857142857, ""true_errors"": 11}","{""k"": 5, ""lift_vs_prevalence"": 1.2266666666666668, ""precision"": 0.8, ""true_errors"": 4}",2.1999999999999997,0.025
-0.021873741803257407,0.47962962962962963,0.6303001712402209,"{""error_rate"": 0.6428571428571429, ""k"": 14, ""true_errors"": 9}",69,45,0.6521739130434783,room0,voxel_semantic,object,unified_repeated,"{""k"": 10, ""lift_vs_prevalence"": 0.9199999999999999, ""precision"": 0.6, ""true_errors"": 6}","{""k"": 14, ""lift_vs_prevalence"": 1.0952380952380953, ""precision"": 0.7142857142857143, ""true_errors"": 10}","{""k"": 5, ""lift_vs_prevalence"": 0.6133333333333334, ""precision"": 0.4, ""true_errors"": 2}",1.1111111111111112,0.025
-0.06644715258117251,0.4574074074074073,0.5857267604623058,"{""error_rate"": 0.6428571428571429, ""k"": 14, ""true_errors"": 9}",69,45,0.6521739130434783,room0,fragmentation,object,unified_repeated,"{""k"": 10, ""lift_vs_prevalence"": 0.3066666666666667, ""precision"": 0.2, ""true_errors"": 2}","{""k"": 14, ""lift_vs_prevalence"": 0.5476190476190477, ""precision"": 0.35714285714285715, ""true_errors"": 5}","{""k"": 5, ""lift_vs_prevalence"": 0.3066666666666667, ""precision"": 0.2, ""true_errors"": 1}",0.5555555555555556,0.025
-0.023884409309917976,0.4351851851851852,0.6282895037335603,"{""error_rate"": 0.7142857142857143, ""k"": 14, ""true_errors"": 10}",69,45,0.6521739130434783,room0,duplicate_incident,object,unified_repeated,"{""k"": 10, ""lift_vs_prevalence"": 1.0733333333333333, ""precision"": 0.7, ""true_errors"": 7}","{""k"": 14, ""lift_vs_prevalence"": 0.9857142857142858, ""precision"": 0.6428571428571429, ""true_errors"": 9}","{""k"": 5, ""lift_vs_prevalence"": 0.9199999999999999, ""precision"": 0.6, ""true_errors"": 3}",0.9,0.025
-0.0778079465349476,0.35277777777777775,0.5743659665085307,"{""error_rate"": 0.9285714285714286, ""k"": 14, ""true_errors"": 13}",69,45,0.6521739130434783,room0,combined,object,unified_repeated,"{""k"": 10, ""lift_vs_prevalence"": 0.7666666666666666, ""precision"": 0.5, ""true_errors"": 5}","{""k"": 14, ""lift_vs_prevalence"": 0.8761904761904761, ""precision"": 0.5714285714285714, ""true_errors"": 8}","{""k"": 5, ""lift_vs_prevalence"": 0.6133333333333334, ""precision"": 0.4, ""true_errors"": 2}",0.6153846153846153,0.025
0.16188132348919881,0.8490566037735849,0.9299972655181843,"{""error_rate"": 0.5714285714285714, ""k"": 14, ""true_errors"": 8}",69,53,0.7681159420289855,room0,nonspatial,object,unified_plus_spurious,"{""k"": 10, ""lift_vs_prevalence"": 1.3018867924528303, ""precision"": 1.0, ""true_errors"": 10}","{""k"": 14, ""lift_vs_prevalence"": 1.3018867924528303, ""precision"": 1.0, ""true_errors"": 14}","{""k"": 5, ""lift_vs_prevalence"": 1.3018867924528303, ""precision"": 1.0, ""true_errors"": 5}",1.75,0.025
0.025422517208373185,0.5542452830188679,0.7935384592373587,"{""error_rate"": 0.7142857142857143, ""k"": 14, ""true_errors"": 10}",69,53,0.7681159420289855,room0,voxel_semantic,object,unified_plus_spurious,"{""k"": 10, ""lift_vs_prevalence"": 1.0415094339622641, ""precision"": 0.8, ""true_errors"": 8}","{""k"": 14, ""lift_vs_prevalence"": 1.1159029649595686, ""precision"": 0.8571428571428571, ""true_errors"": 12}","{""k"": 5, ""lift_vs_prevalence"": 1.0415094339622641, ""precision"": 0.8, ""true_errors"": 4}",1.2,0.025
-0.08875972825702416,0.3797169811320755,0.6793562137719613,"{""error_rate"": 0.7857142857142857, ""k"": 14, ""true_errors"": 11}",69,53,0.7681159420289855,room0,fragmentation,object,unified_plus_spurious,"{""k"": 10, ""lift_vs_prevalence"": 0.3905660377358491, ""precision"": 0.3, ""true_errors"": 3}","{""k"": 14, ""lift_vs_prevalence"": 0.5579514824797843, ""precision"": 0.42857142857142855, ""true_errors"": 6}","{""k"": 5, ""lift_vs_prevalence"": 0.26037735849056604, ""precision"": 0.2, ""true_errors"": 1}",0.5454545454545454,0.025
-0.07427599856086053,0.3449292452830188,0.6938399434681249,"{""error_rate"": 0.7857142857142857, ""k"": 14, ""true_errors"": 11}",69,53,0.7681159420289855,room0,duplicate_incident,object,unified_plus_spurious,"{""k"": 10, ""lift_vs_prevalence"": 0.9113207547169812, ""precision"": 0.7, ""true_errors"": 7}","{""k"": 14, ""lift_vs_prevalence"": 0.8369272237196766, ""precision"": 0.6428571428571429, ""true_errors"": 9}","{""k"": 5, ""lift_vs_prevalence"": 0.7811320754716982, ""precision"": 0.6, ""true_errors"": 3}",0.8181818181818182,0.025
-0.05841564025070356,0.3466981132075472,0.7097003017782819,"{""error_rate"": 0.9285714285714286, ""k"": 14, ""true_errors"": 13}",69,53,0.7681159420289855,room0,combined,object,unified_plus_spurious,"{""k"": 10, ""lift_vs_prevalence"": 0.9113207547169812, ""precision"": 0.7, ""true_errors"": 7}","{""k"": 14, ""lift_vs_prevalence"": 0.9299191374663074, ""precision"": 0.7142857142857143, ""true_errors"": 10}","{""k"": 5, ""lift_vs_prevalence"": 0.7811320754716982, ""precision"": 0.6, ""true_errors"": 3}",0.7692307692307693,0.025
-0.00017133293871951505,0.5010526315789474,0.5680104852430987,"{""error_rate"": 0.5555555555555556, ""k"": 9, ""true_errors"": 5}",44,25,0.5681818181818182,room0,nonspatial,object,spurious_background,"{""k"": 10, ""lift_vs_prevalence"": 0.8799999999999999, ""precision"": 0.5, ""true_errors"": 5}","{""k"": 9, ""lift_vs_prevalence"": 0.9777777777777777, ""precision"": 0.5555555555555556, ""true_errors"": 5}","{""k"": 5, ""lift_vs_prevalence"": 1.0559999999999998, ""precision"": 0.6, ""true_errors"": 3}",1.0,0.025
-0.07226167677347473,0.36736842105263157,0.4959201414083435,"{""error_rate"": 0.6666666666666666, ""k"": 9, ""true_errors"": 6}",44,25,0.5681818181818182,room0,voxel_semantic,object,spurious_background,"{""k"": 10, ""lift_vs_prevalence"": 0.8799999999999999, ""precision"": 0.5, ""true_errors"": 5}","{""k"": 9, ""lift_vs_prevalence"": 0.7822222222222222, ""precision"": 0.4444444444444444, ""true_errors"": 4}","{""k"": 5, ""lift_vs_prevalence"": 0.704, ""precision"": 0.4, ""true_errors"": 2}",0.6666666666666666,0.025
0.018356056478482152,0.49578947368421056,0.5865378746603004,"{""error_rate"": 0.3333333333333333, ""k"": 9, ""true_errors"": 3}",44,25,0.5681818181818182,room0,fragmentation,object,spurious_background,"{""k"": 10, ""lift_vs_prevalence"": 0.8799999999999999, ""precision"": 0.5, ""true_errors"": 5}","{""k"": 9, ""lift_vs_prevalence"": 0.9777777777777777, ""precision"": 0.5555555555555556, ""true_errors"": 5}","{""k"": 5, ""lift_vs_prevalence"": 1.0559999999999998, ""precision"": 0.6, ""true_errors"": 3}",1.6666666666666667,0.025
-0.0683769444638091,0.2968421052631579,0.49980487371800913,"{""error_rate"": 0.6666666666666666, ""k"": 9, ""true_errors"": 6}",44,25,0.5681818181818182,room0,duplicate_incident,object,spurious_background,"{""k"": 10, ""lift_vs_prevalence"": 0.5279999999999999, ""precision"": 0.3, ""true_errors"": 3}","{""k"": 9, ""lift_vs_prevalence"": 0.5866666666666666, ""precision"": 0.3333333333333333, ""true_errors"": 3}","{""k"": 5, ""lift_vs_prevalence"": 0.704, ""precision"": 0.4, ""true_errors"": 2}",0.5,0.025
-0.05633275895732559,0.3589473684210527,0.5118490592244926,"{""error_rate"": 0.6666666666666666, ""k"": 9, ""true_errors"": 6}",44,25,0.5681818181818182,room0,combined,object,spurious_background,"{""k"": 10, ""lift_vs_prevalence"": 0.8799999999999999, ""precision"": 0.5, ""true_errors"": 5}","{""k"": 9, ""lift_vs_prevalence"": 0.7822222222222222, ""precision"": 0.4444444444444444, ""true_errors"": 4}","{""k"": 5, ""lift_vs_prevalence"": 1.0559999999999998, ""precision"": 0.6, ""true_errors"": 3}",0.6666666666666666,0.025
,,,"{""error_rate"": 1.0, ""k"": 2, ""true_errors"": 2}",6,6,1.0,room0,pair_r1,pair_candidate,false_split_pair,"{""k"": 6, ""lift_vs_prevalence"": 1.0, ""precision"": 1.0, ""true_errors"": 6}","{""k"": 2, ""lift_vs_prevalence"": 1.0, ""precision"": 1.0, ""true_errors"": 2}","{""k"": 5, ""lift_vs_prevalence"": 1.0, ""precision"": 1.0, ""true_errors"": 5}",1.0,0.025
,,,"{""error_rate"": 1.0, ""k"": 2, ""true_errors"": 2}",6,6,1.0,room0,pair_r2,pair_candidate,false_split_pair,"{""k"": 6, ""lift_vs_prevalence"": 1.0, ""precision"": 1.0, ""true_errors"": 6}","{""k"": 2, ""lift_vs_prevalence"": 1.0, ""precision"": 1.0, ""true_errors"": 2}","{""k"": 5, ""lift_vs_prevalence"": 1.0, ""precision"": 1.0, ""true_errors"": 5}",1.0,0.025
0.02051926688500283,0.5731818181818182,0.6582004263052926,"{""error_rate"": 0.35714285714285715, ""k"": 14, ""true_errors"": 5}",69,44,0.6376811594202898,room0,nonspatial,object,mask_any,"{""k"": 10, ""lift_vs_prevalence"": 0.9409090909090909, ""precision"": 0.6, ""true_errors"": 6}","{""k"": 14, ""lift_vs_prevalence"": 1.0081168831168832, ""precision"": 0.6428571428571429, ""true_errors"": 9}","{""k"": 5, ""lift_vs_prevalence"": 0.9409090909090909, ""precision"": 0.6, ""true_errors"": 3}",1.8,0.05
-0.015354898551861562,0.4922727272727272,0.6223262608684282,"{""error_rate"": 0.7142857142857143, ""k"": 14, ""true_errors"": 10}",69,44,0.6376811594202898,room0,voxel_semantic,object,mask_any,"{""k"": 10, ""lift_vs_prevalence"": 0.9409090909090909, ""precision"": 0.6, ""true_errors"": 6}","{""k"": 14, ""lift_vs_prevalence"": 1.0081168831168832, ""precision"": 0.6428571428571429, ""true_errors"": 9}","{""k"": 5, ""lift_vs_prevalence"": 0.6272727272727273, ""precision"": 0.4, ""true_errors"": 2}",0.9,0.05
-0.012408243929983076,0.4827272727272727,0.6252729154903067,"{""error_rate"": 0.5714285714285714, ""k"": 14, ""true_errors"": 8}",69,44,0.6376811594202898,room0,fragmentation,object,mask_any,"{""k"": 10, ""lift_vs_prevalence"": 1.0977272727272727, ""precision"": 0.7, ""true_errors"": 7}","{""k"": 14, ""lift_vs_prevalence"": 1.2321428571428572, ""precision"": 0.7857142857142857, ""true_errors"": 11}","{""k"": 5, ""lift_vs_prevalence"": 0.9409090909090909, ""precision"": 0.6, ""true_errors"": 3}",1.375,0.05
-0.01360334936376073,0.45636363636363636,0.6240778100565291,"{""error_rate"": 0.7857142857142857, ""k"": 14, ""true_errors"": 11}",69,44,0.6376811594202898,room0,duplicate_incident,object,mask_any,"{""k"": 10, ""lift_vs_prevalence"": 1.0977272727272727, ""precision"": 0.7, ""true_errors"": 7}","{""k"": 14, ""lift_vs_prevalence"": 1.0081168831168832, ""precision"": 0.6428571428571429, ""true_errors"": 9}","{""k"": 5, ""lift_vs_prevalence"": 0.6272727272727273, ""precision"": 0.4, ""true_errors"": 2}",0.8181818181818182,0.05
-0.05082077512197092,0.4177272727272727,0.5868603842983189,"{""error_rate"": 0.7857142857142857, ""k"": 14, ""true_errors"": 11}",69,44,0.6376811594202898,room0,combined,object,mask_any,"{""k"": 10, ""lift_vs_prevalence"": 0.6272727272727273, ""precision"": 0.4, ""true_errors"": 4}","{""k"": 14, ""lift_vs_prevalence"": 0.7840909090909092, ""precision"": 0.5, ""true_errors"": 7}","{""k"": 5, ""lift_vs_prevalence"": 0.31363636363636366, ""precision"": 0.2, ""true_errors"": 1}",0.6363636363636364,0.05
0.15027457453593407,0.702037351443124,0.5995499368547746,"{""error_rate"": 0.14285714285714285, ""k"": 14, ""true_errors"": 2}",69,31,0.4492753623188406,room0,nonspatial,object,mask_repeated,"{""k"": 10, ""lift_vs_prevalence"": 1.335483870967742, ""precision"": 0.6, ""true_errors"": 6}","{""k"": 14, ""lift_vs_prevalence"": 1.4308755760368665, ""precision"": 0.6428571428571429, ""true_errors"": 9}","{""k"": 5, ""lift_vs_prevalence"": 1.335483870967742, ""precision"": 0.6, ""true_errors"": 3}",4.500000000000001,0.05
0.017324964248226382,0.5237691001697793,0.46660032656706696,"{""error_rate"": 0.5, ""k"": 14, ""true_errors"": 7}",69,31,0.4492753623188406,room0,voxel_semantic,object,mask_repeated,"{""k"": 10, ""lift_vs_prevalence"": 0.8903225806451613, ""precision"": 0.4, ""true_errors"": 4}","{""k"": 14, ""lift_vs_prevalence"": 1.1129032258064515, ""precision"": 0.5, ""true_errors"": 7}","{""k"": 5, ""lift_vs_prevalence"": 0.8903225806451613, ""precision"": 0.4, ""true_errors"": 2}",1.0,0.05
-0.008685634141454679,0.4923599320882852,0.4405897281773859,"{""error_rate"": 0.2857142857142857, ""k"": 14, ""true_errors"": 4}",69,31,0.4492753623188406,room0,fragmentation,object,mask_repeated,"{""k"": 10, ""lift_vs_prevalence"": 1.335483870967742, ""precision"": 0.6, ""true_errors"": 6}","{""k"": 14, ""lift_vs_prevalence"": 1.5898617511520738, ""precision"": 0.7142857142857143, ""true_errors"": 10}","{""k"": 5, ""lift_vs_prevalence"": 0.8903225806451613, ""precision"": 0.4, ""true_errors"": 2}",2.5,0.05
-0.08020871653765504,0.3671477079796265,0.36906664578118553,"{""error_rate"": 0.5714285714285714, ""k"": 14, ""true_errors"": 8}",69,31,0.4492753623188406,room0,duplicate_incident,object,mask_repeated,"{""k"": 10, ""lift_vs_prevalence"": 0.667741935483871, ""precision"": 0.3, ""true_errors"": 3}","{""k"": 14, ""lift_vs_prevalence"": 0.6359447004608295, ""precision"": 0.2857142857142857, ""true_errors"": 4}","{""k"": 5, ""lift_vs_prevalence"": 0.0, ""precision"": 0.0, ""true_errors"": 0}",0.5,0.05
-0.04322107116056695,0.41765704584040747,0.40605429115827363,"{""error_rate"": 0.6428571428571429, ""k"": 14, ""true_errors"": 9}",69,31,0.4492753623188406,room0,combined,object,mask_repeated,"{""k"": 10, ""lift_vs_prevalence"": 0.667741935483871, ""precision"": 0.3, ""true_errors"": 3}","{""k"": 14, ""lift_vs_prevalence"": 0.4769585253456221, ""precision"": 0.21428571428571427, ""true_errors"": 3}","{""k"": 5, ""lift_vs_prevalence"": 0.0, ""precision"": 0.0, ""true_errors"": 0}",0.3333333333333333,0.05
0.14892254911374775,0.6923076923076923,0.5837051578093999,"{""error_rate"": 0.14285714285714285, ""k"": 14, ""true_errors"": 2}",69,30,0.43478260869565216,room0,nonspatial,object,mask_severe,"{""k"": 10, ""lift_vs_prevalence"": 1.38, ""precision"": 0.6, ""true_errors"": 6}","{""k"": 14, ""lift_vs_prevalence"": 1.4785714285714286, ""precision"": 0.6428571428571429, ""true_errors"": 9}","{""k"": 5, ""lift_vs_prevalence"": 1.38, ""precision"": 0.6, ""true_errors"": 3}",4.500000000000001,0.05
0.026389648430581503,0.5329059829059829,0.46117225712623366,"{""error_rate"": 0.5, ""k"": 14, ""true_errors"": 7}",69,30,0.43478260869565216,room0,voxel_semantic,object,mask_severe,"{""k"": 10, ""lift_vs_prevalence"": 0.92, ""precision"": 0.4, ""true_errors"": 4}","{""k"": 14, ""lift_vs_prevalence"": 1.1500000000000001, ""precision"": 0.5, ""true_errors"": 7}","{""k"": 5, ""lift_vs_prevalence"": 0.92, ""precision"": 0.4, ""true_errors"": 2}",1.0,0.05
-0.0075258799171842305,0.49529914529914537,0.42725672877846793,"{""error_rate"": 0.2857142857142857, ""k"": 14, ""true_errors"": 4}",69,30,0.43478260869565216,room0,fragmentation,object,mask_severe,"{""k"": 10, ""lift_vs_prevalence"": 1.38, ""precision"": 0.6, ""true_errors"": 6}","{""k"": 14, ""lift_vs_prevalence"": 1.642857142857143, ""precision"": 0.7142857142857143, ""true_errors"": 10}","{""k"": 5, ""lift_vs_prevalence"": 0.92, ""precision"": 0.4, ""true_errors"": 2}",2.5,0.05
-0.07427661675712899,0.3747863247863248,0.3605059919385232,"{""error_rate"": 0.5714285714285714, ""k"": 14, ""true_errors"": 8}",69,30,0.43478260869565216,room0,duplicate_incident,object,mask_severe,"{""k"": 10, ""lift_vs_prevalence"": 0.69, ""precision"": 0.3, ""true_errors"": 3}","{""k"": 14, ""lift_vs_prevalence"": 0.6571428571428571, ""precision"": 0.2857142857142857, ""true_errors"": 4}","{""k"": 5, ""lift_vs_prevalence"": 0.0, ""precision"": 0.0, ""true_errors"": 0}",0.5,0.05
-0.03259008115991996,0.4354700854700855,0.4021925275357322,"{""error_rate"": 0.5714285714285714, ""k"": 14, ""true_errors"": 8}",69,30,0.43478260869565216,room0,combined,object,mask_severe,"{""k"": 10, ""lift_vs_prevalence"": 0.69, ""precision"": 0.3, ""true_errors"": 3}","{""k"": 14, ""lift_vs_prevalence"": 0.4928571428571428, ""precision"": 0.21428571428571427, ""true_errors"": 3}","{""k"": 5, ""lift_vs_prevalence"": 0.0, ""precision"": 0.0, ""true_errors"": 0}",0.375,0.05
-0.11753410214257087,0.31264367816091954,0.5415568069483382,"{""error_rate"": 0.6666666666666666, ""k"": 9, ""true_errors"": 6}",44,29,0.6590909090909091,room0,nonspatial,object,association_loose,"{""k"": 10, ""lift_vs_prevalence"": 0.606896551724138, ""precision"": 0.4, ""true_errors"": 4}","{""k"": 9, ""lift_vs_prevalence"": 0.5057471264367817, ""precision"": 0.3333333333333333, ""true_errors"": 3}","{""k"": 5, ""lift_vs_prevalence"": 0.303448275862069, ""precision"": 0.2, ""true_errors"": 1}",0.5,0.05
-0.08764811713758558,0.35402298850574715,0.5714427919533235,"{""error_rate"": 0.7777777777777778, ""k"": 9, ""true_errors"": 7}",44,29,0.6590909090909091,room0,voxel_semantic,object,association_loose,"{""k"": 10, ""lift_vs_prevalence"": 0.7586206896551725, ""precision"": 0.5, ""true_errors"": 5}","{""k"": 9, ""lift_vs_prevalence"": 0.8429118773946361, ""precision"": 0.5555555555555556, ""true_errors"": 5}","{""k"": 5, ""lift_vs_prevalence"": 0.303448275862069, ""precision"": 0.2, ""true_errors"": 1}",0.7142857142857143,0.05
0.03526645768025072,0.5218390804597701,0.6943573667711598,"{""error_rate"": 0.7777777777777778, ""k"": 9, ""true_errors"": 7}",44,29,0.6590909090909091,room0,fragmentation,object,association_loose,"{""k"": 10, ""lift_vs_prevalence"": 1.213793103448276, ""precision"": 0.8, ""true_errors"": 8}","{""k"": 9, ""lift_vs_prevalence"": 1.3486590038314177, ""precision"": 0.8888888888888888, ""true_errors"": 8}","{""k"": 5, ""lift_vs_prevalence"": 1.213793103448276, ""precision"": 0.8, ""true_errors"": 4}",1.1428571428571428,0.05
-0.018308601727385798,0.4666666666666667,0.6407823073635233,"{""error_rate"": 0.7777777777777778, ""k"": 9, ""true_errors"": 7}",44,29,0.6590909090909091,room0,duplicate_incident,object,association_loose,"{""k"": 10, ""lift_vs_prevalence"": 0.9103448275862069, ""precision"": 0.6, ""true_errors"": 6}","{""k"": 9, ""lift_vs_prevalence"": 0.8429118773946361, ""precision"": 0.5555555555555556, ""true_errors"": 5}","{""k"": 5, ""lift_vs_prevalence"": 0.606896551724138, ""precision"": 0.4, ""true_errors"": 2}",0.7142857142857143,0.05
-0.08187021697561436,0.32413793103448274,0.5772206921152947,"{""error_rate"": 1.0, ""k"": 9, ""true_errors"": 9}",44,29,0.6590909090909091,room0,combined,object,association_loose,"{""k"": 10, ""lift_vs_prevalence"": 0.7586206896551725, ""precision"": 0.5, ""true_errors"": 5}","{""k"": 9, ""lift_vs_prevalence"": 0.6743295019157088, ""precision"": 0.4444444444444444, ""true_errors"": 4}","{""k"": 5, ""lift_vs_prevalence"": 0.303448275862069, ""precision"": 0.2, ""true_errors"": 1}",0.4444444444444444,0.05
-0.10809757066316805,0.326797385620915,0.5055387929731956,"{""error_rate"": 0.6666666666666666, ""k"": 9, ""true_errors"": 6}",44,27,0.6136363636363636,room0,nonspatial,object,association_repeated,"{""k"": 10, ""lift_vs_prevalence"": 0.6518518518518519, ""precision"": 0.4, ""true_errors"": 4}","{""k"": 9, ""lift_vs_prevalence"": 0.5432098765432098, ""precision"": 0.3333333333333333, ""true_errors"": 3}","{""k"": 5, ""lift_vs_prevalence"": 0.32592592592592595, ""precision"": 0.2, ""true_errors"": 1}",0.5,0.05
-0.08800702442138852,0.36274509803921573,0.5256293392149751,"{""error_rate"": 0.6666666666666666, ""k"": 9, ""true_errors"": 6}",44,27,0.6136363636363636,room0,voxel_semantic,object,association_repeated,"{""k"": 10, ""lift_vs_prevalence"": 0.6518518518518519, ""precision"": 0.4, ""true_errors"": 4}","{""k"": 9, ""lift_vs_prevalence"": 0.7242798353909464, ""precision"": 0.4444444444444444, ""true_errors"": 4}","{""k"": 5, ""lift_vs_prevalence"": 0.32592592592592595, ""precision"": 0.2, ""true_errors"": 1}",0.6666666666666666,0.05
0.042929292929292706,0.5294117647058824,0.6565656565656564,"{""error_rate"": 0.7777777777777778, ""k"": 9, ""true_errors"": 7}",44,27,0.6136363636363636,room0,fragmentation,object,association_repeated,"{""k"": 10, ""lift_vs_prevalence"": 1.1407407407407406, ""precision"": 0.7, ""true_errors"": 7}","{""k"": 9, ""lift_vs_prevalence"": 1.2674897119341564, ""precision"": 0.7777777777777778, ""true_errors"": 7}","{""k"": 5, ""lift_vs_prevalence"": 1.3037037037037038, ""precision"": 0.8, ""true_errors"": 4}",1.0,0.05
-0.016911104381864495,0.4651416122004357,0.5967252592544992,"{""error_rate"": 0.6666666666666666, ""k"": 9, ""true_errors"": 6}",44,27,0.6136363636363636,room0,duplicate_incident,object,association_repeated,"{""k"": 10, ""lift_vs_prevalence"": 0.8148148148148148, ""precision"": 0.5, ""true_errors"": 5}","{""k"": 9, ""lift_vs_prevalence"": 0.7242798353909464, ""precision"": 0.4444444444444444, ""true_errors"": 4}","{""k"": 5, ""lift_vs_prevalence"": 0.6518518518518519, ""precision"": 0.4, ""true_errors"": 2}",0.6666666666666666,0.05
-0.08331766709264854,0.33986928104575165,0.5303186965437151,"{""error_rate"": 0.8888888888888888, ""k"": 9, ""true_errors"": 8}",44,27,0.6136363636363636,room0,combined,object,association_repeated,"{""k"": 10, ""lift_vs_prevalence"": 0.6518518518518519, ""precision"": 0.4, ""true_errors"": 4}","{""k"": 9, ""lift_vs_prevalence"": 0.5432098765432098, ""precision"": 0.3333333333333333, ""true_errors"": 3}","{""k"": 5, ""lift_vs_prevalence"": 0.32592592592592595, ""precision"": 0.2, ""true_errors"": 1}",0.375,0.05
-0.10809757066316805,0.326797385620915,0.5055387929731956,"{""error_rate"": 0.6666666666666666, ""k"": 9, ""true_errors"": 6}",44,27,0.6136363636363636,room0,nonspatial,object,overmerge_repeated,"{""k"": 10, ""lift_vs_prevalence"": 0.6518518518518519, ""precision"": 0.4, ""true_errors"": 4}","{""k"": 9, ""lift_vs_prevalence"": 0.5432098765432098, ""precision"": 0.3333333333333333, ""true_errors"": 3}","{""k"": 5, ""lift_vs_prevalence"": 0.32592592592592595, ""precision"": 0.2, ""true_errors"": 1}",0.5,0.05
-0.08800702442138852,0.36274509803921573,0.5256293392149751,"{""error_rate"": 0.6666666666666666, ""k"": 9, ""true_errors"": 6}",44,27,0.6136363636363636,room0,voxel_semantic,object,overmerge_repeated,"{""k"": 10, ""lift_vs_prevalence"": 0.6518518518518519, ""precision"": 0.4, ""true_errors"": 4}","{""k"": 9, ""lift_vs_prevalence"": 0.7242798353909464, ""precision"": 0.4444444444444444, ""true_errors"": 4}","{""k"": 5, ""lift_vs_prevalence"": 0.32592592592592595, ""precision"": 0.2, ""true_errors"": 1}",0.6666666666666666,0.05
0.042929292929292706,0.5294117647058824,0.6565656565656564,"{""error_rate"": 0.7777777777777778, ""k"": 9, ""true_errors"": 7}",44,27,0.6136363636363636,room0,fragmentation,object,overmerge_repeated,"{""k"": 10, ""lift_vs_prevalence"": 1.1407407407407406, ""precision"": 0.7, ""true_errors"": 7}","{""k"": 9, ""lift_vs_prevalence"": 1.2674897119341564, ""precision"": 0.7777777777777778, ""true_errors"": 7}","{""k"": 5, ""lift_vs_prevalence"": 1.3037037037037038, ""precision"": 0.8, ""true_errors"": 4}",1.0,0.05
-0.016911104381864495,0.4651416122004357,0.5967252592544992,"{""error_rate"": 0.6666666666666666, ""k"": 9, ""true_errors"": 6}",44,27,0.6136363636363636,room0,duplicate_incident,object,overmerge_repeated,"{""k"": 10, ""lift_vs_prevalence"": 0.8148148148148148, ""precision"": 0.5, ""true_errors"": 5}","{""k"": 9, ""lift_vs_prevalence"": 0.7242798353909464, ""precision"": 0.4444444444444444, ""true_errors"": 4}","{""k"": 5, ""lift_vs_prevalence"": 0.6518518518518519, ""precision"": 0.4, ""true_errors"": 2}",0.6666666666666666,0.05
-0.08331766709264854,0.33986928104575165,0.5303186965437151,"{""error_rate"": 0.8888888888888888, ""k"": 9, ""true_errors"": 8}",44,27,0.6136363636363636,room0,combined,object,overmerge_repeated,"{""k"": 10, ""lift_vs_prevalence"": 0.6518518518518519, ""precision"": 0.4, ""true_errors"": 4}","{""k"": 9, ""lift_vs_prevalence"": 0.5432098765432098, ""precision"": 0.3333333333333333, ""true_errors"": 3}","{""k"": 5, ""lift_vs_prevalence"": 0.32592592592592595, ""precision"": 0.2, ""true_errors"": 1}",0.375,0.05
0.14034075182427933,0.6143867924528302,0.3722248097952938,"{""error_rate"": 0.14285714285714285, ""k"": 14, ""true_errors"": 2}",69,16,0.2318840579710145,room0,nonspatial,object,split_incident,"{""k"": 10, ""lift_vs_prevalence"": 0.8625, ""precision"": 0.2, ""true_errors"": 2}","{""k"": 14, ""lift_vs_prevalence"": 1.232142857142857, ""precision"": 0.2857142857142857, ""true_errors"": 4}","{""k"": 5, ""lift_vs_prevalence"": 1.725, ""precision"": 0.4, ""true_errors"": 2}",2.0,0.05
0.08264054983270244,0.5672169811320755,0.31452460780371694,"{""error_rate"": 0.14285714285714285, ""k"": 14, ""true_errors"": 2}",69,16,0.2318840579710145,room0,voxel_semantic,object,split_incident,"{""k"": 10, ""lift_vs_prevalence"": 1.725, ""precision"": 0.4, ""true_errors"": 4}","{""k"": 14, ""lift_vs_prevalence"": 1.5401785714285714, ""precision"": 0.35714285714285715, ""true_errors"": 5}","{""k"": 5, ""lift_vs_prevalence"": 2.5875, ""precision"": 0.6, ""true_errors"": 3}",2.5,0.05
-0.00556418219461699,0.47110849056603776,0.2263198757763975,"{""error_rate"": 0.21428571428571427, ""k"": 14, ""true_errors"": 3}",69,16,0.2318840579710145,room0,fragmentation,object,split_incident,"{""k"": 10, ""lift_vs_prevalence"": 0.8625, ""precision"": 0.2, ""true_errors"": 2}","{""k"": 14, ""lift_vs_prevalence"": 1.232142857142857, ""precision"": 0.2857142857142857, ""true_errors"": 4}","{""k"": 5, ""lift_vs_prevalence"": 0.0, ""precision"": 0.0, ""true_errors"": 0}",1.3333333333333333,0.05
0.06628943323693418,0.6214622641509435,0.29817349120794867,"{""error_rate"": 0.21428571428571427, ""k"": 14, ""true_errors"": 3}",69,16,0.2318840579710145,room0,duplicate_incident,object,split_incident,"{""k"": 10, ""lift_vs_prevalence"": 0.8625, ""precision"": 0.2, ""true_errors"": 2}","{""k"": 14, ""lift_vs_prevalence"": 1.232142857142857, ""precision"": 0.2857142857142857, ""true_errors"": 4}","{""k"": 5, ""lift_vs_prevalence"": 0.0, ""precision"": 0.0, ""true_errors"": 0}",1.3333333333333333,0.05
0.04428312230807627,0.5660377358490565,0.27616718027909076,"{""error_rate"": 0.07142857142857142, ""k"": 14, ""true_errors"": 1}",69,16,0.2318840579710145,room0,combined,object,split_incident,"{""k"": 10, ""lift_vs_prevalence"": 1.29375, ""precision"": 0.3, ""true_errors"": 3}","{""k"": 14, ""lift_vs_prevalence"": 1.232142857142857, ""precision"": 0.2857142857142857, ""true_errors"": 4}","{""k"": 5, ""lift_vs_prevalence"": 0.8625, ""precision"": 0.2, ""true_errors"": 1}",4.0,0.05
0.10827779491524692,0.7112369337979094,0.7024806934659715,"{""error_rate"": 0.2857142857142857, ""k"": 14, ""true_errors"": 4}",69,41,0.5942028985507246,room0,nonspatial,object,merge_membership_repeated,"{""k"": 10, ""lift_vs_prevalence"": 1.1780487804878048, ""precision"": 0.7, ""true_errors"": 7}","{""k"": 14, ""lift_vs_prevalence"": 1.202090592334495, ""precision"": 0.7142857142857143, ""true_errors"": 10}","{""k"": 5, ""lift_vs_prevalence"": 1.0097560975609756, ""precision"": 0.6, ""true_errors"": 3}",2.5,0.05
-0.05562617077136056,0.4285714285714286,0.538576727779364,"{""error_rate"": 0.6428571428571429, ""k"": 14, ""true_errors"": 9}",69,41,0.5942028985507246,room0,voxel_semantic,object,merge_membership_repeated,"{""k"": 10, ""lift_vs_prevalence"": 0.6731707317073171, ""precision"": 0.4, ""true_errors"": 4}","{""k"": 14, ""lift_vs_prevalence"": 0.8414634146341464, ""precision"": 0.5, ""true_errors"": 7}","{""k"": 5, ""lift_vs_prevalence"": 0.6731707317073171, ""precision"": 0.4, ""true_errors"": 2}",0.7777777777777777,0.05
-0.015984951774983602,0.4899825783972126,0.578217946775741,"{""error_rate"": 0.42857142857142855, ""k"": 14, ""true_errors"": 6}",69,41,0.5942028985507246,room0,fragmentation,object,merge_membership_repeated,"{""k"": 10, ""lift_vs_prevalence"": 1.1780487804878048, ""precision"": 0.7, ""true_errors"": 7}","{""k"": 14, ""lift_vs_prevalence"": 1.3222996515679444, ""precision"": 0.7857142857142857, ""true_errors"": 11}","{""k"": 5, ""lift_vs_prevalence"": 0.6731707317073171, ""precision"": 0.4, ""true_errors"": 2}",1.8333333333333335,0.05
-0.10091130481390326,0.34668989547038326,0.49329159373682135,"{""error_rate"": 0.7142857142857143, ""k"": 14, ""true_errors"": 10}",69,41,0.5942028985507246,room0,duplicate_incident,object,merge_membership_repeated,"{""k"": 10, ""lift_vs_prevalence"": 0.5048780487804878, ""precision"": 0.3, ""true_errors"": 3}","{""k"": 14, ""lift_vs_prevalence"": 0.4808362369337979, ""precision"": 0.2857142857142857, ""true_errors"": 4}","{""k"": 5, ""lift_vs_prevalence"": 0.0, ""precision"": 0.0, ""true_errors"": 0}",0.39999999999999997,0.05
-0.10136457505217034,0.32186411149825783,0.4928383234985543,"{""error_rate"": 0.7857142857142857, ""k"": 14, ""true_errors"": 11}",69,41,0.5942028985507246,room0,combined,object,merge_membership_repeated,"{""k"": 10, ""lift_vs_prevalence"": 0.5048780487804878, ""precision"": 0.3, ""true_errors"": 3}","{""k"": 14, ""lift_vs_prevalence"": 0.3606271777003484, ""precision"": 0.21428571428571427, ""true_errors"": 3}","{""k"": 5, ""lift_vs_prevalence"": 0.0, ""precision"": 0.0, ""true_errors"": 0}",0.2727272727272727,0.05
0.13154685722827686,0.7199074074074074,0.7837207702717551,"{""error_rate"": 0.35714285714285715, ""k"": 14, ""true_errors"": 5}",69,45,0.6521739130434783,room0,nonspatial,object,unified_repeated,"{""k"": 10, ""lift_vs_prevalence"": 1.2266666666666668, ""precision"": 0.8, ""true_errors"": 8}","{""k"": 14, ""lift_vs_prevalence"": 1.2047619047619047, ""precision"": 0.7857142857142857, ""true_errors"": 11}","{""k"": 5, ""lift_vs_prevalence"": 1.2266666666666668, ""precision"": 0.8, ""true_errors"": 4}",2.1999999999999997,0.05
-0.03623002578302359,0.4476851851851852,0.6159438872604547,"{""error_rate"": 0.7142857142857143, ""k"": 14, ""true_errors"": 10}",69,45,0.6521739130434783,room0,voxel_semantic,object,unified_repeated,"{""k"": 10, ""lift_vs_prevalence"": 0.9199999999999999, ""precision"": 0.6, ""true_errors"": 6}","{""k"": 14, ""lift_vs_prevalence"": 0.9857142857142858, ""precision"": 0.6428571428571429, ""true_errors"": 9}","{""k"": 5, ""lift_vs_prevalence"": 0.9199999999999999, ""precision"": 0.6, ""true_errors"": 3}",0.9,0.05
-0.01971704623878545,0.47638888888888886,0.6324568668046928,"{""error_rate"": 0.5, ""k"": 14, ""true_errors"": 7}",69,45,0.6521739130434783,room0,fragmentation,object,unified_repeated,"{""k"": 10, ""lift_vs_prevalence"": 1.0733333333333333, ""precision"": 0.7, ""true_errors"": 7}","{""k"": 14, ""lift_vs_prevalence"": 1.2047619047619047, ""precision"": 0.7857142857142857, ""true_errors"": 11}","{""k"": 5, ""lift_vs_prevalence"": 0.6133333333333334, ""precision"": 0.4, ""true_errors"": 2}",1.5714285714285714,0.05
-0.08128567803442355,0.39675925925925926,0.5708882350090547,"{""error_rate"": 0.7142857142857143, ""k"": 14, ""true_errors"": 10}",69,45,0.6521739130434783,room0,duplicate_incident,object,unified_repeated,"{""k"": 10, ""lift_vs_prevalence"": 0.45999999999999996, ""precision"": 0.3, ""true_errors"": 3}","{""k"": 14, ""lift_vs_prevalence"": 0.6571428571428571, ""precision"": 0.42857142857142855, ""true_errors"": 6}","{""k"": 5, ""lift_vs_prevalence"": 0.0, ""precision"": 0.0, ""true_errors"": 0}",0.6,0.05
-0.09715421547933667,0.3310185185185185,0.5550196975641416,"{""error_rate"": 0.7857142857142857, ""k"": 14, ""true_errors"": 11}",69,45,0.6521739130434783,room0,combined,object,unified_repeated,"{""k"": 10, ""lift_vs_prevalence"": 0.6133333333333334, ""precision"": 0.4, ""true_errors"": 4}","{""k"": 14, ""lift_vs_prevalence"": 0.5476190476190477, ""precision"": 0.35714285714285715, ""true_errors"": 5}","{""k"": 5, ""lift_vs_prevalence"": 0.3066666666666667, ""precision"": 0.2, ""true_errors"": 1}",0.4545454545454546,0.05
0.16188132348919881,0.8490566037735849,0.9299972655181843,"{""error_rate"": 0.5714285714285714, ""k"": 14, ""true_errors"": 8}",69,53,0.7681159420289855,room0,nonspatial,object,unified_plus_spurious,"{""k"": 10, ""lift_vs_prevalence"": 1.3018867924528303, ""precision"": 1.0, ""true_errors"": 10}","{""k"": 14, ""lift_vs_prevalence"": 1.3018867924528303, ""precision"": 1.0, ""true_errors"": 14}","{""k"": 5, ""lift_vs_prevalence"": 1.3018867924528303, ""precision"": 1.0, ""true_errors"": 5}",1.75,0.05
-0.012933135567096965,0.504127358490566,0.7551828064618885,"{""error_rate"": 0.7142857142857143, ""k"": 14, ""true_errors"": 10}",69,53,0.7681159420289855,room0,voxel_semantic,object,unified_plus_spurious,"{""k"": 10, ""lift_vs_prevalence"": 0.9113207547169812, ""precision"": 0.7, ""true_errors"": 7}","{""k"": 14, ""lift_vs_prevalence"": 0.9299191374663074, ""precision"": 0.7142857142857143, ""true_errors"": 10}","{""k"": 5, ""lift_vs_prevalence"": 1.0415094339622641, ""precision"": 0.8, ""true_errors"": 4}",1.0,0.05
-0.025491230126176823,0.4369103773584906,0.7426247119028087,"{""error_rate"": 0.7142857142857143, ""k"": 14, ""true_errors"": 10}",69,53,0.7681159420289855,room0,fragmentation,object,unified_plus_spurious,"{""k"": 10, ""lift_vs_prevalence"": 0.9113207547169812, ""precision"": 0.7, ""true_errors"": 7}","{""k"": 14, ""lift_vs_prevalence"": 1.022911051212938, ""precision"": 0.7857142857142857, ""true_errors"": 11}","{""k"": 5, ""lift_vs_prevalence"": 0.5207547169811321, ""precision"": 0.4, ""true_errors"": 2}",1.0999999999999999,0.05
-0.11234282581820898,0.31073113207547165,0.6557731162107765,"{""error_rate"": 0.7857142857142857, ""k"": 14, ""true_errors"": 11}",69,53,0.7681159420289855,room0,duplicate_incident,object,unified_plus_spurious,"{""k"": 10, ""lift_vs_prevalence"": 0.5207547169811321, ""precision"": 0.4, ""true_errors"": 4}","{""k"": 14, ""lift_vs_prevalence"": 0.6509433962264152, ""precision"": 0.5, ""true_errors"": 7}","{""k"": 5, ""lift_vs_prevalence"": 0.26037735849056604, ""precision"": 0.2, ""true_errors"": 1}",0.6363636363636364,0.05
-0.08964278571382212,0.3213443396226415,0.6784731563151634,"{""error_rate"": 0.8571428571428571, ""k"": 14, ""true_errors"": 12}",69,53,0.7681159420289855,room0,combined,object,unified_plus_spurious,"{""k"": 10, ""lift_vs_prevalence"": 0.6509433962264152, ""precision"": 0.5, ""true_errors"": 5}","{""k"": 14, ""lift_vs_prevalence"": 0.5579514824797843, ""precision"": 0.42857142857142855, ""true_errors"": 6}","{""k"": 5, ""lift_vs_prevalence"": 0.5207547169811321, ""precision"": 0.4, ""true_errors"": 2}",0.5,0.05
-0.00017133293871951505,0.5010526315789474,0.5680104852430987,"{""error_rate"": 0.5555555555555556, ""k"": 9, ""true_errors"": 5}",44,25,0.5681818181818182,room0,nonspatial,object,spurious_background,"{""k"": 10, ""lift_vs_prevalence"": 0.8799999999999999, ""precision"": 0.5, ""true_errors"": 5}","{""k"": 9, ""lift_vs_prevalence"": 0.9777777777777777, ""precision"": 0.5555555555555556, ""true_errors"": 5}","{""k"": 5, ""lift_vs_prevalence"": 1.0559999999999998, ""precision"": 0.6, ""true_errors"": 3}",1.0,0.05
-0.09920867174983738,0.3347368421052632,0.46897314643198085,"{""error_rate"": 0.6666666666666666, ""k"": 9, ""true_errors"": 6}",44,25,0.5681818181818182,room0,voxel_semantic,object,spurious_background,"{""k"": 10, ""lift_vs_prevalence"": 0.704, ""precision"": 0.4, ""true_errors"": 4}","{""k"": 9, ""lift_vs_prevalence"": 0.5866666666666666, ""precision"": 0.3333333333333333, ""true_errors"": 3}","{""k"": 5, ""lift_vs_prevalence"": 0.352, ""precision"": 0.2, ""true_errors"": 1}",0.5,0.05
0.021212121212121238,0.48947368421052634,0.5893939393939395,"{""error_rate"": 0.4444444444444444, ""k"": 9, ""true_errors"": 4}",44,25,0.5681818181818182,room0,fragmentation,object,spurious_background,"{""k"": 10, ""lift_vs_prevalence"": 0.8799999999999999, ""precision"": 0.5, ""true_errors"": 5}","{""k"": 9, ""lift_vs_prevalence"": 0.7822222222222222, ""precision"": 0.4444444444444444, ""true_errors"": 4}","{""k"": 5, ""lift_vs_prevalence"": 1.0559999999999998, ""precision"": 0.6, ""true_errors"": 3}",1.0,0.05
-0.06939423736676448,0.3073684210526316,0.49878758081505375,"{""error_rate"": 0.6666666666666666, ""k"": 9, ""true_errors"": 6}",44,25,0.5681818181818182,room0,duplicate_incident,object,spurious_background,"{""k"": 10, ""lift_vs_prevalence"": 0.704, ""precision"": 0.4, ""true_errors"": 4}","{""k"": 9, ""lift_vs_prevalence"": 0.7822222222222222, ""precision"": 0.4444444444444444, ""true_errors"": 4}","{""k"": 5, ""lift_vs_prevalence"": 0.704, ""precision"": 0.4, ""true_errors"": 2}",0.6666666666666666,0.05
-0.08651271373871994,0.30526315789473685,0.4816691044430983,"{""error_rate"": 0.8888888888888888, ""k"": 9, ""true_errors"": 8}",44,25,0.5681818181818182,room0,combined,object,spurious_background,"{""k"": 10, ""lift_vs_prevalence"": 0.704, ""precision"": 0.4, ""true_errors"": 4}","{""k"": 9, ""lift_vs_prevalence"": 0.7822222222222222, ""precision"": 0.4444444444444444, ""true_errors"": 4}","{""k"": 5, ""lift_vs_prevalence"": 0.352, ""precision"": 0.2, ""true_errors"": 1}",0.5,0.05
,,,"{""error_rate"": 1.0, ""k"": 3, ""true_errors"": 3}",12,12,1.0,room0,pair_r1,pair_candidate,false_split_pair,"{""k"": 10, ""lift_vs_prevalence"": 1.0, ""precision"": 1.0, ""true_errors"": 10}","{""k"": 3, ""lift_vs_prevalence"": 1.0, ""precision"": 1.0, ""true_errors"": 3}","{""k"": 5, ""lift_vs_prevalence"": 1.0, ""precision"": 1.0, ""true_errors"": 5}",1.0,0.05
,,,"{""error_rate"": 1.0, ""k"": 3, ""true_errors"": 3}",12,12,1.0,room0,pair_r2,pair_candidate,false_split_pair,"{""k"": 10, ""lift_vs_prevalence"": 1.0, ""precision"": 1.0, ""true_errors"": 10}","{""k"": 3, ""lift_vs_prevalence"": 1.0, ""precision"": 1.0, ""true_errors"": 3}","{""k"": 5, ""lift_vs_prevalence"": 1.0, ""precision"": 1.0, ""true_errors"": 5}",1.0,0.05
0.02051926688500283,0.5731818181818182,0.6582004263052926,"{""error_rate"": 0.35714285714285715, ""k"": 14, ""true_errors"": 5}",69,44,0.6376811594202898,room0,nonspatial,object,mask_any,"{""k"": 10, ""lift_vs_prevalence"": 0.9409090909090909, ""precision"": 0.6, ""true_errors"": 6}","{""k"": 14, ""lift_vs_prevalence"": 1.0081168831168832, ""precision"": 0.6428571428571429, ""true_errors"": 9}","{""k"": 5, ""lift_vs_prevalence"": 0.9409090909090909, ""precision"": 0.6, ""true_errors"": 3}",1.8,0.1
-0.025119465414495945,0.4931818181818182,0.6125616940057939,"{""error_rate"": 0.6428571428571429, ""k"": 14, ""true_errors"": 9}",69,44,0.6376811594202898,room0,voxel_semantic,object,mask_any,"{""k"": 10, ""lift_vs_prevalence"": 0.7840909090909092, ""precision"": 0.5, ""true_errors"": 5}","{""k"": 14, ""lift_vs_prevalence"": 0.7840909090909092, ""precision"": 0.5, ""true_errors"": 7}","{""k"": 5, ""lift_vs_prevalence"": 0.6272727272727273, ""precision"": 0.4, ""true_errors"": 2}",0.7777777777777777,0.1
0.0,0.5,0.6376811594202898,"{""error_rate"": 0.5, ""k"": 14, ""true_errors"": 7}",69,44,0.6376811594202898,room0,fragmentation,object,mask_any,"{""k"": 10, ""lift_vs_prevalence"": 1.0977272727272727, ""precision"": 0.7, ""true_errors"": 7}","{""k"": 14, ""lift_vs_prevalence"": 1.2321428571428572, ""precision"": 0.7857142857142857, ""true_errors"": 11}","{""k"": 5, ""lift_vs_prevalence"": 1.5681818181818183, ""precision"": 1.0, ""true_errors"": 5}",1.5714285714285714,0.1
0.05045477694980094,0.5127272727272727,0.6881359363700907,"{""error_rate"": 0.6428571428571429, ""k"": 14, ""true_errors"": 9}",69,44,0.6376811594202898,room0,duplicate_incident,object,mask_any,"{""k"": 10, ""lift_vs_prevalence"": 1.0977272727272727, ""precision"": 0.7, ""true_errors"": 7}","{""k"": 14, ""lift_vs_prevalence"": 1.0081168831168832, ""precision"": 0.6428571428571429, ""true_errors"": 9}","{""k"": 5, ""lift_vs_prevalence"": 1.2545454545454546, ""precision"": 0.8, ""true_errors"": 4}",1.0,0.1
-0.012107602893566938,0.4922727272727272,0.6255735565267229,"{""error_rate"": 0.7142857142857143, ""k"": 14, ""true_errors"": 10}",69,44,0.6376811594202898,room0,combined,object,mask_any,"{""k"": 10, ""lift_vs_prevalence"": 0.9409090909090909, ""precision"": 0.6, ""true_errors"": 6}","{""k"": 14, ""lift_vs_prevalence"": 1.0081168831168832, ""precision"": 0.6428571428571429, ""true_errors"": 9}","{""k"": 5, ""lift_vs_prevalence"": 0.6272727272727273, ""precision"": 0.4, ""true_errors"": 2}",0.9,0.1
0.15027457453593407,0.702037351443124,0.5995499368547746,"{""error_rate"": 0.14285714285714285, ""k"": 14, ""true_errors"": 2}",69,31,0.4492753623188406,room0,nonspatial,object,mask_repeated,"{""k"": 10, ""lift_vs_prevalence"": 1.335483870967742, ""precision"": 0.6, ""true_errors"": 6}","{""k"": 14, ""lift_vs_prevalence"": 1.4308755760368665, ""precision"": 0.6428571428571429, ""true_errors"": 9}","{""k"": 5, ""lift_vs_prevalence"": 1.335483870967742, ""precision"": 0.6, ""true_errors"": 3}",4.500000000000001,0.1
-0.014377255889783891,0.5033955857385399,0.4348981064290567,"{""error_rate"": 0.42857142857142855, ""k"": 14, ""true_errors"": 6}",69,31,0.4492753623188406,room0,voxel_semantic,object,mask_repeated,"{""k"": 10, ""lift_vs_prevalence"": 0.667741935483871, ""precision"": 0.3, ""true_errors"": 3}","{""k"": 14, ""lift_vs_prevalence"": 0.7949308755760369, ""precision"": 0.35714285714285715, ""true_errors"": 5}","{""k"": 5, ""lift_vs_prevalence"": 0.44516129032258067, ""precision"": 0.2, ""true_errors"": 1}",0.8333333333333334,0.1
0.0,0.5,0.4492753623188406,"{""error_rate"": 0.21428571428571427, ""k"": 14, ""true_errors"": 3}",69,31,0.4492753623188406,room0,fragmentation,object,mask_repeated,"{""k"": 10, ""lift_vs_prevalence"": 1.558064516129032, ""precision"": 0.7, ""true_errors"": 7}","{""k"": 14, ""lift_vs_prevalence"": 1.7488479262672811, ""precision"": 0.7857142857142857, ""true_errors"": 11}","{""k"": 5, ""lift_vs_prevalence"": 2.225806451612903, ""precision"": 1.0, ""true_errors"": 5}",3.666666666666667,0.1
-0.03313228240030025,0.4380305602716469,0.4161430799185403,"{""error_rate"": 0.42857142857142855, ""k"": 14, ""true_errors"": 6}",69,31,0.4492753623188406,room0,duplicate_incident,object,mask_repeated,"{""k"": 10, ""lift_vs_prevalence"": 0.667741935483871, ""precision"": 0.3, ""true_errors"": 3}","{""k"": 14, ""lift_vs_prevalence"": 0.6359447004608295, ""precision"": 0.2857142857142857, ""true_errors"": 4}","{""k"": 5, ""lift_vs_prevalence"": 0.8903225806451613, ""precision"": 0.4, ""true_errors"": 2}",0.6666666666666666,0.1
-0.030125962599566014,0.46179966044142606,0.41914939971927456,"{""error_rate"": 0.5714285714285714, ""k"": 14, ""true_errors"": 8}",69,31,0.4492753623188406,room0,combined,object,mask_repeated,"{""k"": 10, ""lift_vs_prevalence"": 0.667741935483871, ""precision"": 0.3, ""true_errors"": 3}","{""k"": 14, ""lift_vs_prevalence"": 0.7949308755760369, ""precision"": 0.35714285714285715, ""true_errors"": 5}","{""k"": 5, ""lift_vs_prevalence"": 0.44516129032258067, ""precision"": 0.2, ""true_errors"": 1}",0.625,0.1
0.14892254911374775,0.6923076923076923,0.5837051578093999,"{""error_rate"": 0.14285714285714285, ""k"": 14, ""true_errors"": 2}",69,30,0.43478260869565216,room0,nonspatial,object,mask_severe,"{""k"": 10, ""lift_vs_prevalence"": 1.38, ""precision"": 0.6, ""true_errors"": 6}","{""k"": 14, ""lift_vs_prevalence"": 1.4785714285714286, ""precision"": 0.6428571428571429, ""true_errors"": 9}","{""k"": 5, ""lift_vs_prevalence"": 1.38, ""precision"": 0.6, ""true_errors"": 3}",4.500000000000001,0.1
-0.007032618085353326,0.5106837606837606,0.42774999061029884,"{""error_rate"": 0.42857142857142855, ""k"": 14, ""true_errors"": 6}",69,30,0.43478260869565216,room0,voxel_semantic,object,mask_severe,"{""k"": 10, ""lift_vs_prevalence"": 0.69, ""precision"": 0.3, ""true_errors"": 3}","{""k"": 14, ""lift_vs_prevalence"": 0.8214285714285715, ""precision"": 0.35714285714285715, ""true_errors"": 5}","{""k"": 5, ""lift_vs_prevalence"": 0.46, ""precision"": 0.2, ""true_errors"": 1}",0.8333333333333334,0.1
0.0,0.5,0.43478260869565216,"{""error_rate"": 0.21428571428571427, ""k"": 14, ""true_errors"": 3}",69,30,0.43478260869565216,room0,fragmentation,object,mask_severe,"{""k"": 10, ""lift_vs_prevalence"": 1.6099999999999999, ""precision"": 0.7, ""true_errors"": 7}","{""k"": 14, ""lift_vs_prevalence"": 1.8071428571428572, ""precision"": 0.7857142857142857, ""true_errors"": 11}","{""k"": 5, ""lift_vs_prevalence"": 2.3000000000000003, ""precision"": 1.0, ""true_errors"": 5}",3.666666666666667,0.1
-0.026945110878035083,0.4435897435897437,0.4078374978176171,"{""error_rate"": 0.42857142857142855, ""k"": 14, ""true_errors"": 6}",69,30,0.43478260869565216,room0,duplicate_incident,object,mask_severe,"{""k"": 10, ""lift_vs_prevalence"": 0.69, ""precision"": 0.3, ""true_errors"": 3}","{""k"": 14, ""lift_vs_prevalence"": 0.6571428571428571, ""precision"": 0.2857142857142857, ""true_errors"": 4}","{""k"": 5, ""lift_vs_prevalence"": 0.92, ""precision"": 0.4, ""true_errors"": 2}",0.6666666666666666,0.1
-0.019980058556623936,0.47649572649572647,0.4148025501390282,"{""error_rate"": 0.5714285714285714, ""k"": 14, ""true_errors"": 8}",69,30,0.43478260869565216,room0,combined,object,mask_severe,"{""k"": 10, ""lift_vs_prevalence"": 0.69, ""precision"": 0.3, ""true_errors"": 3}","{""k"": 14, ""lift_vs_prevalence"": 0.8214285714285715, ""precision"": 0.35714285714285715, ""true_errors"": 5}","{""k"": 5, ""lift_vs_prevalence"": 0.46, ""precision"": 0.2, ""true_errors"": 1}",0.625,0.1
-0.11753410214257087,0.31264367816091954,0.5415568069483382,"{""error_rate"": 0.6666666666666666, ""k"": 9, ""true_errors"": 6}",44,29,0.6590909090909091,room0,nonspatial,object,association_loose,"{""k"": 10, ""lift_vs_prevalence"": 0.606896551724138, ""precision"": 0.4, ""true_errors"": 4}","{""k"": 9, ""lift_vs_prevalence"": 0.5057471264367817, ""precision"": 0.3333333333333333, ""true_errors"": 3}","{""k"": 5, ""lift_vs_prevalence"": 0.303448275862069, ""precision"": 0.2, ""true_errors"": 1}",0.5,0.1
-0.11075909855085642,0.3022988505747126,0.5483318105400526,"{""error_rate"": 0.8888888888888888, ""k"": 9, ""true_errors"": 8}",44,29,0.6590909090909091,room0,voxel_semantic,object,association_loose,"{""k"": 10, ""lift_vs_prevalence"": 0.606896551724138, ""precision"": 0.4, ""true_errors"": 4}","{""k"": 9, ""lift_vs_prevalence"": 0.5057471264367817, ""precision"": 0.3333333333333333, ""true_errors"": 3}","{""k"": 5, ""lift_vs_prevalence"": 0.606896551724138, ""precision"": 0.4, ""true_errors"": 2}",0.375,0.1
0.0,0.5,0.6590909090909091,"{""error_rate"": 0.7777777777777778, ""k"": 9, ""true_errors"": 7}",44,29,0.6590909090909091,room0,fragmentation,object,association_loose,"{""k"": 10, ""lift_vs_prevalence"": 0.9103448275862069, ""precision"": 0.6, ""true_errors"": 6}","{""k"": 9, ""lift_vs_prevalence"": 1.0114942528735633, ""precision"": 0.6666666666666666, ""true_errors"": 6}","{""k"": 5, ""lift_vs_prevalence"": 1.517241379310345, ""precision"": 1.0, ""true_errors"": 5}",0.8571428571428571,0.1
0.018417943805874804,0.49770114942528737,0.6775088528967839,"{""error_rate"": 0.7777777777777778, ""k"": 9, ""true_errors"": 7}",44,29,0.6590909090909091,room0,duplicate_incident,object,association_loose,"{""k"": 10, ""lift_vs_prevalence"": 0.9103448275862069, ""precision"": 0.6, ""true_errors"": 6}","{""k"": 9, ""lift_vs_prevalence"": 1.0114942528735633, ""precision"": 0.6666666666666666, ""true_errors"": 6}","{""k"": 5, ""lift_vs_prevalence"": 0.9103448275862069, ""precision"": 0.6, ""true_errors"": 3}",0.8571428571428571,0.1
-0.07833733902319617,0.34252873563218394,0.5807535700677129,"{""error_rate"": 0.8888888888888888, ""k"": 9, ""true_errors"": 8}",44,29,0.6590909090909091,room0,combined,object,association_loose,"{""k"": 10, ""lift_vs_prevalence"": 0.45517241379310347, ""precision"": 0.3, ""true_errors"": 3}","{""k"": 9, ""lift_vs_prevalence"": 0.5057471264367817, ""precision"": 0.3333333333333333, ""true_errors"": 3}","{""k"": 5, ""lift_vs_prevalence"": 0.9103448275862069, ""precision"": 0.6, ""true_errors"": 3}",0.375,0.1
-0.10809757066316805,0.326797385620915,0.5055387929731956,"{""error_rate"": 0.6666666666666666, ""k"": 9, ""true_errors"": 6}",44,27,0.6136363636363636,room0,nonspatial,object,association_repeated,"{""k"": 10, ""lift_vs_prevalence"": 0.6518518518518519, ""precision"": 0.4, ""true_errors"": 4}","{""k"": 9, ""lift_vs_prevalence"": 0.5432098765432098, ""precision"": 0.3333333333333333, ""true_errors"": 3}","{""k"": 5, ""lift_vs_prevalence"": 0.32592592592592595, ""precision"": 0.2, ""true_errors"": 1}",0.5,0.1
-0.1034576428814411,0.32461873638344224,0.5101787207549225,"{""error_rate"": 0.7777777777777778, ""k"": 9, ""true_errors"": 7}",44,27,0.6136363636363636,room0,voxel_semantic,object,association_repeated,"{""k"": 10, ""lift_vs_prevalence"": 0.4888888888888889, ""precision"": 0.3, ""true_errors"": 3}","{""k"": 9, ""lift_vs_prevalence"": 0.3621399176954732, ""precision"": 0.2222222222222222, ""true_errors"": 2}","{""k"": 5, ""lift_vs_prevalence"": 0.6518518518518519, ""precision"": 0.4, ""true_errors"": 2}",0.2857142857142857,0.1
0.0,0.5,0.6136363636363636,"{""error_rate"": 0.7777777777777778, ""k"": 9, ""true_errors"": 7}",44,27,0.6136363636363636,room0,fragmentation,object,association_repeated,"{""k"": 10, ""lift_vs_prevalence"": 0.8148148148148148, ""precision"": 0.5, ""true_errors"": 5}","{""k"": 9, ""lift_vs_prevalence"": 0.9053497942386831, ""precision"": 0.5555555555555556, ""true_errors"": 5}","{""k"": 5, ""lift_vs_prevalence"": 1.3037037037037038, ""precision"": 0.8, ""true_errors"": 4}",0.7142857142857143,0.1
0.009501691723914019,0.485838779956427,0.6231380553602777,"{""error_rate"": 0.6666666666666666, ""k"": 9, ""true_errors"": 6}",44,27,0.6136363636363636,room0,duplicate_incident,object,association_repeated,"{""k"": 10, ""lift_vs_prevalence"": 0.8148148148148148, ""precision"": 0.5, ""true_errors"": 5}","{""k"": 9, ""lift_vs_prevalence"": 0.9053497942386831, ""precision"": 0.5555555555555556, ""true_errors"": 5}","{""k"": 5, ""lift_vs_prevalence"": 0.6518518518518519, ""precision"": 0.4, ""true_errors"": 2}",0.8333333333333334,0.1
-0.07045779741785607,0.3638344226579521,0.5431785662185076,"{""error_rate"": 0.7777777777777778, ""k"": 9, ""true_errors"": 7}",44,27,0.6136363636363636,room0,combined,object,association_repeated,"{""k"": 10, ""lift_vs_prevalence"": 0.4888888888888889, ""precision"": 0.3, ""true_errors"": 3}","{""k"": 9, ""lift_vs_prevalence"": 0.5432098765432098, ""precision"": 0.3333333333333333, ""true_errors"": 3}","{""k"": 5, ""lift_vs_prevalence"": 0.9777777777777777, ""precision"": 0.6, ""true_errors"": 3}",0.42857142857142855,0.1
-0.10809757066316805,0.326797385620915,0.5055387929731956,"{""error_rate"": 0.6666666666666666, ""k"": 9, ""true_errors"": 6}",44,27,0.6136363636363636,room0,nonspatial,object,overmerge_repeated,"{""k"": 10, ""lift_vs_prevalence"": 0.6518518518518519, ""precision"": 0.4, ""true_errors"": 4}","{""k"": 9, ""lift_vs_prevalence"": 0.5432098765432098, ""precision"": 0.3333333333333333, ""true_errors"": 3}","{""k"": 5, ""lift_vs_prevalence"": 0.32592592592592595, ""precision"": 0.2, ""true_errors"": 1}",0.5,0.1
-0.1034576428814411,0.32461873638344224,0.5101787207549225,"{""error_rate"": 0.7777777777777778, ""k"": 9, ""true_errors"": 7}",44,27,0.6136363636363636,room0,voxel_semantic,object,overmerge_repeated,"{""k"": 10, ""lift_vs_prevalence"": 0.4888888888888889, ""precision"": 0.3, ""true_errors"": 3}","{""k"": 9, ""lift_vs_prevalence"": 0.3621399176954732, ""precision"": 0.2222222222222222, ""true_errors"": 2}","{""k"": 5, ""lift_vs_prevalence"": 0.6518518518518519, ""precision"": 0.4, ""true_errors"": 2}",0.2857142857142857,0.1
0.0,0.5,0.6136363636363636,"{""error_rate"": 0.7777777777777778, ""k"": 9, ""true_errors"": 7}",44,27,0.6136363636363636,room0,fragmentation,object,overmerge_repeated,"{""k"": 10, ""lift_vs_prevalence"": 0.8148148148148148, ""precision"": 0.5, ""true_errors"": 5}","{""k"": 9, ""lift_vs_prevalence"": 0.9053497942386831, ""precision"": 0.5555555555555556, ""true_errors"": 5}","{""k"": 5, ""lift_vs_prevalence"": 1.3037037037037038, ""precision"": 0.8, ""true_errors"": 4}",0.7142857142857143,0.1
0.009501691723914019,0.485838779956427,0.6231380553602777,"{""error_rate"": 0.6666666666666666, ""k"": 9, ""true_errors"": 6}",44,27,0.6136363636363636,room0,duplicate_incident,object,overmerge_repeated,"{""k"": 10, ""lift_vs_prevalence"": 0.8148148148148148, ""precision"": 0.5, ""true_errors"": 5}","{""k"": 9, ""lift_vs_prevalence"": 0.9053497942386831, ""precision"": 0.5555555555555556, ""true_errors"": 5}","{""k"": 5, ""lift_vs_prevalence"": 0.6518518518518519, ""precision"": 0.4, ""true_errors"": 2}",0.8333333333333334,0.1
-0.07045779741785607,0.3638344226579521,0.5431785662185076,"{""error_rate"": 0.7777777777777778, ""k"": 9, ""true_errors"": 7}",44,27,0.6136363636363636,room0,combined,object,overmerge_repeated,"{""k"": 10, ""lift_vs_prevalence"": 0.4888888888888889, ""precision"": 0.3, ""true_errors"": 3}","{""k"": 9, ""lift_vs_prevalence"": 0.5432098765432098, ""precision"": 0.3333333333333333, ""true_errors"": 3}","{""k"": 5, ""lift_vs_prevalence"": 0.9777777777777777, ""precision"": 0.6, ""true_errors"": 3}",0.42857142857142855,0.1
0.14034075182427933,0.6143867924528302,0.3722248097952938,"{""error_rate"": 0.14285714285714285, ""k"": 14, ""true_errors"": 2}",69,16,0.2318840579710145,room0,nonspatial,object,split_incident,"{""k"": 10, ""lift_vs_prevalence"": 0.8625, ""precision"": 0.2, ""true_errors"": 2}","{""k"": 14, ""lift_vs_prevalence"": 1.232142857142857, ""precision"": 0.2857142857142857, ""true_errors"": 4}","{""k"": 5, ""lift_vs_prevalence"": 1.725, ""precision"": 0.4, ""true_errors"": 2}",2.0,0.1
0.08756506731692962,0.5866745283018868,0.3194491252879441,"{""error_rate"": 0.14285714285714285, ""k"": 14, ""true_errors"": 2}",69,16,0.2318840579710145,room0,voxel_semantic,object,split_incident,"{""k"": 10, ""lift_vs_prevalence"": 1.725, ""precision"": 0.4, ""true_errors"": 4}","{""k"": 14, ""lift_vs_prevalence"": 1.5401785714285714, ""precision"": 0.35714285714285715, ""true_errors"": 5}","{""k"": 5, ""lift_vs_prevalence"": 1.725, ""precision"": 0.4, ""true_errors"": 2}",2.5,0.1
0.0,0.5,0.2318840579710145,"{""error_rate"": 0.21428571428571427, ""k"": 14, ""true_errors"": 3}",69,16,0.2318840579710145,room0,fragmentation,object,split_incident,"{""k"": 10, ""lift_vs_prevalence"": 1.29375, ""precision"": 0.3, ""true_errors"": 3}","{""k"": 14, ""lift_vs_prevalence"": 1.5401785714285714, ""precision"": 0.35714285714285715, ""true_errors"": 5}","{""k"": 5, ""lift_vs_prevalence"": 2.5875, ""precision"": 0.6, ""true_errors"": 3}",1.6666666666666667,0.1
0.10954763190197761,0.6550707547169812,0.3414316898729921,"{""error_rate"": 0.21428571428571427, ""k"": 14, ""true_errors"": 3}",69,16,0.2318840579710145,room0,duplicate_incident,object,split_incident,"{""k"": 10, ""lift_vs_prevalence"": 1.725, ""precision"": 0.4, ""true_errors"": 4}","{""k"": 14, ""lift_vs_prevalence"": 1.8482142857142856, ""precision"": 0.42857142857142855, ""true_errors"": 6}","{""k"": 5, ""lift_vs_prevalence"": 1.725, ""precision"": 0.4, ""true_errors"": 2}",2.0,0.1
0.08991028910783225,0.6420990566037736,0.32179434707884674,"{""error_rate"": 0.07142857142857142, ""k"": 14, ""true_errors"": 1}",69,16,0.2318840579710145,room0,combined,object,split_incident,"{""k"": 10, ""lift_vs_prevalence"": 1.725, ""precision"": 0.4, ""true_errors"": 4}","{""k"": 14, ""lift_vs_prevalence"": 1.5401785714285714, ""precision"": 0.35714285714285715, ""true_errors"": 5}","{""k"": 5, ""lift_vs_prevalence"": 0.8625, ""precision"": 0.2, ""true_errors"": 1}",5.0,0.1
0.10827779491524692,0.7112369337979094,0.7024806934659715,"{""error_rate"": 0.2857142857142857, ""k"": 14, ""true_errors"": 4}",69,41,0.5942028985507246,room0,nonspatial,object,merge_membership_repeated,"{""k"": 10, ""lift_vs_prevalence"": 1.1780487804878048, ""precision"": 0.7, ""true_errors"": 7}","{""k"": 14, ""lift_vs_prevalence"": 1.202090592334495, ""precision"": 0.7142857142857143, ""true_errors"": 10}","{""k"": 5, ""lift_vs_prevalence"": 1.0097560975609756, ""precision"": 0.6, ""true_errors"": 3}",2.5,0.1
-0.08584356112553959,0.39155052264808365,0.508359337425185,"{""error_rate"": 0.6428571428571429, ""k"": 14, ""true_errors"": 9}",69,41,0.5942028985507246,room0,voxel_semantic,object,merge_membership_repeated,"{""k"": 10, ""lift_vs_prevalence"": 0.5048780487804878, ""precision"": 0.3, ""true_errors"": 3}","{""k"": 14, ""lift_vs_prevalence"": 0.6010452961672474, ""precision"": 0.35714285714285715, ""true_errors"": 5}","{""k"": 5, ""lift_vs_prevalence"": 0.33658536585365856, ""precision"": 0.2, ""true_errors"": 1}",0.5555555555555556,0.1
0.0,0.5,0.5942028985507246,"{""error_rate"": 0.42857142857142855, ""k"": 14, ""true_errors"": 6}",69,41,0.5942028985507246,room0,fragmentation,object,merge_membership_repeated,"{""k"": 10, ""lift_vs_prevalence"": 1.1780487804878048, ""precision"": 0.7, ""true_errors"": 7}","{""k"": 14, ""lift_vs_prevalence"": 1.3222996515679444, ""precision"": 0.7857142857142857, ""true_errors"": 11}","{""k"": 5, ""lift_vs_prevalence"": 1.6829268292682928, ""precision"": 1.0, ""true_errors"": 5}",1.8333333333333335,0.1
-0.035290436396793856,0.4586236933797909,0.5589124621539308,"{""error_rate"": 0.5714285714285714, ""k"": 14, ""true_errors"": 8}",69,41,0.5942028985507246,room0,duplicate_incident,object,merge_membership_repeated,"{""k"": 10, ""lift_vs_prevalence"": 0.6731707317073171, ""precision"": 0.4, ""true_errors"": 4}","{""k"": 14, ""lift_vs_prevalence"": 0.8414634146341464, ""precision"": 0.5, ""true_errors"": 7}","{""k"": 5, ""lift_vs_prevalence"": 0.6731707317073171, ""precision"": 0.4, ""true_errors"": 2}",0.875,0.1
-0.07983454482733532,0.4002613240418119,0.5143683537233893,"{""error_rate"": 0.7142857142857143, ""k"": 14, ""true_errors"": 10}",69,41,0.5942028985507246,room0,combined,object,merge_membership_repeated,"{""k"": 10, ""lift_vs_prevalence"": 0.5048780487804878, ""precision"": 0.3, ""true_errors"": 3}","{""k"": 14, ""lift_vs_prevalence"": 0.6010452961672474, ""precision"": 0.35714285714285715, ""true_errors"": 5}","{""k"": 5, ""lift_vs_prevalence"": 0.33658536585365856, ""precision"": 0.2, ""true_errors"": 1}",0.5,0.1
0.13154685722827686,0.7199074074074074,0.7837207702717551,"{""error_rate"": 0.35714285714285715, ""k"": 14, ""true_errors"": 5}",69,45,0.6521739130434783,room0,nonspatial,object,unified_repeated,"{""k"": 10, ""lift_vs_prevalence"": 1.2266666666666668, ""precision"": 0.8, ""true_errors"": 8}","{""k"": 14, ""lift_vs_prevalence"": 1.2047619047619047, ""precision"": 0.7857142857142857, ""true_errors"": 11}","{""k"": 5, ""lift_vs_prevalence"": 1.2266666666666668, ""precision"": 0.8, ""true_errors"": 4}",2.1999999999999997,0.1
-0.052423545046109465,0.43472222222222223,0.5997503679973688,"{""error_rate"": 0.7142857142857143, ""k"": 14, ""true_errors"": 10}",69,45,0.6521739130434783,room0,voxel_semantic,object,unified_repeated,"{""k"": 10, ""lift_vs_prevalence"": 0.7666666666666666, ""precision"": 0.5, ""true_errors"": 5}","{""k"": 14, ""lift_vs_prevalence"": 0.8761904761904761, ""precision"": 0.5714285714285714, ""true_errors"": 8}","{""k"": 5, ""lift_vs_prevalence"": 0.6133333333333334, ""precision"": 0.4, ""true_errors"": 2}",0.7999999999999999,0.1
0.0,0.5,0.6521739130434783,"{""error_rate"": 0.5, ""k"": 14, ""true_errors"": 7}",69,45,0.6521739130434783,room0,fragmentation,object,unified_repeated,"{""k"": 10, ""lift_vs_prevalence"": 1.0733333333333333, ""precision"": 0.7, ""true_errors"": 7}","{""k"": 14, ""lift_vs_prevalence"": 1.2047619047619047, ""precision"": 0.7857142857142857, ""true_errors"": 11}","{""k"": 5, ""lift_vs_prevalence"": 1.5333333333333332, ""precision"": 1.0, ""true_errors"": 5}",1.5714285714285714,0.1
0.004165310799119526,0.5273148148148148,0.6563392238425978,"{""error_rate"": 0.5714285714285714, ""k"": 14, ""true_errors"": 8}",69,45,0.6521739130434783,room0,duplicate_incident,object,unified_repeated,"{""k"": 10, ""lift_vs_prevalence"": 0.9199999999999999, ""precision"": 0.6, ""true_errors"": 6}","{""k"": 14, ""lift_vs_prevalence"": 0.9857142857142858, ""precision"": 0.6428571428571429, ""true_errors"": 9}","{""k"": 5, ""lift_vs_prevalence"": 0.9199999999999999, ""precision"": 0.6, ""true_errors"": 3}",1.1250000000000002,0.1
-0.04988729209794052,0.45231481481481484,0.6022866209455378,"{""error_rate"": 0.7142857142857143, ""k"": 14, ""true_errors"": 10}",69,45,0.6521739130434783,room0,combined,object,unified_repeated,"{""k"": 10, ""lift_vs_prevalence"": 0.7666666666666666, ""precision"": 0.5, ""true_errors"": 5}","{""k"": 14, ""lift_vs_prevalence"": 0.7666666666666666, ""precision"": 0.5, ""true_errors"": 7}","{""k"": 5, ""lift_vs_prevalence"": 0.6133333333333334, ""precision"": 0.4, ""true_errors"": 2}",0.7,0.1
0.16188132348919881,0.8490566037735849,0.9299972655181843,"{""error_rate"": 0.5714285714285714, ""k"": 14, ""true_errors"": 8}",69,53,0.7681159420289855,room0,nonspatial,object,unified_plus_spurious,"{""k"": 10, ""lift_vs_prevalence"": 1.3018867924528303, ""precision"": 1.0, ""true_errors"": 10}","{""k"": 14, ""lift_vs_prevalence"": 1.3018867924528303, ""precision"": 1.0, ""true_errors"": 14}","{""k"": 5, ""lift_vs_prevalence"": 1.3018867924528303, ""precision"": 1.0, ""true_errors"": 5}",1.75,0.1
-0.024887087573949196,0.4952830188679246,0.7432288544550363,"{""error_rate"": 0.7142857142857143, ""k"": 14, ""true_errors"": 10}",69,53,0.7681159420289855,room0,voxel_semantic,object,unified_plus_spurious,"{""k"": 10, ""lift_vs_prevalence"": 0.9113207547169812, ""precision"": 0.7, ""true_errors"": 7}","{""k"": 14, ""lift_vs_prevalence"": 1.022911051212938, ""precision"": 0.7857142857142857, ""true_errors"": 11}","{""k"": 5, ""lift_vs_prevalence"": 0.5207547169811321, ""precision"": 0.4, ""true_errors"": 2}",1.0999999999999999,0.1
0.0,0.5,0.7681159420289855,"{""error_rate"": 0.7142857142857143, ""k"": 14, ""true_errors"": 10}",69,53,0.7681159420289855,room0,fragmentation,object,unified_plus_spurious,"{""k"": 10, ""lift_vs_prevalence"": 1.3018867924528303, ""precision"": 1.0, ""true_errors"": 10}","{""k"": 14, ""lift_vs_prevalence"": 1.3018867924528303, ""precision"": 1.0, ""true_errors"": 14}","{""k"": 5, ""lift_vs_prevalence"": 1.3018867924528303, ""precision"": 1.0, ""true_errors"": 5}",1.4,0.1
-0.038482853618176494,0.47523584905660377,0.729633088410809,"{""error_rate"": 0.6428571428571429, ""k"": 14, ""true_errors"": 9}",69,53,0.7681159420289855,room0,duplicate_incident,object,unified_plus_spurious,"{""k"": 10, ""lift_vs_prevalence"": 0.7811320754716982, ""precision"": 0.6, ""true_errors"": 6}","{""k"": 14, ""lift_vs_prevalence"": 0.8369272237196766, ""precision"": 0.6428571428571429, ""true_errors"": 9}","{""k"": 5, ""lift_vs_prevalence"": 0.7811320754716982, ""precision"": 0.6, ""true_errors"": 3}",1.0,0.1
-0.04611105604165844,0.46698113207547165,0.722004885987327,"{""error_rate"": 0.7142857142857143, ""k"": 14, ""true_errors"": 10}",69,53,0.7681159420289855,room0,combined,object,unified_plus_spurious,"{""k"": 10, ""lift_vs_prevalence"": 0.7811320754716982, ""precision"": 0.6, ""true_errors"": 6}","{""k"": 14, ""lift_vs_prevalence"": 0.8369272237196766, ""precision"": 0.6428571428571429, ""true_errors"": 9}","{""k"": 5, ""lift_vs_prevalence"": 0.5207547169811321, ""precision"": 0.4, ""true_errors"": 2}",0.9,0.1
-0.00017133293871951505,0.5010526315789474,0.5680104852430987,"{""error_rate"": 0.5555555555555556, ""k"": 9, ""true_errors"": 5}",44,25,0.5681818181818182,room0,nonspatial,object,spurious_background,"{""k"": 10, ""lift_vs_prevalence"": 0.8799999999999999, ""precision"": 0.5, ""true_errors"": 5}","{""k"": 9, ""lift_vs_prevalence"": 0.9777777777777777, ""precision"": 0.5555555555555556, ""true_errors"": 5}","{""k"": 5, ""lift_vs_prevalence"": 1.0559999999999998, ""precision"": 0.6, ""true_errors"": 3}",1.0,0.1
-0.09236881602061608,0.3326315789473684,0.47581300216120215,"{""error_rate"": 0.6666666666666666, ""k"": 9, ""true_errors"": 6}",44,25,0.5681818181818182,room0,voxel_semantic,object,spurious_background,"{""k"": 10, ""lift_vs_prevalence"": 0.704, ""precision"": 0.4, ""true_errors"": 4}","{""k"": 9, ""lift_vs_prevalence"": 0.7822222222222222, ""precision"": 0.4444444444444444, ""true_errors"": 4}","{""k"": 5, ""lift_vs_prevalence"": 0.352, ""precision"": 0.2, ""true_errors"": 1}",0.6666666666666666,0.1
0.0,0.5,0.5681818181818182,"{""error_rate"": 0.5555555555555556, ""k"": 9, ""true_errors"": 5}",44,25,0.5681818181818182,room0,fragmentation,object,spurious_background,"{""k"": 10, ""lift_vs_prevalence"": 1.2319999999999998, ""precision"": 0.7, ""true_errors"": 7}","{""k"": 9, ""lift_vs_prevalence"": 1.1733333333333331, ""precision"": 0.6666666666666666, ""true_errors"": 6}","{""k"": 5, ""lift_vs_prevalence"": 0.704, ""precision"": 0.4, ""true_errors"": 2}",1.2,0.1
-0.07131976755316416,0.3073684210526316,0.4968620506286541,"{""error_rate"": 0.6666666666666666, ""k"": 9, ""true_errors"": 6}",44,25,0.5681818181818182,room0,duplicate_incident,object,spurious_background,"{""k"": 10, ""lift_vs_prevalence"": 0.5279999999999999, ""precision"": 0.3, ""true_errors"": 3}","{""k"": 9, ""lift_vs_prevalence"": 0.5866666666666666, ""precision"": 0.3333333333333333, ""true_errors"": 3}","{""k"": 5, ""lift_vs_prevalence"": 0.704, ""precision"": 0.4, ""true_errors"": 2}",0.5,0.1
-0.0931119769445446,0.2736842105263158,0.47506984123727364,"{""error_rate"": 0.8888888888888888, ""k"": 9, ""true_errors"": 8}",44,25,0.5681818181818182,room0,combined,object,spurious_background,"{""k"": 10, ""lift_vs_prevalence"": 0.704, ""precision"": 0.4, ""true_errors"": 4}","{""k"": 9, ""lift_vs_prevalence"": 0.5866666666666666, ""precision"": 0.3333333333333333, ""true_errors"": 3}","{""k"": 5, ""lift_vs_prevalence"": 0.704, ""precision"": 0.4, ""true_errors"": 2}",0.375,0.1
,,,"{""error_rate"": 1.0, ""k"": 4, ""true_errors"": 4}",17,17,1.0,room0,pair_r1,pair_candidate,false_split_pair,"{""k"": 10, ""lift_vs_prevalence"": 1.0, ""precision"": 1.0, ""true_errors"": 10}","{""k"": 4, ""lift_vs_prevalence"": 1.0, ""precision"": 1.0, ""true_errors"": 4}","{""k"": 5, ""lift_vs_prevalence"": 1.0, ""precision"": 1.0, ""true_errors"": 5}",1.0,0.1
,,,"{""error_rate"": 1.0, ""k"": 4, ""true_errors"": 4}",17,17,1.0,room0,pair_r2,pair_candidate,false_split_pair,"{""k"": 10, ""lift_vs_prevalence"": 1.0, ""precision"": 1.0, ""true_errors"": 10}","{""k"": 4, ""lift_vs_prevalence"": 1.0, ""precision"": 1.0, ""true_errors"": 4}","{""k"": 5, ""lift_vs_prevalence"": 1.0, ""precision"": 1.0, ""true_errors"": 5}",1.0,0.1
0.13945837908221825,0.8075,0.8970341366579758,"{""error_rate"": 0.14285714285714285, ""k"": 7, ""true_errors"": 1}",33,25,0.7575757575757576,office0,nonspatial,object,mask_any,"{""k"": 10, ""lift_vs_prevalence"": 1.188, ""precision"": 0.9, ""true_errors"": 9}","{""k"": 7, ""lift_vs_prevalence"": 1.1314285714285715, ""precision"": 0.8571428571428571, ""true_errors"": 6}","{""k"": 5, ""lift_vs_prevalence"": 1.056, ""precision"": 0.8, ""true_errors"": 4}",6.0,0.025
0.02243740648855741,0.5900000000000001,0.780013164064315,"{""error_rate"": 0.5714285714285714, ""k"": 7, ""true_errors"": 4}",33,25,0.7575757575757576,office0,voxel_semantic,object,mask_any,"{""k"": 10, ""lift_vs_prevalence"": 1.056, ""precision"": 0.8, ""true_errors"": 8}","{""k"": 7, ""lift_vs_prevalence"": 1.1314285714285715, ""precision"": 0.8571428571428571, ""true_errors"": 6}","{""k"": 5, ""lift_vs_prevalence"": 1.056, ""precision"": 0.8, ""true_errors"": 4}",1.5,0.025
0.1260606060606062,0.76,0.8836363636363638,"{""error_rate"": 0.14285714285714285, ""k"": 7, ""true_errors"": 1}",33,25,0.7575757575757576,office0,fragmentation,object,mask_any,"{""k"": 10, ""lift_vs_prevalence"": 1.32, ""precision"": 1.0, ""true_errors"": 10}","{""k"": 7, ""lift_vs_prevalence"": 1.32, ""precision"": 1.0, ""true_errors"": 7}","{""k"": 5, ""lift_vs_prevalence"": 1.32, ""precision"": 1.0, ""true_errors"": 5}",7.0,0.025
0.13322966507177025,0.7000000000000001,0.8908054226475278,"{""error_rate"": 0.42857142857142855, ""k"": 7, ""true_errors"": 3}",33,25,0.7575757575757576,office0,duplicate_incident,object,mask_any,"{""k"": 10, ""lift_vs_prevalence"": 1.188, ""precision"": 0.9, ""true_errors"": 9}","{""k"": 7, ""lift_vs_prevalence"": 1.32, ""precision"": 1.0, ""true_errors"": 7}","{""k"": 5, ""lift_vs_prevalence"": 1.32, ""precision"": 1.0, ""true_errors"": 5}",2.3333333333333335,0.025
0.050337635084438115,0.6275,0.8079133926601957,"{""error_rate"": 0.5714285714285714, ""k"": 7, ""true_errors"": 4}",33,25,0.7575757575757576,office0,combined,object,mask_any,"{""k"": 10, ""lift_vs_prevalence"": 1.188, ""precision"": 0.9, ""true_errors"": 9}","{""k"": 7, ""lift_vs_prevalence"": 1.1314285714285715, ""precision"": 0.8571428571428571, ""true_errors"": 6}","{""k"": 5, ""lift_vs_prevalence"": 1.056, ""precision"": 0.8, ""true_errors"": 4}",1.5,0.025
0.24112005887442123,0.884297520661157,0.9077867255410879,"{""error_rate"": 0.0, ""k"": 7, ""true_errors"": 0}",33,22,0.6666666666666666,office0,nonspatial,object,mask_repeated,"{""k"": 10, ""lift_vs_prevalence"": 1.35, ""precision"": 0.9, ""true_errors"": 9}","{""k"": 7, ""lift_vs_prevalence"": 1.2857142857142858, ""precision"": 0.8571428571428571, ""true_errors"": 6}","{""k"": 5, ""lift_vs_prevalence"": 1.2000000000000002, ""precision"": 0.8, ""true_errors"": 4}",,0.025
0.036639237668649405,0.6053719008264463,0.703305904335316,"{""error_rate"": 0.42857142857142855, ""k"": 7, ""true_errors"": 3}",33,22,0.6666666666666666,office0,voxel_semantic,object,mask_repeated,"{""k"": 10, ""lift_vs_prevalence"": 1.05, ""precision"": 0.7, ""true_errors"": 7}","{""k"": 7, ""lift_vs_prevalence"": 1.0714285714285716, ""precision"": 0.7142857142857143, ""true_errors"": 5}","{""k"": 5, ""lift_vs_prevalence"": 0.9, ""precision"": 0.6, ""true_errors"": 3}",1.6666666666666667,0.025
0.1337701439974167,0.6756198347107437,0.8004368106640833,"{""error_rate"": 0.14285714285714285, ""k"": 7, ""true_errors"": 1}",33,22,0.6666666666666666,office0,fragmentation,object,mask_repeated,"{""k"": 10, ""lift_vs_prevalence"": 1.35, ""precision"": 0.9, ""true_errors"": 9}","{""k"": 7, ""lift_vs_prevalence"": 1.2857142857142858, ""precision"": 0.8571428571428571, ""true_errors"": 6}","{""k"": 5, ""lift_vs_prevalence"": 1.5, ""precision"": 1.0, ""true_errors"": 5}",6.0,0.025
0.16796251993620426,0.6673553719008265,0.8346291866028709,"{""error_rate"": 0.42857142857142855, ""k"": 7, ""true_errors"": 3}",33,22,0.6666666666666666,office0,duplicate_incident,object,mask_repeated,"{""k"": 10, ""lift_vs_prevalence"": 1.35, ""precision"": 0.9, ""true_errors"": 9}","{""k"": 7, ""lift_vs_prevalence"": 1.5, ""precision"": 1.0, ""true_errors"": 7}","{""k"": 5, ""lift_vs_prevalence"": 1.5, ""precision"": 1.0, ""true_errors"": 5}",2.3333333333333335,0.025
0.0725802550029474,0.634297520661157,0.739246921669614,"{""error_rate"": 0.42857142857142855, ""k"": 7, ""true_errors"": 3}",33,22,0.6666666666666666,office0,combined,object,mask_repeated,"{""k"": 10, ""lift_vs_prevalence"": 1.2000000000000002, ""precision"": 0.8, ""true_errors"": 8}","{""k"": 7, ""lift_vs_prevalence"": 1.2857142857142858, ""precision"": 0.8571428571428571, ""true_errors"": 6}","{""k"": 5, ""lift_vs_prevalence"": 1.2000000000000002, ""precision"": 0.8, ""true_errors"": 4}",2.0,0.025
0.1894723805877464,0.8157894736842106,0.7652299563453222,"{""error_rate"": 0.0, ""k"": 7, ""true_errors"": 0}",33,19,0.5757575757575758,office0,nonspatial,object,mask_severe,"{""k"": 10, ""lift_vs_prevalence"": 1.3894736842105262, ""precision"": 0.8, ""true_errors"": 8}","{""k"": 7, ""lift_vs_prevalence"": 1.2406015037593985, ""precision"": 0.7142857142857143, ""true_errors"": 5}","{""k"": 5, ""lift_vs_prevalence"": 1.0421052631578946, ""precision"": 0.6, ""true_errors"": 3}",,0.025
0.11394164487043734,0.7011278195488722,0.6896992206280131,"{""error_rate"": 0.14285714285714285, ""k"": 7, ""true_errors"": 1}",33,19,0.5757575757575758,office0,voxel_semantic,object,mask_severe,"{""k"": 10, ""lift_vs_prevalence"": 1.2157894736842103, ""precision"": 0.7, ""true_errors"": 7}","{""k"": 7, ""lift_vs_prevalence"": 1.2406015037593985, ""precision"": 0.7142857142857143, ""true_errors"": 5}","{""k"": 5, ""lift_vs_prevalence"": 1.0421052631578946, ""precision"": 0.6, ""true_errors"": 3}",5.0,0.025
0.20752332462858758,0.7330827067669173,0.7832809003861634,"{""error_rate"": 0.0, ""k"": 7, ""true_errors"": 0}",33,19,0.5757575757575758,office0,fragmentation,object,mask_severe,"{""k"": 10, ""lift_vs_prevalence"": 1.563157894736842, ""precision"": 0.9, ""true_errors"": 9}","{""k"": 7, ""lift_vs_prevalence"": 1.488721804511278, ""precision"": 0.8571428571428571, ""true_errors"": 6}","{""k"": 5, ""lift_vs_prevalence"": 1.7368421052631577, ""precision"": 1.0, ""true_errors"": 5}",,0.025
0.24334760345840678,0.7180451127819549,0.8191051792159826,"{""error_rate"": 0.14285714285714285, ""k"": 7, ""true_errors"": 1}",33,19,0.5757575757575758,office0,duplicate_incident,object,mask_severe,"{""k"": 10, ""lift_vs_prevalence"": 1.563157894736842, ""precision"": 0.9, ""true_errors"": 9}","{""k"": 7, ""lift_vs_prevalence"": 1.7368421052631577, ""precision"": 1.0, ""true_errors"": 7}","{""k"": 5, ""lift_vs_prevalence"": 1.7368421052631577, ""precision"": 1.0, ""true_errors"": 5}",7.0,0.025
0.16213354069391217,0.7424812030075187,0.737891116451488,"{""error_rate"": 0.14285714285714285, ""k"": 7, ""true_errors"": 1}",33,19,0.5757575757575758,office0,combined,object,mask_severe,"{""k"": 10, ""lift_vs_prevalence"": 1.3894736842105262, ""precision"": 0.8, ""true_errors"": 8}","{""k"": 7, ""lift_vs_prevalence"": 1.488721804511278, ""precision"": 0.8571428571428571, ""true_errors"": 6}","{""k"": 5, ""lift_vs_prevalence"": 1.3894736842105262, ""precision"": 0.8, ""true_errors"": 4}",6.0,0.025
0.18918128654970745,0.931578947368421,0.9808479532163741,"{""error_rate"": 0.4, ""k"": 5, ""true_errors"": 2}",24,19,0.7916666666666666,office0,nonspatial,object,association_loose,"{""k"": 10, ""lift_vs_prevalence"": 1.2631578947368423, ""precision"": 1.0, ""true_errors"": 10}","{""k"": 5, ""lift_vs_prevalence"": 1.2631578947368423, ""precision"": 1.0, ""true_errors"": 5}","{""k"": 5, ""lift_vs_prevalence"": 1.2631578947368423, ""precision"": 1.0, ""true_errors"": 5}",2.5,0.025
0.18487506645401386,0.9,0.9765417331206805,"{""error_rate"": 0.4, ""k"": 5, ""true_errors"": 2}",24,19,0.7916666666666666,office0,voxel_semantic,object,association_loose,"{""k"": 10, ""lift_vs_prevalence"": 1.2631578947368423, ""precision"": 1.0, ""true_errors"": 10}","{""k"": 5, ""lift_vs_prevalence"": 1.2631578947368423, ""precision"": 1.0, ""true_errors"": 5}","{""k"": 5, ""lift_vs_prevalence"": 1.2631578947368423, ""precision"": 1.0, ""true_errors"": 5}",2.5,0.025
0.0033397888661046427,0.6105263157894737,0.7950064555327713,"{""error_rate"": 0.4, ""k"": 5, ""true_errors"": 2}",24,19,0.7916666666666666,office0,fragmentation,object,association_loose,"{""k"": 10, ""lift_vs_prevalence"": 1.1368421052631579, ""precision"": 0.9, ""true_errors"": 9}","{""k"": 5, ""lift_vs_prevalence"": 1.0105263157894737, ""precision"": 0.8, ""true_errors"": 4}","{""k"": 5, ""lift_vs_prevalence"": 1.0105263157894737, ""precision"": 0.8, ""true_errors"": 4}",2.0,0.025
0.058901770743876036,0.6631578947368422,0.8505684374105427,"{""error_rate"": 0.4, ""k"": 5, ""true_errors"": 2}",24,19,0.7916666666666666,office0,duplicate_incident,object,association_loose,"{""k"": 10, ""lift_vs_prevalence"": 1.1368421052631579, ""precision"": 0.9, ""true_errors"": 9}","{""k"": 5, ""lift_vs_prevalence"": 1.0105263157894737, ""precision"": 0.8, ""true_errors"": 4}","{""k"": 5, ""lift_vs_prevalence"": 1.0105263157894737, ""precision"": 0.8, ""true_errors"": 4}",2.0,0.025
0.059445211651093954,0.7421052631578948,0.8511118783177606,"{""error_rate"": 0.4, ""k"": 5, ""true_errors"": 2}",24,19,0.7916666666666666,office0,combined,object,association_loose,"{""k"": 10, ""lift_vs_prevalence"": 1.1368421052631579, ""precision"": 0.9, ""true_errors"": 9}","{""k"": 5, ""lift_vs_prevalence"": 1.0105263157894737, ""precision"": 0.8, ""true_errors"": 4}","{""k"": 5, ""lift_vs_prevalence"": 1.0105263157894737, ""precision"": 0.8, ""true_errors"": 4}",2.0,0.025
0.18477872436205778,0.837962962962963,0.9347787243620578,"{""error_rate"": 0.4, ""k"": 5, ""true_errors"": 2}",24,18,0.75,office0,nonspatial,object,association_repeated,"{""k"": 10, ""lift_vs_prevalence"": 1.2, ""precision"": 0.9, ""true_errors"": 9}","{""k"": 5, ""lift_vs_prevalence"": 1.3333333333333333, ""precision"": 1.0, ""true_errors"": 5}","{""k"": 5, ""lift_vs_prevalence"": 1.3333333333333333, ""precision"": 1.0, ""true_errors"": 5}",2.5,0.025
0.1584048667382001,0.7824074074074073,0.9084048667382001,"{""error_rate"": 0.4, ""k"": 5, ""true_errors"": 2}",24,18,0.75,office0,voxel_semantic,object,association_repeated,"{""k"": 10, ""lift_vs_prevalence"": 1.2, ""precision"": 0.9, ""true_errors"": 9}","{""k"": 5, ""lift_vs_prevalence"": 1.0666666666666667, ""precision"": 0.8, ""true_errors"": 4}","{""k"": 5, ""lift_vs_prevalence"": 1.0666666666666667, ""precision"": 0.8, ""true_errors"": 4}",2.0,0.025
0.026673480840147534,0.6481481481481481,0.7766734808401475,"{""error_rate"": 0.4, ""k"": 5, ""true_errors"": 2}",24,18,0.75,office0,fragmentation,object,association_repeated,"{""k"": 10, ""lift_vs_prevalence"": 1.2, ""precision"": 0.9, ""true_errors"": 9}","{""k"": 5, ""lift_vs_prevalence"": 1.0666666666666667, ""precision"": 0.8, ""true_errors"": 4}","{""k"": 5, ""lift_vs_prevalence"": 1.0666666666666667, ""precision"": 0.8, ""true_errors"": 4}",2.0,0.025
0.09458149874816557,0.7175925925925927,0.8445814987481656,"{""error_rate"": 0.4, ""k"": 5, ""true_errors"": 2}",24,18,0.75,office0,duplicate_incident,object,association_repeated,"{""k"": 10, ""lift_vs_prevalence"": 1.2, ""precision"": 0.9, ""true_errors"": 9}","{""k"": 5, ""lift_vs_prevalence"": 1.0666666666666667, ""precision"": 0.8, ""true_errors"": 4}","{""k"": 5, ""lift_vs_prevalence"": 1.0666666666666667, ""precision"": 0.8, ""true_errors"": 4}",2.0,0.025
0.05247957380310331,0.6712962962962963,0.8024795738031033,"{""error_rate"": 0.4, ""k"": 5, ""true_errors"": 2}",24,18,0.75,office0,combined,object,association_repeated,"{""k"": 10, ""lift_vs_prevalence"": 1.0666666666666667, ""precision"": 0.8, ""true_errors"": 8}","{""k"": 5, ""lift_vs_prevalence"": 1.0666666666666667, ""precision"": 0.8, ""true_errors"": 4}","{""k"": 5, ""lift_vs_prevalence"": 1.0666666666666667, ""precision"": 0.8, ""true_errors"": 4}",2.0,0.025
0.18477872436205778,0.837962962962963,0.9347787243620578,"{""error_rate"": 0.4, ""k"": 5, ""true_errors"": 2}",24,18,0.75,office0,nonspatial,object,overmerge_repeated,"{""k"": 10, ""lift_vs_prevalence"": 1.2, ""precision"": 0.9, ""true_errors"": 9}","{""k"": 5, ""lift_vs_prevalence"": 1.3333333333333333, ""precision"": 1.0, ""true_errors"": 5}","{""k"": 5, ""lift_vs_prevalence"": 1.3333333333333333, ""precision"": 1.0, ""true_errors"": 5}",2.5,0.025
0.1584048667382001,0.7824074074074073,0.9084048667382001,"{""error_rate"": 0.4, ""k"": 5, ""true_errors"": 2}",24,18,0.75,office0,voxel_semantic,object,overmerge_repeated,"{""k"": 10, ""lift_vs_prevalence"": 1.2, ""precision"": 0.9, ""true_errors"": 9}","{""k"": 5, ""lift_vs_prevalence"": 1.0666666666666667, ""precision"": 0.8, ""true_errors"": 4}","{""k"": 5, ""lift_vs_prevalence"": 1.0666666666666667, ""precision"": 0.8, ""true_errors"": 4}",2.0,0.025
0.026673480840147534,0.6481481481481481,0.7766734808401475,"{""error_rate"": 0.4, ""k"": 5, ""true_errors"": 2}",24,18,0.75,office0,fragmentation,object,overmerge_repeated,"{""k"": 10, ""lift_vs_prevalence"": 1.2, ""precision"": 0.9, ""true_errors"": 9}","{""k"": 5, ""lift_vs_prevalence"": 1.0666666666666667, ""precision"": 0.8, ""true_errors"": 4}","{""k"": 5, ""lift_vs_prevalence"": 1.0666666666666667, ""precision"": 0.8, ""true_errors"": 4}",2.0,0.025
0.09458149874816557,0.7175925925925927,0.8445814987481656,"{""error_rate"": 0.4, ""k"": 5, ""true_errors"": 2}",24,18,0.75,office0,duplicate_incident,object,overmerge_repeated,"{""k"": 10, ""lift_vs_prevalence"": 1.2, ""precision"": 0.9, ""true_errors"": 9}","{""k"": 5, ""lift_vs_prevalence"": 1.0666666666666667, ""precision"": 0.8, ""true_errors"": 4}","{""k"": 5, ""lift_vs_prevalence"": 1.0666666666666667, ""precision"": 0.8, ""true_errors"": 4}",2.0,0.025
0.05247957380310331,0.6712962962962963,0.8024795738031033,"{""error_rate"": 0.4, ""k"": 5, ""true_errors"": 2}",24,18,0.75,office0,combined,object,overmerge_repeated,"{""k"": 10, ""lift_vs_prevalence"": 1.0666666666666667, ""precision"": 0.8, ""true_errors"": 8}","{""k"": 5, ""lift_vs_prevalence"": 1.0666666666666667, ""precision"": 0.8, ""true_errors"": 4}","{""k"": 5, ""lift_vs_prevalence"": 1.0666666666666667, ""precision"": 0.8, ""true_errors"": 4}",2.0,0.025
-0.0026902434797171915,0.5317460317460317,0.36094612015664645,"{""error_rate"": 0.0, ""k"": 7, ""true_errors"": 0}",33,12,0.36363636363636365,office0,nonspatial,object,split_incident,"{""k"": 10, ""lift_vs_prevalence"": 0.825, ""precision"": 0.3, ""true_errors"": 3}","{""k"": 7, ""lift_vs_prevalence"": 0.39285714285714285, ""precision"": 0.14285714285714285, ""true_errors"": 1}","{""k"": 5, ""lift_vs_prevalence"": 0.55, ""precision"": 0.2, ""true_errors"": 1}",,0.025
-0.0787889587192993,0.3035714285714286,0.28484740491706434,"{""error_rate"": 0.5714285714285714, ""k"": 7, ""true_errors"": 4}",33,12,0.36363636363636365,office0,voxel_semantic,object,split_incident,"{""k"": 10, ""lift_vs_prevalence"": 0.0, ""precision"": 0.0, ""true_errors"": 0}","{""k"": 7, ""lift_vs_prevalence"": 0.0, ""precision"": 0.0, ""true_errors"": 0}","{""k"": 5, ""lift_vs_prevalence"": 0.0, ""precision"": 0.0, ""true_errors"": 0}",0.0,0.025
-0.022494172494172515,0.47420634920634924,0.34114219114219113,"{""error_rate"": 0.2857142857142857, ""k"": 7, ""true_errors"": 2}",33,12,0.36363636363636365,office0,fragmentation,object,split_incident,"{""k"": 10, ""lift_vs_prevalence"": 0.825, ""precision"": 0.3, ""true_errors"": 3}","{""k"": 7, ""lift_vs_prevalence"": 0.39285714285714285, ""precision"": 0.14285714285714285, ""true_errors"": 1}","{""k"": 5, ""lift_vs_prevalence"": 0.55, ""precision"": 0.2, ""true_errors"": 1}",0.5,0.025
-0.0029980253664463885,0.3988095238095238,0.36063833826991726,"{""error_rate"": 0.42857142857142855, ""k"": 7, ""true_errors"": 3}",33,12,0.36363636363636365,office0,duplicate_incident,object,split_incident,"{""k"": 10, ""lift_vs_prevalence"": 1.1, ""precision"": 0.4, ""true_errors"": 4}","{""k"": 7, ""lift_vs_prevalence"": 0.7857142857142857, ""precision"": 0.2857142857142857, ""true_errors"": 2}","{""k"": 5, ""lift_vs_prevalence"": 1.1, ""precision"": 0.4, ""true_errors"": 2}",0.6666666666666666,0.025
-0.0734325898702834,0.3055555555555556,0.29020377376608025,"{""error_rate"": 0.5714285714285714, ""k"": 7, ""true_errors"": 4}",33,12,0.36363636363636365,office0,combined,object,split_incident,"{""k"": 10, ""lift_vs_prevalence"": 0.275, ""precision"": 0.1, ""true_errors"": 1}","{""k"": 7, ""lift_vs_prevalence"": 0.39285714285714285, ""precision"": 0.14285714285714285, ""true_errors"": 1}","{""k"": 5, ""lift_vs_prevalence"": 0.55, ""precision"": 0.2, ""true_errors"": 1}",0.25,0.025
0.27667984189723294,0.9565217391304348,0.97364953886693,"{""error_rate"": 0.0, ""k"": 7, ""true_errors"": 0}",33,23,0.696969696969697,office0,nonspatial,object,merge_membership_repeated,"{""k"": 10, ""lift_vs_prevalence"": 1.434782608695652, ""precision"": 1.0, ""true_errors"": 10}","{""k"": 7, ""lift_vs_prevalence"": 1.434782608695652, ""precision"": 1.0, ""true_errors"": 7}","{""k"": 5, ""lift_vs_prevalence"": 1.434782608695652, ""precision"": 1.0, ""true_errors"": 5}",,0.025
0.02392700881326537,0.6021739130434782,0.7208967057829624,"{""error_rate"": 0.42857142857142855, ""k"": 7, ""true_errors"": 3}",33,23,0.696969696969697,office0,voxel_semantic,object,merge_membership_repeated,"{""k"": 10, ""lift_vs_prevalence"": 1.0043478260869565, ""precision"": 0.7, ""true_errors"": 7}","{""k"": 7, ""lift_vs_prevalence"": 1.0248447204968945, ""precision"": 0.7142857142857143, ""true_errors"": 5}","{""k"": 5, ""lift_vs_prevalence"": 0.8608695652173912, ""precision"": 0.6, ""true_errors"": 3}",1.6666666666666667,0.025
0.11346129715694919,0.6565217391304348,0.8104309941266462,"{""error_rate"": 0.2857142857142857, ""k"": 7, ""true_errors"": 2}",33,23,0.696969696969697,office0,fragmentation,object,merge_membership_repeated,"{""k"": 10, ""lift_vs_prevalence"": 1.2913043478260868, ""precision"": 0.9, ""true_errors"": 9}","{""k"": 7, ""lift_vs_prevalence"": 1.2298136645962732, ""precision"": 0.8571428571428571, ""true_errors"": 6}","{""k"": 5, ""lift_vs_prevalence"": 1.434782608695652, ""precision"": 1.0, ""true_errors"": 5}",3.0,0.025
0.166641901195677,0.7043478260869566,0.863611598165374,"{""error_rate"": 0.42857142857142855, ""k"": 7, ""true_errors"": 3}",33,23,0.696969696969697,office0,duplicate_incident,object,merge_membership_repeated,"{""k"": 10, ""lift_vs_prevalence"": 1.434782608695652, ""precision"": 1.0, ""true_errors"": 10}","{""k"": 7, ""lift_vs_prevalence"": 1.434782608695652, ""precision"": 1.0, ""true_errors"": 7}","{""k"": 5, ""lift_vs_prevalence"": 1.434782608695652, ""precision"": 1.0, ""true_errors"": 5}",2.3333333333333335,0.025
0.057937957956539665,0.6326086956521739,0.7549076549262367,"{""error_rate"": 0.42857142857142855, ""k"": 7, ""true_errors"": 3}",33,23,0.696969696969697,office0,combined,object,merge_membership_repeated,"{""k"": 10, ""lift_vs_prevalence"": 1.1478260869565218, ""precision"": 0.8, ""true_errors"": 8}","{""k"": 7, ""lift_vs_prevalence"": 1.2298136645962732, ""precision"": 0.8571428571428571, ""true_errors"": 6}","{""k"": 5, ""lift_vs_prevalence"": 1.1478260869565218, ""precision"": 0.8, ""true_errors"": 4}",2.0,0.025
0.2386363636363633,0.9375,0.9659090909090906,"{""error_rate"": 0.0, ""k"": 7, ""true_errors"": 0}",33,24,0.7272727272727273,office0,nonspatial,object,unified_repeated,"{""k"": 10, ""lift_vs_prevalence"": 1.375, ""precision"": 1.0, ""true_errors"": 10}","{""k"": 7, ""lift_vs_prevalence"": 1.375, ""precision"": 1.0, ""true_errors"": 7}","{""k"": 5, ""lift_vs_prevalence"": 1.375, ""precision"": 1.0, ""true_errors"": 5}",,0.025
-0.004847727665065027,0.5439814814814815,0.7224249996076623,"{""error_rate"": 0.5714285714285714, ""k"": 7, ""true_errors"": 4}",33,24,0.7272727272727273,office0,voxel_semantic,object,unified_repeated,"{""k"": 10, ""lift_vs_prevalence"": 0.9624999999999999, ""precision"": 0.7, ""true_errors"": 7}","{""k"": 7, ""lift_vs_prevalence"": 0.9821428571428571, ""precision"": 0.7142857142857143, ""true_errors"": 5}","{""k"": 5, ""lift_vs_prevalence"": 0.825, ""precision"": 0.6, ""true_errors"": 3}",1.25,0.025
0.09484485421985411,0.6365740740740741,0.8221175814925814,"{""error_rate"": 0.2857142857142857, ""k"": 7, ""true_errors"": 2}",33,24,0.7272727272727273,office0,fragmentation,object,unified_repeated,"{""k"": 10, ""lift_vs_prevalence"": 1.2375, ""precision"": 0.9, ""true_errors"": 9}","{""k"": 7, ""lift_vs_prevalence"": 1.1785714285714284, ""precision"": 0.8571428571428571, ""true_errors"": 6}","{""k"": 5, ""lift_vs_prevalence"": 1.375, ""precision"": 1.0, ""true_errors"": 5}",3.0,0.025
0.1394964684438369,0.6689814814814814,0.8667691957165642,"{""error_rate"": 0.42857142857142855, ""k"": 7, ""true_errors"": 3}",33,24,0.7272727272727273,office0,duplicate_incident,object,unified_repeated,"{""k"": 10, ""lift_vs_prevalence"": 1.375, ""precision"": 1.0, ""true_errors"": 10}","{""k"": 7, ""lift_vs_prevalence"": 1.375, ""precision"": 1.0, ""true_errors"": 7}","{""k"": 5, ""lift_vs_prevalence"": 1.375, ""precision"": 1.0, ""true_errors"": 5}",2.3333333333333335,0.025
0.030271351122491907,0.5810185185185186,0.7575440783952192,"{""error_rate"": 0.5714285714285714, ""k"": 7, ""true_errors"": 4}",33,24,0.7272727272727273,office0,combined,object,unified_repeated,"{""k"": 10, ""lift_vs_prevalence"": 1.1, ""precision"": 0.8, ""true_errors"": 8}","{""k"": 7, ""lift_vs_prevalence"": 1.1785714285714284, ""precision"": 0.8571428571428571, ""true_errors"": 6}","{""k"": 5, ""lift_vs_prevalence"": 1.1, ""precision"": 0.8, ""true_errors"": 4}",1.5,0.025
0.2386363636363633,0.9375,0.9659090909090906,"{""error_rate"": 0.0, ""k"": 7, ""true_errors"": 0}",33,24,0.7272727272727273,office0,nonspatial,object,unified_plus_spurious,"{""k"": 10, ""lift_vs_prevalence"": 1.375, ""precision"": 1.0, ""true_errors"": 10}","{""k"": 7, ""lift_vs_prevalence"": 1.375, ""precision"": 1.0, ""true_errors"": 7}","{""k"": 5, ""lift_vs_prevalence"": 1.375, ""precision"": 1.0, ""true_errors"": 5}",,0.025
-0.004847727665065027,0.5439814814814815,0.7224249996076623,"{""error_rate"": 0.5714285714285714, ""k"": 7, ""true_errors"": 4}",33,24,0.7272727272727273,office0,voxel_semantic,object,unified_plus_spurious,"{""k"": 10, ""lift_vs_prevalence"": 0.9624999999999999, ""precision"": 0.7, ""true_errors"": 7}","{""k"": 7, ""lift_vs_prevalence"": 0.9821428571428571, ""precision"": 0.7142857142857143, ""true_errors"": 5}","{""k"": 5, ""lift_vs_prevalence"": 0.825, ""precision"": 0.6, ""true_errors"": 3}",1.25,0.025
0.09484485421985411,0.6365740740740741,0.8221175814925814,"{""error_rate"": 0.2857142857142857, ""k"": 7, ""true_errors"": 2}",33,24,0.7272727272727273,office0,fragmentation,object,unified_plus_spurious,"{""k"": 10, ""lift_vs_prevalence"": 1.2375, ""precision"": 0.9, ""true_errors"": 9}","{""k"": 7, ""lift_vs_prevalence"": 1.1785714285714284, ""precision"": 0.8571428571428571, ""true_errors"": 6}","{""k"": 5, ""lift_vs_prevalence"": 1.375, ""precision"": 1.0, ""true_errors"": 5}",3.0,0.025
0.1394964684438369,0.6689814814814814,0.8667691957165642,"{""error_rate"": 0.42857142857142855, ""k"": 7, ""true_errors"": 3}",33,24,0.7272727272727273,office0,duplicate_incident,object,unified_plus_spurious,"{""k"": 10, ""lift_vs_prevalence"": 1.375, ""precision"": 1.0, ""true_errors"": 10}","{""k"": 7, ""lift_vs_prevalence"": 1.375, ""precision"": 1.0, ""true_errors"": 7}","{""k"": 5, ""lift_vs_prevalence"": 1.375, ""precision"": 1.0, ""true_errors"": 5}",2.3333333333333335,0.025
0.030271351122491907,0.5810185185185186,0.7575440783952192,"{""error_rate"": 0.5714285714285714, ""k"": 7, ""true_errors"": 4}",33,24,0.7272727272727273,office0,combined,object,unified_plus_spurious,"{""k"": 10, ""lift_vs_prevalence"": 1.1, ""precision"": 0.8, ""true_errors"": 8}","{""k"": 7, ""lift_vs_prevalence"": 1.1785714285714284, ""precision"": 0.8571428571428571, ""true_errors"": 6}","{""k"": 5, ""lift_vs_prevalence"": 1.1, ""precision"": 0.8, ""true_errors"": 4}",1.5,0.025
0.4375,0.8,0.6041666666666666,"{""error_rate"": 0.0, ""k"": 5, ""true_errors"": 0}",24,4,0.16666666666666666,office0,nonspatial,object,spurious_background,"{""k"": 10, ""lift_vs_prevalence"": 1.8, ""precision"": 0.3, ""true_errors"": 3}","{""k"": 5, ""lift_vs_prevalence"": 2.4000000000000004, ""precision"": 0.4, ""true_errors"": 2}","{""k"": 5, ""lift_vs_prevalence"": 2.4000000000000004, ""precision"": 0.4, ""true_errors"": 2}",,0.025
0.37103174603174605,0.7625000000000001,0.5376984126984127,"{""error_rate"": 0.0, ""k"": 5, ""true_errors"": 0}",24,4,0.16666666666666666,office0,voxel_semantic,object,spurious_background,"{""k"": 10, ""lift_vs_prevalence"": 1.8, ""precision"": 0.3, ""true_errors"": 3}","{""k"": 5, ""lift_vs_prevalence"": 2.4000000000000004, ""precision"": 0.4, ""true_errors"": 2}","{""k"": 5, ""lift_vs_prevalence"": 2.4000000000000004, ""precision"": 0.4, ""true_errors"": 2}",,0.025
0.10208333333333333,0.6625000000000001,0.26875,"{""error_rate"": 0.0, ""k"": 5, ""true_errors"": 0}",24,4,0.16666666666666666,office0,fragmentation,object,spurious_background,"{""k"": 10, ""lift_vs_prevalence"": 1.8, ""precision"": 0.3, ""true_errors"": 3}","{""k"": 5, ""lift_vs_prevalence"": 1.2000000000000002, ""precision"": 0.2, ""true_errors"": 1}","{""k"": 5, ""lift_vs_prevalence"": 1.2000000000000002, ""precision"": 0.2, ""true_errors"": 1}",,0.025
0.059688228438228436,0.6125,0.2263548951048951,"{""error_rate"": 0.0, ""k"": 5, ""true_errors"": 0}",24,4,0.16666666666666666,office0,duplicate_incident,object,spurious_background,"{""k"": 10, ""lift_vs_prevalence"": 1.2000000000000002, ""precision"": 0.2, ""true_errors"": 2}","{""k"": 5, ""lift_vs_prevalence"": 0.0, ""precision"": 0.0, ""true_errors"": 0}","{""k"": 5, ""lift_vs_prevalence"": 0.0, ""precision"": 0.0, ""true_errors"": 0}",,0.025
0.15676725235548764,0.68125,0.3234339190221543,"{""error_rate"": 0.0, ""k"": 5, ""true_errors"": 0}",24,4,0.16666666666666666,office0,combined,object,spurious_background,"{""k"": 10, ""lift_vs_prevalence"": 1.8, ""precision"": 0.3, ""true_errors"": 3}","{""k"": 5, ""lift_vs_prevalence"": 1.2000000000000002, ""precision"": 0.2, ""true_errors"": 1}","{""k"": 5, ""lift_vs_prevalence"": 1.2000000000000002, ""precision"": 0.2, ""true_errors"": 1}",,0.025
-0.021428571428571408,0.3555555555555555,0.33571428571428574,"{""error_rate"": 0.3333333333333333, ""k"": 3, ""true_errors"": 1}",14,5,0.35714285714285715,office0,pair_r1,pair_candidate,false_split_pair,"{""k"": 10, ""lift_vs_prevalence"": 0.84, ""precision"": 0.3, ""true_errors"": 3}","{""k"": 3, ""lift_vs_prevalence"": 0.0, ""precision"": 0.0, ""true_errors"": 0}","{""k"": 5, ""lift_vs_prevalence"": 0.56, ""precision"": 0.2, ""true_errors"": 1}",0.0,0.025
-0.021428571428571408,0.3555555555555555,0.33571428571428574,"{""error_rate"": 0.3333333333333333, ""k"": 3, ""true_errors"": 1}",14,5,0.35714285714285715,office0,pair_r2,pair_candidate,false_split_pair,"{""k"": 10, ""lift_vs_prevalence"": 0.84, ""precision"": 0.3, ""true_errors"": 3}","{""k"": 3, ""lift_vs_prevalence"": 0.0, ""precision"": 0.0, ""true_errors"": 0}","{""k"": 5, ""lift_vs_prevalence"": 0.56, ""precision"": 0.2, ""true_errors"": 1}",0.0,0.025
0.13945837908221825,0.8075,0.8970341366579758,"{""error_rate"": 0.14285714285714285, ""k"": 7, ""true_errors"": 1}",33,25,0.7575757575757576,office0,nonspatial,object,mask_any,"{""k"": 10, ""lift_vs_prevalence"": 1.188, ""precision"": 0.9, ""true_errors"": 9}","{""k"": 7, ""lift_vs_prevalence"": 1.1314285714285715, ""precision"": 0.8571428571428571, ""true_errors"": 6}","{""k"": 5, ""lift_vs_prevalence"": 1.056, ""precision"": 0.8, ""true_errors"": 4}",6.0,0.05
-0.06280950046807698,0.39749999999999996,0.6947662571076806,"{""error_rate"": 0.7142857142857143, ""k"": 7, ""true_errors"": 5}",33,25,0.7575757575757576,office0,voxel_semantic,object,mask_any,"{""k"": 10, ""lift_vs_prevalence"": 0.7919999999999999, ""precision"": 0.6, ""true_errors"": 6}","{""k"": 7, ""lift_vs_prevalence"": 0.9428571428571428, ""precision"": 0.7142857142857143, ""true_errors"": 5}","{""k"": 5, ""lift_vs_prevalence"": 0.7919999999999999, ""precision"": 0.6, ""true_errors"": 3}",1.0,0.05
0.029090909090909167,0.56,0.7866666666666667,"{""error_rate"": 0.2857142857142857, ""k"": 7, ""true_errors"": 2}",33,25,0.7575757575757576,office0,fragmentation,object,mask_any,"{""k"": 10, ""lift_vs_prevalence"": 1.32, ""precision"": 1.0, ""true_errors"": 10}","{""k"": 7, ""lift_vs_prevalence"": 1.32, ""precision"": 1.0, ""true_errors"": 7}","{""k"": 5, ""lift_vs_prevalence"": 1.32, ""precision"": 1.0, ""true_errors"": 5}",3.5,0.05
0.095163059163059,0.6200000000000001,0.8527388167388166,"{""error_rate"": 0.42857142857142855, ""k"": 7, ""true_errors"": 3}",33,25,0.7575757575757576,office0,duplicate_incident,object,mask_any,"{""k"": 10, ""lift_vs_prevalence"": 1.188, ""precision"": 0.9, ""true_errors"": 9}","{""k"": 7, ""lift_vs_prevalence"": 1.32, ""precision"": 1.0, ""true_errors"": 7}","{""k"": 5, ""lift_vs_prevalence"": 1.32, ""precision"": 1.0, ""true_errors"": 5}",2.3333333333333335,0.05
-0.0206785142961613,0.4600000000000001,0.7368972432795963,"{""error_rate"": 0.7142857142857143, ""k"": 7, ""true_errors"": 5}",33,25,0.7575757575757576,office0,combined,object,mask_any,"{""k"": 10, ""lift_vs_prevalence"": 1.056, ""precision"": 0.8, ""true_errors"": 8}","{""k"": 7, ""lift_vs_prevalence"": 0.9428571428571428, ""precision"": 0.7142857142857143, ""true_errors"": 5}","{""k"": 5, ""lift_vs_prevalence"": 0.7919999999999999, ""precision"": 0.6, ""true_errors"": 3}",1.0,0.05
0.24112005887442123,0.884297520661157,0.9077867255410879,"{""error_rate"": 0.0, ""k"": 7, ""true_errors"": 0}",33,22,0.6666666666666666,office0,nonspatial,object,mask_repeated,"{""k"": 10, ""lift_vs_prevalence"": 1.35, ""precision"": 0.9, ""true_errors"": 9}","{""k"": 7, ""lift_vs_prevalence"": 1.2857142857142858, ""precision"": 0.8571428571428571, ""true_errors"": 6}","{""k"": 5, ""lift_vs_prevalence"": 1.2000000000000002, ""precision"": 0.8, ""true_errors"": 4}",,0.05
-0.04766656065580133,0.4504132231404959,0.6190001060108653,"{""error_rate"": 0.5714285714285714, ""k"": 7, ""true_errors"": 4}",33,22,0.6666666666666666,office0,voxel_semantic,object,mask_repeated,"{""k"": 10, ""lift_vs_prevalence"": 0.75, ""precision"": 0.5, ""true_errors"": 5}","{""k"": 7, ""lift_vs_prevalence"": 0.8571428571428571, ""precision"": 0.5714285714285714, ""true_errors"": 4}","{""k"": 5, ""lift_vs_prevalence"": 0.9, ""precision"": 0.6, ""true_errors"": 3}",1.0,0.05
0.0454545454545453,0.5681818181818181,0.7121212121212119,"{""error_rate"": 0.14285714285714285, ""k"": 7, ""true_errors"": 1}",33,22,0.6666666666666666,office0,fragmentation,object,mask_repeated,"{""k"": 10, ""lift_vs_prevalence"": 1.5, ""precision"": 1.0, ""true_errors"": 10}","{""k"": 7, ""lift_vs_prevalence"": 1.5, ""precision"": 1.0, ""true_errors"": 7}","{""k"": 5, ""lift_vs_prevalence"": 1.5, ""precision"": 1.0, ""true_errors"": 5}",7.0,0.05
0.1337596746687656,0.6177685950413223,0.8004263413354322,"{""error_rate"": 0.42857142857142855, ""k"": 7, ""true_errors"": 3}",33,22,0.6666666666666666,office0,duplicate_incident,object,mask_repeated,"{""k"": 10, ""lift_vs_prevalence"": 1.2000000000000002, ""precision"": 0.8, ""true_errors"": 8}","{""k"": 7, ""lift_vs_prevalence"": 1.5, ""precision"": 1.0, ""true_errors"": 7}","{""k"": 5, ""lift_vs_prevalence"": 1.5, ""precision"": 1.0, ""true_errors"": 5}",2.3333333333333335,0.05
0.00574414444735305,0.5185950413223142,0.6724108111140197,"{""error_rate"": 0.5714285714285714, ""k"": 7, ""true_errors"": 4}",33,22,0.6666666666666666,office0,combined,object,mask_repeated,"{""k"": 10, ""lift_vs_prevalence"": 1.05, ""precision"": 0.7, ""true_errors"": 7}","{""k"": 7, ""lift_vs_prevalence"": 1.0714285714285716, ""precision"": 0.7142857142857143, ""true_errors"": 5}","{""k"": 5, ""lift_vs_prevalence"": 0.9, ""precision"": 0.6, ""true_errors"": 3}",1.25,0.05
0.1894723805877464,0.8157894736842106,0.7652299563453222,"{""error_rate"": 0.0, ""k"": 7, ""true_errors"": 0}",33,19,0.5757575757575758,office0,nonspatial,object,mask_severe,"{""k"": 10, ""lift_vs_prevalence"": 1.3894736842105262, ""precision"": 0.8, ""true_errors"": 8}","{""k"": 7, ""lift_vs_prevalence"": 1.2406015037593985, ""precision"": 0.7142857142857143, ""true_errors"": 5}","{""k"": 5, ""lift_vs_prevalence"": 1.0421052631578946, ""precision"": 0.6, ""true_errors"": 3}",,0.05
0.0022413895761586033,0.5300751879699248,0.5779989653337344,"{""error_rate"": 0.2857142857142857, ""k"": 7, ""true_errors"": 2}",33,19,0.5757575757575758,office0,voxel_semantic,object,mask_severe,"{""k"": 10, ""lift_vs_prevalence"": 0.8684210526315789, ""precision"": 0.5, ""true_errors"": 5}","{""k"": 7, ""lift_vs_prevalence"": 0.9924812030075186, ""precision"": 0.5714285714285714, ""true_errors"": 4}","{""k"": 5, ""lift_vs_prevalence"": 1.0421052631578946, ""precision"": 0.6, ""true_errors"": 3}",2.0,0.05
0.06698564593301415,0.5789473684210527,0.64274322169059,"{""error_rate"": 0.14285714285714285, ""k"": 7, ""true_errors"": 1}",33,19,0.5757575757575758,office0,fragmentation,object,mask_severe,"{""k"": 10, ""lift_vs_prevalence"": 1.563157894736842, ""precision"": 0.9, ""true_errors"": 9}","{""k"": 7, ""lift_vs_prevalence"": 1.7368421052631577, ""precision"": 1.0, ""true_errors"": 7}","{""k"": 5, ""lift_vs_prevalence"": 1.7368421052631577, ""precision"": 1.0, ""true_errors"": 5}",7.0,0.05
0.21760461760461747,0.6954887218045113,0.7933621933621933,"{""error_rate"": 0.14285714285714285, ""k"": 7, ""true_errors"": 1}",33,19,0.5757575757575758,office0,duplicate_incident,object,mask_severe,"{""k"": 10, ""lift_vs_prevalence"": 1.3894736842105262, ""precision"": 0.8, ""true_errors"": 8}","{""k"": 7, ""lift_vs_prevalence"": 1.7368421052631577, ""precision"": 1.0, ""true_errors"": 7}","{""k"": 5, ""lift_vs_prevalence"": 1.7368421052631577, ""precision"": 1.0, ""true_errors"": 5}",7.0,0.05
0.07405038202251812,0.618421052631579,0.6498079577800939,"{""error_rate"": 0.2857142857142857, ""k"": 7, ""true_errors"": 2}",33,19,0.5757575757575758,office0,combined,object,mask_severe,"{""k"": 10, ""lift_vs_prevalence"": 1.2157894736842103, ""precision"": 0.7, ""true_errors"": 7}","{""k"": 7, ""lift_vs_prevalence"": 1.2406015037593985, ""precision"": 0.7142857142857143, ""true_errors"": 5}","{""k"": 5, ""lift_vs_prevalence"": 1.0421052631578946, ""precision"": 0.6, ""true_errors"": 3}",2.5,0.05
0.18918128654970745,0.931578947368421,0.9808479532163741,"{""error_rate"": 0.4, ""k"": 5, ""true_errors"": 2}",24,19,0.7916666666666666,office0,nonspatial,object,association_loose,"{""k"": 10, ""lift_vs_prevalence"": 1.2631578947368423, ""precision"": 1.0, ""true_errors"": 10}","{""k"": 5, ""lift_vs_prevalence"": 1.2631578947368423, ""precision"": 1.0, ""true_errors"": 5}","{""k"": 5, ""lift_vs_prevalence"": 1.2631578947368423, ""precision"": 1.0, ""true_errors"": 5}",2.5,0.05
0.12485684679957132,0.7736842105263159,0.916523513466238,"{""error_rate"": 0.4, ""k"": 5, ""true_errors"": 2}",24,19,0.7916666666666666,office0,voxel_semantic,object,association_loose,"{""k"": 10, ""lift_vs_prevalence"": 1.1368421052631579, ""precision"": 0.9, ""true_errors"": 9}","{""k"": 5, ""lift_vs_prevalence"": 1.0105263157894737, ""precision"": 0.8, ""true_errors"": 4}","{""k"": 5, ""lift_vs_prevalence"": 1.0105263157894737, ""precision"": 0.8, ""true_errors"": 4}",2.0,0.05
0.0328947368421052,0.5789473684210527,0.8245614035087718,"{""error_rate"": 0.6, ""k"": 5, ""true_errors"": 3}",24,19,0.7916666666666666,office0,fragmentation,object,association_loose,"{""k"": 10, ""lift_vs_prevalence"": 1.2631578947368423, ""precision"": 1.0, ""true_errors"": 10}","{""k"": 5, ""lift_vs_prevalence"": 1.2631578947368423, ""precision"": 1.0, ""true_errors"": 5}","{""k"": 5, ""lift_vs_prevalence"": 1.2631578947368423, ""precision"": 1.0, ""true_errors"": 5}",1.6666666666666667,0.05
0.06977481582744749,0.6421052631578947,0.8614414824941141,"{""error_rate"": 0.4, ""k"": 5, ""true_errors"": 2}",24,19,0.7916666666666666,office0,duplicate_incident,object,association_loose,"{""k"": 10, ""lift_vs_prevalence"": 1.1368421052631579, ""precision"": 0.9, ""true_errors"": 9}","{""k"": 5, ""lift_vs_prevalence"": 1.0105263157894737, ""precision"": 0.8, ""true_errors"": 4}","{""k"": 5, ""lift_vs_prevalence"": 1.0105263157894737, ""precision"": 0.8, ""true_errors"": 4}",2.0,0.05
0.12161367410674895,0.7368421052631579,0.9132803407734156,"{""error_rate"": 0.4, ""k"": 5, ""true_errors"": 2}",24,19,0.7916666666666666,office0,combined,object,association_loose,"{""k"": 10, ""lift_vs_prevalence"": 1.0105263157894737, ""precision"": 0.8, ""true_errors"": 8}","{""k"": 5, ""lift_vs_prevalence"": 1.2631578947368423, ""precision"": 1.0, ""true_errors"": 5}","{""k"": 5, ""lift_vs_prevalence"": 1.2631578947368423, ""precision"": 1.0, ""true_errors"": 5}",2.5,0.05
0.18477872436205778,0.837962962962963,0.9347787243620578,"{""error_rate"": 0.4, ""k"": 5, ""true_errors"": 2}",24,18,0.75,office0,nonspatial,object,association_repeated,"{""k"": 10, ""lift_vs_prevalence"": 1.2, ""precision"": 0.9, ""true_errors"": 9}","{""k"": 5, ""lift_vs_prevalence"": 1.3333333333333333, ""precision"": 1.0, ""true_errors"": 5}","{""k"": 5, ""lift_vs_prevalence"": 1.3333333333333333, ""precision"": 1.0, ""true_errors"": 5}",2.5,0.05
0.06282910081929705,0.6435185185185185,0.812829100819297,"{""error_rate"": 0.4, ""k"": 5, ""true_errors"": 2}",24,18,0.75,office0,voxel_semantic,object,association_repeated,"{""k"": 10, ""lift_vs_prevalence"": 1.0666666666666667, ""precision"": 0.8, ""true_errors"": 8}","{""k"": 5, ""lift_vs_prevalence"": 0.7999999999999999, ""precision"": 0.6, ""true_errors"": 3}","{""k"": 5, ""lift_vs_prevalence"": 0.7999999999999999, ""precision"": 0.6, ""true_errors"": 3}",1.4999999999999998,0.05
0.04166666666666674,0.5833333333333334,0.7916666666666667,"{""error_rate"": 0.6, ""k"": 5, ""true_errors"": 3}",24,18,0.75,office0,fragmentation,object,association_repeated,"{""k"": 10, ""lift_vs_prevalence"": 1.3333333333333333, ""precision"": 1.0, ""true_errors"": 10}","{""k"": 5, ""lift_vs_prevalence"": 1.3333333333333333, ""precision"": 1.0, ""true_errors"": 5}","{""k"": 5, ""lift_vs_prevalence"": 1.3333333333333333, ""precision"": 1.0, ""true_errors"": 5}",1.6666666666666667,0.05
0.10605860189193539,0.6990740740740742,0.8560586018919354,"{""error_rate"": 0.4, ""k"": 5, ""true_errors"": 2}",24,18,0.75,office0,duplicate_incident,object,association_repeated,"{""k"": 10, ""lift_vs_prevalence"": 1.2, ""precision"": 0.9, ""true_errors"": 9}","{""k"": 5, ""lift_vs_prevalence"": 1.0666666666666667, ""precision"": 0.8, ""true_errors"": 4}","{""k"": 5, ""lift_vs_prevalence"": 1.0666666666666667, ""precision"": 0.8, ""true_errors"": 4}",2.0,0.05
0.08570974590711433,0.6342592592592593,0.8357097459071143,"{""error_rate"": 0.4, ""k"": 5, ""true_errors"": 2}",24,18,0.75,office0,combined,object,association_repeated,"{""k"": 10, ""lift_vs_prevalence"": 0.9333333333333332, ""precision"": 0.7, ""true_errors"": 7}","{""k"": 5, ""lift_vs_prevalence"": 1.0666666666666667, ""precision"": 0.8, ""true_errors"": 4}","{""k"": 5, ""lift_vs_prevalence"": 1.0666666666666667, ""precision"": 0.8, ""true_errors"": 4}",2.0,0.05
0.18477872436205778,0.837962962962963,0.9347787243620578,"{""error_rate"": 0.4, ""k"": 5, ""true_errors"": 2}",24,18,0.75,office0,nonspatial,object,overmerge_repeated,"{""k"": 10, ""lift_vs_prevalence"": 1.2, ""precision"": 0.9, ""true_errors"": 9}","{""k"": 5, ""lift_vs_prevalence"": 1.3333333333333333, ""precision"": 1.0, ""true_errors"": 5}","{""k"": 5, ""lift_vs_prevalence"": 1.3333333333333333, ""precision"": 1.0, ""true_errors"": 5}",2.5,0.05
0.06282910081929705,0.6435185185185185,0.812829100819297,"{""error_rate"": 0.4, ""k"": 5, ""true_errors"": 2}",24,18,0.75,office0,voxel_semantic,object,overmerge_repeated,"{""k"": 10, ""lift_vs_prevalence"": 1.0666666666666667, ""precision"": 0.8, ""true_errors"": 8}","{""k"": 5, ""lift_vs_prevalence"": 0.7999999999999999, ""precision"": 0.6, ""true_errors"": 3}","{""k"": 5, ""lift_vs_prevalence"": 0.7999999999999999, ""precision"": 0.6, ""true_errors"": 3}",1.4999999999999998,0.05
0.04166666666666674,0.5833333333333334,0.7916666666666667,"{""error_rate"": 0.6, ""k"": 5, ""true_errors"": 3}",24,18,0.75,office0,fragmentation,object,overmerge_repeated,"{""k"": 10, ""lift_vs_prevalence"": 1.3333333333333333, ""precision"": 1.0, ""true_errors"": 10}","{""k"": 5, ""lift_vs_prevalence"": 1.3333333333333333, ""precision"": 1.0, ""true_errors"": 5}","{""k"": 5, ""lift_vs_prevalence"": 1.3333333333333333, ""precision"": 1.0, ""true_errors"": 5}",1.6666666666666667,0.05
0.10605860189193539,0.6990740740740742,0.8560586018919354,"{""error_rate"": 0.4, ""k"": 5, ""true_errors"": 2}",24,18,0.75,office0,duplicate_incident,object,overmerge_repeated,"{""k"": 10, ""lift_vs_prevalence"": 1.2, ""precision"": 0.9, ""true_errors"": 9}","{""k"": 5, ""lift_vs_prevalence"": 1.0666666666666667, ""precision"": 0.8, ""true_errors"": 4}","{""k"": 5, ""lift_vs_prevalence"": 1.0666666666666667, ""precision"": 0.8, ""true_errors"": 4}",2.0,0.05
0.08570974590711433,0.6342592592592593,0.8357097459071143,"{""error_rate"": 0.4, ""k"": 5, ""true_errors"": 2}",24,18,0.75,office0,combined,object,overmerge_repeated,"{""k"": 10, ""lift_vs_prevalence"": 0.9333333333333332, ""precision"": 0.7, ""true_errors"": 7}","{""k"": 5, ""lift_vs_prevalence"": 1.0666666666666667, ""precision"": 0.8, ""true_errors"": 4}","{""k"": 5, ""lift_vs_prevalence"": 1.0666666666666667, ""precision"": 0.8, ""true_errors"": 4}",2.0,0.05
-0.0026902434797171915,0.5317460317460317,0.36094612015664645,"{""error_rate"": 0.0, ""k"": 7, ""true_errors"": 0}",33,12,0.36363636363636365,office0,nonspatial,object,split_incident,"{""k"": 10, ""lift_vs_prevalence"": 0.825, ""precision"": 0.3, ""true_errors"": 3}","{""k"": 7, ""lift_vs_prevalence"": 0.39285714285714285, ""precision"": 0.14285714285714285, ""true_errors"": 1}","{""k"": 5, ""lift_vs_prevalence"": 0.55, ""precision"": 0.2, ""true_errors"": 1}",,0.05
-0.10477691907632125,0.18849206349206354,0.2588594445600424,"{""error_rate"": 0.5714285714285714, ""k"": 7, ""true_errors"": 4}",33,12,0.36363636363636365,office0,voxel_semantic,object,split_incident,"{""k"": 10, ""lift_vs_prevalence"": 0.0, ""precision"": 0.0, ""true_errors"": 0}","{""k"": 7, ""lift_vs_prevalence"": 0.0, ""precision"": 0.0, ""true_errors"": 0}","{""k"": 5, ""lift_vs_prevalence"": 0.0, ""precision"": 0.0, ""true_errors"": 0}",0.0,0.05
0.011363636363636354,0.494047619047619,0.375,"{""error_rate"": 0.0, ""k"": 7, ""true_errors"": 0}",33,12,0.36363636363636365,office0,fragmentation,object,split_incident,"{""k"": 10, ""lift_vs_prevalence"": 0.825, ""precision"": 0.3, ""true_errors"": 3}","{""k"": 7, ""lift_vs_prevalence"": 0.39285714285714285, ""precision"": 0.14285714285714285, ""true_errors"": 1}","{""k"": 5, ""lift_vs_prevalence"": 0.55, ""precision"": 0.2, ""true_errors"": 1}",,0.05
0.027837902837902828,0.4384920634920635,0.3914742664742665,"{""error_rate"": 0.42857142857142855, ""k"": 7, ""true_errors"": 3}",33,12,0.36363636363636365,office0,duplicate_incident,object,split_incident,"{""k"": 10, ""lift_vs_prevalence"": 1.1, ""precision"": 0.4, ""true_errors"": 4}","{""k"": 7, ""lift_vs_prevalence"": 1.1785714285714284, ""precision"": 0.42857142857142855, ""true_errors"": 3}","{""k"": 5, ""lift_vs_prevalence"": 1.1, ""precision"": 0.4, ""true_errors"": 2}",1.0,0.05
-0.05845722260195946,0.29960317460317465,0.3051791410344042,"{""error_rate"": 0.7142857142857143, ""k"": 7, ""true_errors"": 5}",33,12,0.36363636363636365,office0,combined,object,split_incident,"{""k"": 10, ""lift_vs_prevalence"": 0.825, ""precision"": 0.3, ""true_errors"": 3}","{""k"": 7, ""lift_vs_prevalence"": 0.7857142857142857, ""precision"": 0.2857142857142857, ""true_errors"": 2}","{""k"": 5, ""lift_vs_prevalence"": 0.55, ""precision"": 0.2, ""true_errors"": 1}",0.39999999999999997,0.05
0.27667984189723294,0.9565217391304348,0.97364953886693,"{""error_rate"": 0.0, ""k"": 7, ""true_errors"": 0}",33,23,0.696969696969697,office0,nonspatial,object,merge_membership_repeated,"{""k"": 10, ""lift_vs_prevalence"": 1.434782608695652, ""precision"": 1.0, ""true_errors"": 10}","{""k"": 7, ""lift_vs_prevalence"": 1.434782608695652, ""precision"": 1.0, ""true_errors"": 7}","{""k"": 5, ""lift_vs_prevalence"": 1.434782608695652, ""precision"": 1.0, ""true_errors"": 5}",,0.05
-0.05790036951466504,0.4391304347826087,0.639069327455032,"{""error_rate"": 0.5714285714285714, ""k"": 7, ""true_errors"": 4}",33,23,0.696969696969697,office0,voxel_semantic,object,merge_membership_repeated,"{""k"": 10, ""lift_vs_prevalence"": 0.717391304347826, ""precision"": 0.5, ""true_errors"": 5}","{""k"": 7, ""lift_vs_prevalence"": 0.8198757763975154, ""precision"": 0.5714285714285714, ""true_errors"": 4}","{""k"": 5, ""lift_vs_prevalence"": 0.8608695652173912, ""precision"": 0.6, ""true_errors"": 3}",1.0,0.05
0.039525691699604626,0.5652173913043478,0.7364953886693016,"{""error_rate"": 0.14285714285714285, ""k"": 7, ""true_errors"": 1}",33,23,0.696969696969697,office0,fragmentation,object,merge_membership_repeated,"{""k"": 10, ""lift_vs_prevalence"": 1.434782608695652, ""precision"": 1.0, ""true_errors"": 10}","{""k"": 7, ""lift_vs_prevalence"": 1.434782608695652, ""precision"": 1.0, ""true_errors"": 7}","{""k"": 5, ""lift_vs_prevalence"": 1.434782608695652, ""precision"": 1.0, ""true_errors"": 5}",7.0,0.05
0.1395100069013111,0.6608695652173913,0.8364797038710081,"{""error_rate"": 0.42857142857142855, ""k"": 7, ""true_errors"": 3}",33,23,0.696969696969697,office0,duplicate_incident,object,merge_membership_repeated,"{""k"": 10, ""lift_vs_prevalence"": 1.2913043478260868, ""precision"": 0.9, ""true_errors"": 9}","{""k"": 7, ""lift_vs_prevalence"": 1.434782608695652, ""precision"": 1.0, ""true_errors"": 7}","{""k"": 5, ""lift_vs_prevalence"": 1.434782608695652, ""precision"": 1.0, ""true_errors"": 5}",2.3333333333333335,0.05
-0.007259742321661822,0.5108695652173914,0.6897099546480352,"{""error_rate"": 0.5714285714285714, ""k"": 7, ""true_errors"": 4}",33,23,0.696969696969697,office0,combined,object,merge_membership_repeated,"{""k"": 10, ""lift_vs_prevalence"": 1.0043478260869565, ""precision"": 0.7, ""true_errors"": 7}","{""k"": 7, ""lift_vs_prevalence"": 1.0248447204968945, ""precision"": 0.7142857142857143, ""true_errors"": 5}","{""k"": 5, ""lift_vs_prevalence"": 0.8608695652173912, ""precision"": 0.6, ""true_errors"": 3}",1.25,0.05
0.2386363636363633,0.9375,0.9659090909090906,"{""error_rate"": 0.0, ""k"": 7, ""true_errors"": 0}",33,24,0.7272727272727273,office0,nonspatial,object,unified_repeated,"{""k"": 10, ""lift_vs_prevalence"": 1.375, ""precision"": 1.0, ""true_errors"": 10}","{""k"": 7, ""lift_vs_prevalence"": 1.375, ""precision"": 1.0, ""true_errors"": 7}","{""k"": 5, ""lift_vs_prevalence"": 1.375, ""precision"": 1.0, ""true_errors"": 5}",,0.05
-0.08326563189599834,0.3680555555555556,0.644007095376729,"{""error_rate"": 0.7142857142857143, ""k"": 7, ""true_errors"": 5}",33,24,0.7272727272727273,office0,voxel_semantic,object,unified_repeated,"{""k"": 10, ""lift_vs_prevalence"": 0.6875, ""precision"": 0.5, ""true_errors"": 5}","{""k"": 7, ""lift_vs_prevalence"": 0.7857142857142857, ""precision"": 0.5714285714285714, ""true_errors"": 4}","{""k"": 5, ""lift_vs_prevalence"": 0.825, ""precision"": 0.6, ""true_errors"": 3}",0.7999999999999999,0.05
0.03409090909090895,0.5625,0.7613636363636362,"{""error_rate"": 0.14285714285714285, ""k"": 7, ""true_errors"": 1}",33,24,0.7272727272727273,office0,fragmentation,object,unified_repeated,"{""k"": 10, ""lift_vs_prevalence"": 1.375, ""precision"": 1.0, ""true_errors"": 10}","{""k"": 7, ""lift_vs_prevalence"": 1.375, ""precision"": 1.0, ""true_errors"": 7}","{""k"": 5, ""lift_vs_prevalence"": 1.375, ""precision"": 1.0, ""true_errors"": 5}",7.0,0.05
0.11349506974506984,0.6226851851851851,0.8407677970177971,"{""error_rate"": 0.42857142857142855, ""k"": 7, ""true_errors"": 3}",33,24,0.7272727272727273,office0,duplicate_incident,object,unified_repeated,"{""k"": 10, ""lift_vs_prevalence"": 1.2375, ""precision"": 0.9, ""true_errors"": 9}","{""k"": 7, ""lift_vs_prevalence"": 1.375, ""precision"": 1.0, ""true_errors"": 7}","{""k"": 5, ""lift_vs_prevalence"": 1.375, ""precision"": 1.0, ""true_errors"": 5}",2.3333333333333335,0.05
-0.030947152048158233,0.45138888888888895,0.6963255752245691,"{""error_rate"": 0.7142857142857143, ""k"": 7, ""true_errors"": 5}",33,24,0.7272727272727273,office0,combined,object,unified_repeated,"{""k"": 10, ""lift_vs_prevalence"": 0.9624999999999999, ""precision"": 0.7, ""true_errors"": 7}","{""k"": 7, ""lift_vs_prevalence"": 0.9821428571428571, ""precision"": 0.7142857142857143, ""true_errors"": 5}","{""k"": 5, ""lift_vs_prevalence"": 0.825, ""precision"": 0.6, ""true_errors"": 3}",1.0,0.05
0.2386363636363633,0.9375,0.9659090909090906,"{""error_rate"": 0.0, ""k"": 7, ""true_errors"": 0}",33,24,0.7272727272727273,office0,nonspatial,object,unified_plus_spurious,"{""k"": 10, ""lift_vs_prevalence"": 1.375, ""precision"": 1.0, ""true_errors"": 10}","{""k"": 7, ""lift_vs_prevalence"": 1.375, ""precision"": 1.0, ""true_errors"": 7}","{""k"": 5, ""lift_vs_prevalence"": 1.375, ""precision"": 1.0, ""true_errors"": 5}",,0.05
-0.08326563189599834,0.3680555555555556,0.644007095376729,"{""error_rate"": 0.7142857142857143, ""k"": 7, ""true_errors"": 5}",33,24,0.7272727272727273,office0,voxel_semantic,object,unified_plus_spurious,"{""k"": 10, ""lift_vs_prevalence"": 0.6875, ""precision"": 0.5, ""true_errors"": 5}","{""k"": 7, ""lift_vs_prevalence"": 0.7857142857142857, ""precision"": 0.5714285714285714, ""true_errors"": 4}","{""k"": 5, ""lift_vs_prevalence"": 0.825, ""precision"": 0.6, ""true_errors"": 3}",0.7999999999999999,0.05
0.03409090909090895,0.5625,0.7613636363636362,"{""error_rate"": 0.14285714285714285, ""k"": 7, ""true_errors"": 1}",33,24,0.7272727272727273,office0,fragmentation,object,unified_plus_spurious,"{""k"": 10, ""lift_vs_prevalence"": 1.375, ""precision"": 1.0, ""true_errors"": 10}","{""k"": 7, ""lift_vs_prevalence"": 1.375, ""precision"": 1.0, ""true_errors"": 7}","{""k"": 5, ""lift_vs_prevalence"": 1.375, ""precision"": 1.0, ""true_errors"": 5}",7.0,0.05
0.11349506974506984,0.6226851851851851,0.8407677970177971,"{""error_rate"": 0.42857142857142855, ""k"": 7, ""true_errors"": 3}",33,24,0.7272727272727273,office0,duplicate_incident,object,unified_plus_spurious,"{""k"": 10, ""lift_vs_prevalence"": 1.2375, ""precision"": 0.9, ""true_errors"": 9}","{""k"": 7, ""lift_vs_prevalence"": 1.375, ""precision"": 1.0, ""true_errors"": 7}","{""k"": 5, ""lift_vs_prevalence"": 1.375, ""precision"": 1.0, ""true_errors"": 5}",2.3333333333333335,0.05
-0.030947152048158233,0.45138888888888895,0.6963255752245691,"{""error_rate"": 0.7142857142857143, ""k"": 7, ""true_errors"": 5}",33,24,0.7272727272727273,office0,combined,object,unified_plus_spurious,"{""k"": 10, ""lift_vs_prevalence"": 0.9624999999999999, ""precision"": 0.7, ""true_errors"": 7}","{""k"": 7, ""lift_vs_prevalence"": 0.9821428571428571, ""precision"": 0.7142857142857143, ""true_errors"": 5}","{""k"": 5, ""lift_vs_prevalence"": 0.825, ""precision"": 0.6, ""true_errors"": 3}",1.0,0.05
0.4375,0.8,0.6041666666666666,"{""error_rate"": 0.0, ""k"": 5, ""true_errors"": 0}",24,4,0.16666666666666666,office0,nonspatial,object,spurious_background,"{""k"": 10, ""lift_vs_prevalence"": 1.8, ""precision"": 0.3, ""true_errors"": 3}","{""k"": 5, ""lift_vs_prevalence"": 2.4000000000000004, ""precision"": 0.4, ""true_errors"": 2}","{""k"": 5, ""lift_vs_prevalence"": 2.4000000000000004, ""precision"": 0.4, ""true_errors"": 2}",,0.05
0.45833333333333337,0.8937499999999999,0.625,"{""error_rate"": 0.0, ""k"": 5, ""true_errors"": 0}",24,4,0.16666666666666666,office0,voxel_semantic,object,spurious_background,"{""k"": 10, ""lift_vs_prevalence"": 2.4000000000000004, ""precision"": 0.4, ""true_errors"": 4}","{""k"": 5, ""lift_vs_prevalence"": 2.4000000000000004, ""precision"": 0.4, ""true_errors"": 2}","{""k"": 5, ""lift_vs_prevalence"": 2.4000000000000004, ""precision"": 0.4, ""true_errors"": 2}",,0.05
0.20833333333333334,0.5875,0.375,"{""error_rate"": 0.2, ""k"": 5, ""true_errors"": 1}",24,4,0.16666666666666666,office0,fragmentation,object,spurious_background,"{""k"": 10, ""lift_vs_prevalence"": 1.8, ""precision"": 0.3, ""true_errors"": 3}","{""k"": 5, ""lift_vs_prevalence"": 1.2000000000000002, ""precision"": 0.2, ""true_errors"": 1}","{""k"": 5, ""lift_vs_prevalence"": 1.2000000000000002, ""precision"": 0.2, ""true_errors"": 1}",1.0,0.05
0.036904761904761885,0.55,0.20357142857142854,"{""error_rate"": 0.0, ""k"": 5, ""true_errors"": 0}",24,4,0.16666666666666666,office0,duplicate_incident,object,spurious_background,"{""k"": 10, ""lift_vs_prevalence"": 0.6000000000000001, ""precision"": 0.1, ""true_errors"": 1}","{""k"": 5, ""lift_vs_prevalence"": 0.0, ""precision"": 0.0, ""true_errors"": 0}","{""k"": 5, ""lift_vs_prevalence"": 0.0, ""precision"": 0.0, ""true_errors"": 0}",,0.05
0.29734848484848486,0.7250000000000001,0.4640151515151515,"{""error_rate"": 0.0, ""k"": 5, ""true_errors"": 0}",24,4,0.16666666666666666,office0,combined,object,spurious_background,"{""k"": 10, ""lift_vs_prevalence"": 1.2000000000000002, ""precision"": 0.2, ""true_errors"": 2}","{""k"": 5, ""lift_vs_prevalence"": 1.2000000000000002, ""precision"": 0.2, ""true_errors"": 1}","{""k"": 5, ""lift_vs_prevalence"": 1.2000000000000002, ""precision"": 0.2, ""true_errors"": 1}",,0.05
-0.021428571428571408,0.3956043956043956,0.32857142857142857,"{""error_rate"": 0.5, ""k"": 4, ""true_errors"": 2}",20,7,0.35,office0,pair_r1,pair_candidate,false_split_pair,"{""k"": 10, ""lift_vs_prevalence"": 0.28571428571428575, ""precision"": 0.1, ""true_errors"": 1}","{""k"": 4, ""lift_vs_prevalence"": 0.0, ""precision"": 0.0, ""true_errors"": 0}","{""k"": 5, ""lift_vs_prevalence"": 0.5714285714285715, ""precision"": 0.2, ""true_errors"": 1}",0.0,0.05
-0.02619047619047621,0.25274725274725274,0.32380952380952377,"{""error_rate"": 0.75, ""k"": 4, ""true_errors"": 3}",20,7,0.35,office0,pair_r2,pair_candidate,false_split_pair,"{""k"": 10, ""lift_vs_prevalence"": 0.28571428571428575, ""precision"": 0.1, ""true_errors"": 1}","{""k"": 4, ""lift_vs_prevalence"": 0.0, ""precision"": 0.0, ""true_errors"": 0}","{""k"": 5, ""lift_vs_prevalence"": 0.0, ""precision"": 0.0, ""true_errors"": 0}",0.0,0.05
0.13945837908221825,0.8075,0.8970341366579758,"{""error_rate"": 0.14285714285714285, ""k"": 7, ""true_errors"": 1}",33,25,0.7575757575757576,office0,nonspatial,object,mask_any,"{""k"": 10, ""lift_vs_prevalence"": 1.188, ""precision"": 0.9, ""true_errors"": 9}","{""k"": 7, ""lift_vs_prevalence"": 1.1314285714285715, ""precision"": 0.8571428571428571, ""true_errors"": 6}","{""k"": 5, ""lift_vs_prevalence"": 1.056, ""precision"": 0.8, ""true_errors"": 4}",6.0,0.1
-0.02872013983981947,0.4625,0.7288556177359381,"{""error_rate"": 0.7142857142857143, ""k"": 7, ""true_errors"": 5}",33,25,0.7575757575757576,office0,voxel_semantic,object,mask_any,"{""k"": 10, ""lift_vs_prevalence"": 0.9239999999999999, ""precision"": 0.7, ""true_errors"": 7}","{""k"": 7, ""lift_vs_prevalence"": 0.9428571428571428, ""precision"": 0.7142857142857143, ""true_errors"": 5}","{""k"": 5, ""lift_vs_prevalence"": 1.056, ""precision"": 0.8, ""true_errors"": 4}",1.0,0.1
0.0,0.5,0.7575757575757576,"{""error_rate"": 0.2857142857142857, ""k"": 7, ""true_errors"": 2}",33,25,0.7575757575757576,office0,fragmentation,object,mask_any,"{""k"": 10, ""lift_vs_prevalence"": 1.32, ""precision"": 1.0, ""true_errors"": 10}","{""k"": 7, ""lift_vs_prevalence"": 1.32, ""precision"": 1.0, ""true_errors"": 7}","{""k"": 5, ""lift_vs_prevalence"": 1.32, ""precision"": 1.0, ""true_errors"": 5}",3.5,0.1
0.07660500343795529,0.5924999999999999,0.8341807610137129,"{""error_rate"": 0.5714285714285714, ""k"": 7, ""true_errors"": 4}",33,25,0.7575757575757576,office0,duplicate_incident,object,mask_any,"{""k"": 10, ""lift_vs_prevalence"": 1.188, ""precision"": 0.9, ""true_errors"": 9}","{""k"": 7, ""lift_vs_prevalence"": 1.1314285714285715, ""precision"": 0.8571428571428571, ""true_errors"": 6}","{""k"": 5, ""lift_vs_prevalence"": 1.32, ""precision"": 1.0, ""true_errors"": 5}",1.5,0.1
-0.004048397467834808,0.53,0.7535273601079228,"{""error_rate"": 0.5714285714285714, ""k"": 7, ""true_errors"": 4}",33,25,0.7575757575757576,office0,combined,object,mask_any,"{""k"": 10, ""lift_vs_prevalence"": 0.9239999999999999, ""precision"": 0.7, ""true_errors"": 7}","{""k"": 7, ""lift_vs_prevalence"": 0.9428571428571428, ""precision"": 0.7142857142857143, ""true_errors"": 5}","{""k"": 5, ""lift_vs_prevalence"": 1.056, ""precision"": 0.8, ""true_errors"": 4}",1.25,0.1
0.24112005887442123,0.884297520661157,0.9077867255410879,"{""error_rate"": 0.0, ""k"": 7, ""true_errors"": 0}",33,22,0.6666666666666666,office0,nonspatial,object,mask_repeated,"{""k"": 10, ""lift_vs_prevalence"": 1.35, ""precision"": 0.9, ""true_errors"": 9}","{""k"": 7, ""lift_vs_prevalence"": 1.2857142857142858, ""precision"": 0.8571428571428571, ""true_errors"": 6}","{""k"": 5, ""lift_vs_prevalence"": 1.2000000000000002, ""precision"": 0.8, ""true_errors"": 4}",,0.1
-0.02210558495507542,0.4772727272727273,0.6445610817115912,"{""error_rate"": 0.5714285714285714, ""k"": 7, ""true_errors"": 4}",33,22,0.6666666666666666,office0,voxel_semantic,object,mask_repeated,"{""k"": 10, ""lift_vs_prevalence"": 0.9, ""precision"": 0.6, ""true_errors"": 6}","{""k"": 7, ""lift_vs_prevalence"": 0.8571428571428571, ""precision"": 0.5714285714285714, ""true_errors"": 4}","{""k"": 5, ""lift_vs_prevalence"": 0.9, ""precision"": 0.6, ""true_errors"": 3}",1.0,0.1
0.0,0.5,0.6666666666666666,"{""error_rate"": 0.14285714285714285, ""k"": 7, ""true_errors"": 1}",33,22,0.6666666666666666,office0,fragmentation,object,mask_repeated,"{""k"": 10, ""lift_vs_prevalence"": 1.5, ""precision"": 1.0, ""true_errors"": 10}","{""k"": 7, ""lift_vs_prevalence"": 1.5, ""precision"": 1.0, ""true_errors"": 7}","{""k"": 5, ""lift_vs_prevalence"": 1.5, ""precision"": 1.0, ""true_errors"": 5}",7.0,0.1
0.130627526842942,0.6033057851239669,0.7972941935096086,"{""error_rate"": 0.5714285714285714, ""k"": 7, ""true_errors"": 4}",33,22,0.6666666666666666,office0,duplicate_incident,object,mask_repeated,"{""k"": 10, ""lift_vs_prevalence"": 1.35, ""precision"": 0.9, ""true_errors"": 9}","{""k"": 7, ""lift_vs_prevalence"": 1.2857142857142858, ""precision"": 0.8571428571428571, ""true_errors"": 6}","{""k"": 5, ""lift_vs_prevalence"": 1.5, ""precision"": 1.0, ""true_errors"": 5}",1.5,0.1
0.014490590333998798,0.5495867768595042,0.6811572570006654,"{""error_rate"": 0.42857142857142855, ""k"": 7, ""true_errors"": 3}",33,22,0.6666666666666666,office0,combined,object,mask_repeated,"{""k"": 10, ""lift_vs_prevalence"": 0.9, ""precision"": 0.6, ""true_errors"": 6}","{""k"": 7, ""lift_vs_prevalence"": 0.8571428571428571, ""precision"": 0.5714285714285714, ""true_errors"": 4}","{""k"": 5, ""lift_vs_prevalence"": 1.2000000000000002, ""precision"": 0.8, ""true_errors"": 4}",1.3333333333333333,0.1
0.1894723805877464,0.8157894736842106,0.7652299563453222,"{""error_rate"": 0.0, ""k"": 7, ""true_errors"": 0}",33,19,0.5757575757575758,office0,nonspatial,object,mask_severe,"{""k"": 10, ""lift_vs_prevalence"": 1.3894736842105262, ""precision"": 0.8, ""true_errors"": 8}","{""k"": 7, ""lift_vs_prevalence"": 1.2406015037593985, ""precision"": 0.7142857142857143, ""true_errors"": 5}","{""k"": 5, ""lift_vs_prevalence"": 1.0421052631578946, ""precision"": 0.6, ""true_errors"": 3}",,0.1
0.0289119004231011,0.5582706766917294,0.6046694761806769,"{""error_rate"": 0.2857142857142857, ""k"": 7, ""true_errors"": 2}",33,19,0.5757575757575758,office0,voxel_semantic,object,mask_severe,"{""k"": 10, ""lift_vs_prevalence"": 1.0421052631578946, ""precision"": 0.6, ""true_errors"": 6}","{""k"": 7, ""lift_vs_prevalence"": 0.9924812030075186, ""precision"": 0.5714285714285714, ""true_errors"": 4}","{""k"": 5, ""lift_vs_prevalence"": 1.0421052631578946, ""precision"": 0.6, ""true_errors"": 3}",2.0,0.1
0.0,0.5,0.5757575757575758,"{""error_rate"": 0.14285714285714285, ""k"": 7, ""true_errors"": 1}",33,19,0.5757575757575758,office0,fragmentation,object,mask_severe,"{""k"": 10, ""lift_vs_prevalence"": 1.563157894736842, ""precision"": 0.9, ""true_errors"": 9}","{""k"": 7, ""lift_vs_prevalence"": 1.488721804511278, ""precision"": 0.8571428571428571, ""true_errors"": 6}","{""k"": 5, ""lift_vs_prevalence"": 1.7368421052631577, ""precision"": 1.0, ""true_errors"": 5}",6.0,0.1
0.22846308408093308,0.7218045112781954,0.8042206598385089,"{""error_rate"": 0.2857142857142857, ""k"": 7, ""true_errors"": 2}",33,19,0.5757575757575758,office0,duplicate_incident,object,mask_severe,"{""k"": 10, ""lift_vs_prevalence"": 1.563157894736842, ""precision"": 0.9, ""true_errors"": 9}","{""k"": 7, ""lift_vs_prevalence"": 1.488721804511278, ""precision"": 0.8571428571428571, ""true_errors"": 6}","{""k"": 5, ""lift_vs_prevalence"": 1.7368421052631577, ""precision"": 1.0, ""true_errors"": 5}",3.0,0.1
0.07169814406589203,0.6240601503759399,0.6474557198234678,"{""error_rate"": 0.14285714285714285, ""k"": 7, ""true_errors"": 1}",33,19,0.5757575757575758,office0,combined,object,mask_severe,"{""k"": 10, ""lift_vs_prevalence"": 1.0421052631578946, ""precision"": 0.6, ""true_errors"": 6}","{""k"": 7, ""lift_vs_prevalence"": 0.9924812030075186, ""precision"": 0.5714285714285714, ""true_errors"": 4}","{""k"": 5, ""lift_vs_prevalence"": 1.3894736842105262, ""precision"": 0.8, ""true_errors"": 4}",4.0,0.1
0.18918128654970745,0.931578947368421,0.9808479532163741,"{""error_rate"": 0.4, ""k"": 5, ""true_errors"": 2}",24,19,0.7916666666666666,office0,nonspatial,object,association_loose,"{""k"": 10, ""lift_vs_prevalence"": 1.2631578947368423, ""precision"": 1.0, ""true_errors"": 10}","{""k"": 5, ""lift_vs_prevalence"": 1.2631578947368423, ""precision"": 1.0, ""true_errors"": 5}","{""k"": 5, ""lift_vs_prevalence"": 1.2631578947368423, ""precision"": 1.0, ""true_errors"": 5}",2.5,0.1
0.08337150465633447,0.7526315789473684,0.8750381713230011,"{""error_rate"": 0.4, ""k"": 5, ""true_errors"": 2}",24,19,0.7916666666666666,office0,voxel_semantic,object,association_loose,"{""k"": 10, ""lift_vs_prevalence"": 1.1368421052631579, ""precision"": 0.9, ""true_errors"": 9}","{""k"": 5, ""lift_vs_prevalence"": 1.0105263157894737, ""precision"": 0.8, ""true_errors"": 4}","{""k"": 5, ""lift_vs_prevalence"": 1.0105263157894737, ""precision"": 0.8, ""true_errors"": 4}",2.0,0.1
0.0,0.5,0.7916666666666666,"{""error_rate"": 0.8, ""k"": 5, ""true_errors"": 4}",24,19,0.7916666666666666,office0,fragmentation,object,association_loose,"{""k"": 10, ""lift_vs_prevalence"": 1.2631578947368423, ""precision"": 1.0, ""true_errors"": 10}","{""k"": 5, ""lift_vs_prevalence"": 1.2631578947368423, ""precision"": 1.0, ""true_errors"": 5}","{""k"": 5, ""lift_vs_prevalence"": 1.2631578947368423, ""precision"": 1.0, ""true_errors"": 5}",1.25,0.1
0.04290926244649573,0.5368421052631578,0.8345759291131624,"{""error_rate"": 0.8, ""k"": 5, ""true_errors"": 4}",24,19,0.7916666666666666,office0,duplicate_incident,object,association_loose,"{""k"": 10, ""lift_vs_prevalence"": 1.0105263157894737, ""precision"": 0.8, ""true_errors"": 8}","{""k"": 5, ""lift_vs_prevalence"": 1.0105263157894737, ""precision"": 0.8, ""true_errors"": 4}","{""k"": 5, ""lift_vs_prevalence"": 1.0105263157894737, ""precision"": 0.8, ""true_errors"": 4}",1.0,0.1
0.07267640340395765,0.6894736842105262,0.8643430700706243,"{""error_rate"": 0.4, ""k"": 5, ""true_errors"": 2}",24,19,0.7916666666666666,office0,combined,object,association_loose,"{""k"": 10, ""lift_vs_prevalence"": 1.1368421052631579, ""precision"": 0.9, ""true_errors"": 9}","{""k"": 5, ""lift_vs_prevalence"": 1.0105263157894737, ""precision"": 0.8, ""true_errors"": 4}","{""k"": 5, ""lift_vs_prevalence"": 1.0105263157894737, ""precision"": 0.8, ""true_errors"": 4}",2.0,0.1
0.18477872436205778,0.837962962962963,0.9347787243620578,"{""error_rate"": 0.4, ""k"": 5, ""true_errors"": 2}",24,18,0.75,office0,nonspatial,object,association_repeated,"{""k"": 10, ""lift_vs_prevalence"": 1.2, ""precision"": 0.9, ""true_errors"": 9}","{""k"": 5, ""lift_vs_prevalence"": 1.3333333333333333, ""precision"": 1.0, ""true_errors"": 5}","{""k"": 5, ""lift_vs_prevalence"": 1.3333333333333333, ""precision"": 1.0, ""true_errors"": 5}",2.5,0.1
0.05100650983003918,0.6435185185185185,0.8010065098300392,"{""error_rate"": 0.4, ""k"": 5, ""true_errors"": 2}",24,18,0.75,office0,voxel_semantic,object,association_repeated,"{""k"": 10, ""lift_vs_prevalence"": 1.0666666666666667, ""precision"": 0.8, ""true_errors"": 8}","{""k"": 5, ""lift_vs_prevalence"": 0.7999999999999999, ""precision"": 0.6, ""true_errors"": 3}","{""k"": 5, ""lift_vs_prevalence"": 0.7999999999999999, ""precision"": 0.6, ""true_errors"": 3}",1.4999999999999998,0.1
0.0,0.5,0.75,"{""error_rate"": 0.8, ""k"": 5, ""true_errors"": 4}",24,18,0.75,office0,fragmentation,object,association_repeated,"{""k"": 10, ""lift_vs_prevalence"": 1.2, ""precision"": 0.9, ""true_errors"": 9}","{""k"": 5, ""lift_vs_prevalence"": 1.3333333333333333, ""precision"": 1.0, ""true_errors"": 5}","{""k"": 5, ""lift_vs_prevalence"": 1.3333333333333333, ""precision"": 1.0, ""true_errors"": 5}",1.25,0.1
0.06927545183479134,0.5694444444444444,0.8192754518347913,"{""error_rate"": 0.8, ""k"": 5, ""true_errors"": 4}",24,18,0.75,office0,duplicate_incident,object,association_repeated,"{""k"": 10, ""lift_vs_prevalence"": 1.0666666666666667, ""precision"": 0.8, ""true_errors"": 8}","{""k"": 5, ""lift_vs_prevalence"": 1.0666666666666667, ""precision"": 0.8, ""true_errors"": 4}","{""k"": 5, ""lift_vs_prevalence"": 1.0666666666666667, ""precision"": 0.8, ""true_errors"": 4}",1.0,0.1
0.049274114592742,0.5972222222222223,0.799274114592742,"{""error_rate"": 0.4, ""k"": 5, ""true_errors"": 2}",24,18,0.75,office0,combined,object,association_repeated,"{""k"": 10, ""lift_vs_prevalence"": 1.0666666666666667, ""precision"": 0.8, ""true_errors"": 8}","{""k"": 5, ""lift_vs_prevalence"": 0.7999999999999999, ""precision"": 0.6, ""true_errors"": 3}","{""k"": 5, ""lift_vs_prevalence"": 0.7999999999999999, ""precision"": 0.6, ""true_errors"": 3}",1.4999999999999998,0.1
0.18477872436205778,0.837962962962963,0.9347787243620578,"{""error_rate"": 0.4, ""k"": 5, ""true_errors"": 2}",24,18,0.75,office0,nonspatial,object,overmerge_repeated,"{""k"": 10, ""lift_vs_prevalence"": 1.2, ""precision"": 0.9, ""true_errors"": 9}","{""k"": 5, ""lift_vs_prevalence"": 1.3333333333333333, ""precision"": 1.0, ""true_errors"": 5}","{""k"": 5, ""lift_vs_prevalence"": 1.3333333333333333, ""precision"": 1.0, ""true_errors"": 5}",2.5,0.1
0.05100650983003918,0.6435185185185185,0.8010065098300392,"{""error_rate"": 0.4, ""k"": 5, ""true_errors"": 2}",24,18,0.75,office0,voxel_semantic,object,overmerge_repeated,"{""k"": 10, ""lift_vs_prevalence"": 1.0666666666666667, ""precision"": 0.8, ""true_errors"": 8}","{""k"": 5, ""lift_vs_prevalence"": 0.7999999999999999, ""precision"": 0.6, ""true_errors"": 3}","{""k"": 5, ""lift_vs_prevalence"": 0.7999999999999999, ""precision"": 0.6, ""true_errors"": 3}",1.4999999999999998,0.1
0.0,0.5,0.75,"{""error_rate"": 0.8, ""k"": 5, ""true_errors"": 4}",24,18,0.75,office0,fragmentation,object,overmerge_repeated,"{""k"": 10, ""lift_vs_prevalence"": 1.2, ""precision"": 0.9, ""true_errors"": 9}","{""k"": 5, ""lift_vs_prevalence"": 1.3333333333333333, ""precision"": 1.0, ""true_errors"": 5}","{""k"": 5, ""lift_vs_prevalence"": 1.3333333333333333, ""precision"": 1.0, ""true_errors"": 5}",1.25,0.1
0.06927545183479134,0.5694444444444444,0.8192754518347913,"{""error_rate"": 0.8, ""k"": 5, ""true_errors"": 4}",24,18,0.75,office0,duplicate_incident,object,overmerge_repeated,"{""k"": 10, ""lift_vs_prevalence"": 1.0666666666666667, ""precision"": 0.8, ""true_errors"": 8}","{""k"": 5, ""lift_vs_prevalence"": 1.0666666666666667, ""precision"": 0.8, ""true_errors"": 4}","{""k"": 5, ""lift_vs_prevalence"": 1.0666666666666667, ""precision"": 0.8, ""true_errors"": 4}",1.0,0.1
0.049274114592742,0.5972222222222223,0.799274114592742,"{""error_rate"": 0.4, ""k"": 5, ""true_errors"": 2}",24,18,0.75,office0,combined,object,overmerge_repeated,"{""k"": 10, ""lift_vs_prevalence"": 1.0666666666666667, ""precision"": 0.8, ""true_errors"": 8}","{""k"": 5, ""lift_vs_prevalence"": 0.7999999999999999, ""precision"": 0.6, ""true_errors"": 3}","{""k"": 5, ""lift_vs_prevalence"": 0.7999999999999999, ""precision"": 0.6, ""true_errors"": 3}",1.4999999999999998,0.1
-0.0026902434797171915,0.5317460317460317,0.36094612015664645,"{""error_rate"": 0.0, ""k"": 7, ""true_errors"": 0}",33,12,0.36363636363636365,office0,nonspatial,object,split_incident,"{""k"": 10, ""lift_vs_prevalence"": 0.825, ""precision"": 0.3, ""true_errors"": 3}","{""k"": 7, ""lift_vs_prevalence"": 0.39285714285714285, ""precision"": 0.14285714285714285, ""true_errors"": 1}","{""k"": 5, ""lift_vs_prevalence"": 0.55, ""precision"": 0.2, ""true_errors"": 1}",,0.1
-0.10466125605332322,0.18452380952380953,0.25897510758304043,"{""error_rate"": 0.7142857142857143, ""k"": 7, ""true_errors"": 5}",33,12,0.36363636363636365,office0,voxel_semantic,object,split_incident,"{""k"": 10, ""lift_vs_prevalence"": 0.0, ""precision"": 0.0, ""true_errors"": 0}","{""k"": 7, ""lift_vs_prevalence"": 0.0, ""precision"": 0.0, ""true_errors"": 0}","{""k"": 5, ""lift_vs_prevalence"": 0.0, ""precision"": 0.0, ""true_errors"": 0}",0.0,0.1
0.0,0.5,0.36363636363636365,"{""error_rate"": 0.0, ""k"": 7, ""true_errors"": 0}",33,12,0.36363636363636365,office0,fragmentation,object,split_incident,"{""k"": 10, ""lift_vs_prevalence"": 0.825, ""precision"": 0.3, ""true_errors"": 3}","{""k"": 7, ""lift_vs_prevalence"": 0.7857142857142857, ""precision"": 0.2857142857142857, ""true_errors"": 2}","{""k"": 5, ""lift_vs_prevalence"": 0.55, ""precision"": 0.2, ""true_errors"": 1}",,0.1
0.016085812335812355,0.42063492063492064,0.379722175972176,"{""error_rate"": 0.42857142857142855, ""k"": 7, ""true_errors"": 3}",33,12,0.36363636363636365,office0,duplicate_incident,object,split_incident,"{""k"": 10, ""lift_vs_prevalence"": 1.1, ""precision"": 0.4, ""true_errors"": 4}","{""k"": 7, ""lift_vs_prevalence"": 1.1785714285714284, ""precision"": 0.42857142857142855, ""true_errors"": 3}","{""k"": 5, ""lift_vs_prevalence"": 1.65, ""precision"": 0.6, ""true_errors"": 3}",1.0,0.1
-0.06166635297070083,0.26587301587301587,0.3019700106656628,"{""error_rate"": 0.7142857142857143, ""k"": 7, ""true_errors"": 5}",33,12,0.36363636363636365,office0,combined,object,split_incident,"{""k"": 10, ""lift_vs_prevalence"": 0.55, ""precision"": 0.2, ""true_errors"": 2}","{""k"": 7, ""lift_vs_prevalence"": 0.39285714285714285, ""precision"": 0.14285714285714285, ""true_errors"": 1}","{""k"": 5, ""lift_vs_prevalence"": 0.55, ""precision"": 0.2, ""true_errors"": 1}",0.19999999999999998,0.1
0.27667984189723294,0.9565217391304348,0.97364953886693,"{""error_rate"": 0.0, ""k"": 7, ""true_errors"": 0}",33,23,0.696969696969697,office0,nonspatial,object,merge_membership_repeated,"{""k"": 10, ""lift_vs_prevalence"": 1.434782608695652, ""precision"": 1.0, ""true_errors"": 10}","{""k"": 7, ""lift_vs_prevalence"": 1.434782608695652, ""precision"": 1.0, ""true_errors"": 7}","{""k"": 5, ""lift_vs_prevalence"": 1.434782608695652, ""precision"": 1.0, ""true_errors"": 5}",,0.1
-0.040661662300305323,0.4456521739130435,0.6563080346693917,"{""error_rate"": 0.5714285714285714, ""k"": 7, ""true_errors"": 4}",33,23,0.696969696969697,office0,voxel_semantic,object,merge_membership_repeated,"{""k"": 10, ""lift_vs_prevalence"": 0.8608695652173912, ""precision"": 0.6, ""true_errors"": 6}","{""k"": 7, ""lift_vs_prevalence"": 0.8198757763975154, ""precision"": 0.5714285714285714, ""true_errors"": 4}","{""k"": 5, ""lift_vs_prevalence"": 0.8608695652173912, ""precision"": 0.6, ""true_errors"": 3}",1.0,0.1
0.0,0.5,0.696969696969697,"{""error_rate"": 0.14285714285714285, ""k"": 7, ""true_errors"": 1}",33,23,0.696969696969697,office0,fragmentation,object,merge_membership_repeated,"{""k"": 10, ""lift_vs_prevalence"": 1.434782608695652, ""precision"": 1.0, ""true_errors"": 10}","{""k"": 7, ""lift_vs_prevalence"": 1.434782608695652, ""precision"": 1.0, ""true_errors"": 7}","{""k"": 5, ""lift_vs_prevalence"": 1.434782608695652, ""precision"": 1.0, ""true_errors"": 5}",7.0,0.1
0.11374973272893873,0.6065217391304348,0.8107194296986358,"{""error_rate"": 0.5714285714285714, ""k"": 7, ""true_errors"": 4}",33,23,0.696969696969697,office0,duplicate_incident,object,merge_membership_repeated,"{""k"": 10, ""lift_vs_prevalence"": 1.2913043478260868, ""precision"": 0.9, ""true_errors"": 9}","{""k"": 7, ""lift_vs_prevalence"": 1.2298136645962732, ""precision"": 0.8571428571428571, ""true_errors"": 6}","{""k"": 5, ""lift_vs_prevalence"": 1.434782608695652, ""precision"": 1.0, ""true_errors"": 5}",1.5,0.1
-0.009854850352459699,0.4978260869565217,0.6871148466172373,"{""error_rate"": 0.5714285714285714, ""k"": 7, ""true_errors"": 4}",33,23,0.696969696969697,office0,combined,object,merge_membership_repeated,"{""k"": 10, ""lift_vs_prevalence"": 0.8608695652173912, ""precision"": 0.6, ""true_errors"": 6}","{""k"": 7, ""lift_vs_prevalence"": 0.8198757763975154, ""precision"": 0.5714285714285714, ""true_errors"": 4}","{""k"": 5, ""lift_vs_prevalence"": 1.1478260869565218, ""precision"": 0.8, ""true_errors"": 4}",1.0,0.1
0.2386363636363633,0.9375,0.9659090909090906,"{""error_rate"": 0.0, ""k"": 7, ""true_errors"": 0}",33,24,0.7272727272727273,office0,nonspatial,object,unified_repeated,"{""k"": 10, ""lift_vs_prevalence"": 1.375, ""precision"": 1.0, ""true_errors"": 10}","{""k"": 7, ""lift_vs_prevalence"": 1.375, ""precision"": 1.0, ""true_errors"": 7}","{""k"": 5, ""lift_vs_prevalence"": 1.375, ""precision"": 1.0, ""true_errors"": 5}",,0.1
-0.06421995162365102,0.37962962962962965,0.6630527756490763,"{""error_rate"": 0.7142857142857143, ""k"": 7, ""true_errors"": 5}",33,24,0.7272727272727273,office0,voxel_semantic,object,unified_repeated,"{""k"": 10, ""lift_vs_prevalence"": 0.825, ""precision"": 0.6, ""true_errors"": 6}","{""k"": 7, ""lift_vs_prevalence"": 0.7857142857142857, ""precision"": 0.5714285714285714, ""true_errors"": 4}","{""k"": 5, ""lift_vs_prevalence"": 0.825, ""precision"": 0.6, ""true_errors"": 3}",0.7999999999999999,0.1
0.0,0.5,0.7272727272727273,"{""error_rate"": 0.14285714285714285, ""k"": 7, ""true_errors"": 1}",33,24,0.7272727272727273,office0,fragmentation,object,unified_repeated,"{""k"": 10, ""lift_vs_prevalence"": 1.375, ""precision"": 1.0, ""true_errors"": 10}","{""k"": 7, ""lift_vs_prevalence"": 1.375, ""precision"": 1.0, ""true_errors"": 7}","{""k"": 5, ""lift_vs_prevalence"": 1.375, ""precision"": 1.0, ""true_errors"": 5}",7.0,0.1
0.09310766628701417,0.5949074074074074,0.8203803935597415,"{""error_rate"": 0.5714285714285714, ""k"": 7, ""true_errors"": 4}",33,24,0.7272727272727273,office0,duplicate_incident,object,unified_repeated,"{""k"": 10, ""lift_vs_prevalence"": 1.2375, ""precision"": 0.9, ""true_errors"": 9}","{""k"": 7, ""lift_vs_prevalence"": 1.1785714285714284, ""precision"": 0.8571428571428571, ""true_errors"": 6}","{""k"": 5, ""lift_vs_prevalence"": 1.375, ""precision"": 1.0, ""true_errors"": 5}",1.5,0.1
-0.03217150431504656,0.43981481481481477,0.6951012229576807,"{""error_rate"": 0.7142857142857143, ""k"": 7, ""true_errors"": 5}",33,24,0.7272727272727273,office0,combined,object,unified_repeated,"{""k"": 10, ""lift_vs_prevalence"": 0.825, ""precision"": 0.6, ""true_errors"": 6}","{""k"": 7, ""lift_vs_prevalence"": 0.7857142857142857, ""precision"": 0.5714285714285714, ""true_errors"": 4}","{""k"": 5, ""lift_vs_prevalence"": 1.1, ""precision"": 0.8, ""true_errors"": 4}",0.7999999999999999,0.1
0.2386363636363633,0.9375,0.9659090909090906,"{""error_rate"": 0.0, ""k"": 7, ""true_errors"": 0}",33,24,0.7272727272727273,office0,nonspatial,object,unified_plus_spurious,"{""k"": 10, ""lift_vs_prevalence"": 1.375, ""precision"": 1.0, ""true_errors"": 10}","{""k"": 7, ""lift_vs_prevalence"": 1.375, ""precision"": 1.0, ""true_errors"": 7}","{""k"": 5, ""lift_vs_prevalence"": 1.375, ""precision"": 1.0, ""true_errors"": 5}",,0.1
-0.06421995162365102,0.37962962962962965,0.6630527756490763,"{""error_rate"": 0.7142857142857143, ""k"": 7, ""true_errors"": 5}",33,24,0.7272727272727273,office0,voxel_semantic,object,unified_plus_spurious,"{""k"": 10, ""lift_vs_prevalence"": 0.825, ""precision"": 0.6, ""true_errors"": 6}","{""k"": 7, ""lift_vs_prevalence"": 0.7857142857142857, ""precision"": 0.5714285714285714, ""true_errors"": 4}","{""k"": 5, ""lift_vs_prevalence"": 0.825, ""precision"": 0.6, ""true_errors"": 3}",0.7999999999999999,0.1
0.0,0.5,0.7272727272727273,"{""error_rate"": 0.14285714285714285, ""k"": 7, ""true_errors"": 1}",33,24,0.7272727272727273,office0,fragmentation,object,unified_plus_spurious,"{""k"": 10, ""lift_vs_prevalence"": 1.375, ""precision"": 1.0, ""true_errors"": 10}","{""k"": 7, ""lift_vs_prevalence"": 1.375, ""precision"": 1.0, ""true_errors"": 7}","{""k"": 5, ""lift_vs_prevalence"": 1.375, ""precision"": 1.0, ""true_errors"": 5}",7.0,0.1
0.09310766628701417,0.5949074074074074,0.8203803935597415,"{""error_rate"": 0.5714285714285714, ""k"": 7, ""true_errors"": 4}",33,24,0.7272727272727273,office0,duplicate_incident,object,unified_plus_spurious,"{""k"": 10, ""lift_vs_prevalence"": 1.2375, ""precision"": 0.9, ""true_errors"": 9}","{""k"": 7, ""lift_vs_prevalence"": 1.1785714285714284, ""precision"": 0.8571428571428571, ""true_errors"": 6}","{""k"": 5, ""lift_vs_prevalence"": 1.375, ""precision"": 1.0, ""true_errors"": 5}",1.5,0.1
-0.03217150431504656,0.43981481481481477,0.6951012229576807,"{""error_rate"": 0.7142857142857143, ""k"": 7, ""true_errors"": 5}",33,24,0.7272727272727273,office0,combined,object,unified_plus_spurious,"{""k"": 10, ""lift_vs_prevalence"": 0.825, ""precision"": 0.6, ""true_errors"": 6}","{""k"": 7, ""lift_vs_prevalence"": 0.7857142857142857, ""precision"": 0.5714285714285714, ""true_errors"": 4}","{""k"": 5, ""lift_vs_prevalence"": 1.1, ""precision"": 0.8, ""true_errors"": 4}",0.7999999999999999,0.1
0.4375,0.8,0.6041666666666666,"{""error_rate"": 0.0, ""k"": 5, ""true_errors"": 0}",24,4,0.16666666666666666,office0,nonspatial,object,spurious_background,"{""k"": 10, ""lift_vs_prevalence"": 1.8, ""precision"": 0.3, ""true_errors"": 3}","{""k"": 5, ""lift_vs_prevalence"": 2.4000000000000004, ""precision"": 0.4, ""true_errors"": 2}","{""k"": 5, ""lift_vs_prevalence"": 2.4000000000000004, ""precision"": 0.4, ""true_errors"": 2}",,0.1
0.21825396825396823,0.825,0.3849206349206349,"{""error_rate"": 0.0, ""k"": 5, ""true_errors"": 0}",24,4,0.16666666666666666,office0,voxel_semantic,object,spurious_background,"{""k"": 10, ""lift_vs_prevalence"": 2.4000000000000004, ""precision"": 0.4, ""true_errors"": 4}","{""k"": 5, ""lift_vs_prevalence"": 2.4000000000000004, ""precision"": 0.4, ""true_errors"": 2}","{""k"": 5, ""lift_vs_prevalence"": 2.4000000000000004, ""precision"": 0.4, ""true_errors"": 2}",,0.1
0.0,0.5,0.16666666666666666,"{""error_rate"": 0.4, ""k"": 5, ""true_errors"": 2}",24,4,0.16666666666666666,office0,fragmentation,object,spurious_background,"{""k"": 10, ""lift_vs_prevalence"": 1.2000000000000002, ""precision"": 0.2, ""true_errors"": 2}","{""k"": 5, ""lift_vs_prevalence"": 1.2000000000000002, ""precision"": 0.2, ""true_errors"": 1}","{""k"": 5, ""lift_vs_prevalence"": 1.2000000000000002, ""precision"": 0.2, ""true_errors"": 1}",0.5,0.1
0.061480186480186494,0.51875,0.22814685314685315,"{""error_rate"": 0.2, ""k"": 5, ""true_errors"": 1}",24,4,0.16666666666666666,office0,duplicate_incident,object,spurious_background,"{""k"": 10, ""lift_vs_prevalence"": 0.6000000000000001, ""precision"": 0.1, ""true_errors"": 1}","{""k"": 5, ""lift_vs_prevalence"": 1.2000000000000002, ""precision"": 0.2, ""true_errors"": 1}","{""k"": 5, ""lift_vs_prevalence"": 1.2000000000000002, ""precision"": 0.2, ""true_errors"": 1}",1.0,0.1
0.11858974358974358,0.71875,0.28525641025641024,"{""error_rate"": 0.0, ""k"": 5, ""true_errors"": 0}",24,4,0.16666666666666666,office0,combined,object,spurious_background,"{""k"": 10, ""lift_vs_prevalence"": 1.8, ""precision"": 0.3, ""true_errors"": 3}","{""k"": 5, ""lift_vs_prevalence"": 1.2000000000000002, ""precision"": 0.2, ""true_errors"": 1}","{""k"": 5, ""lift_vs_prevalence"": 1.2000000000000002, ""precision"": 0.2, ""true_errors"": 1}",,0.1
-0.026031746031746072,0.32986111111111116,0.3339682539682539,"{""error_rate"": 0.8, ""k"": 5, ""true_errors"": 4}",25,9,0.36,office0,pair_r1,pair_candidate,false_split_pair,"{""k"": 10, ""lift_vs_prevalence"": 0.5555555555555556, ""precision"": 0.2, ""true_errors"": 2}","{""k"": 5, ""lift_vs_prevalence"": 0.5555555555555556, ""precision"": 0.2, ""true_errors"": 1}","{""k"": 5, ""lift_vs_prevalence"": 0.5555555555555556, ""precision"": 0.2, ""true_errors"": 1}",0.25,0.1
-0.037777777777777743,0.3333333333333333,0.32222222222222224,"{""error_rate"": 0.8, ""k"": 5, ""true_errors"": 4}",25,9,0.36,office0,pair_r2,pair_candidate,false_split_pair,"{""k"": 10, ""lift_vs_prevalence"": 0.8333333333333334, ""precision"": 0.3, ""true_errors"": 3}","{""k"": 5, ""lift_vs_prevalence"": 0.5555555555555556, ""precision"": 0.2, ""true_errors"": 1}","{""k"": 5, ""lift_vs_prevalence"": 0.5555555555555556, ""precision"": 0.2, ""true_errors"": 1}",0.25,0.1
