ap_minus_prevalence,auroc,average_precision,bottom20_error_rate,bottom20_errors,n,positives,prevalence,scale,scene,score,target,top20_error_rate,top20_errors,top20_n,top_bottom_ratio
0.04904234836951282,0.5675925925925926,0.7012162614129911,0.5,7,69,45,0.6521739130434783,0.025,room0,voxel_majority_entropy,sidecar_original_unified,0.6428571428571429,9,14,1.2857142857142858
-0.004761433781975133,0.5143518518518518,0.6474124792615031,0.5714285714285714,8,69,45,0.6521739130434783,0.025,room0,voxel_vote_entropy,sidecar_original_unified,0.6428571428571429,9,14,1.1250000000000002
0.03854189825134913,0.5319444444444444,0.6907158112948274,0.5714285714285714,8,69,45,0.6521739130434783,0.025,room0,voxel_mean_disagreement,sidecar_original_unified,0.6428571428571429,9,14,1.1250000000000002
-0.03162489398679691,0.4976851851851851,0.6205490190566814,0.42857142857142855,6,69,45,0.6521739130434783,0.025,room0,voxel_second_region,sidecar_original_unified,0.5,7,14,1.1666666666666667
0.08289838811527339,0.5981481481481481,0.7350723011587517,0.5,7,69,45,0.6521739130434783,0.025,room0,voxel_second_fraction,sidecar_original_unified,0.8571428571428571,12,14,1.7142857142857142
-0.06644715258117251,0.4574074074074073,0.5857267604623058,0.6428571428571429,9,69,45,0.6521739130434783,0.025,room0,fragmentation,sidecar_original_unified,0.35714285714285715,5,14,0.5555555555555556
-0.023884409309917976,0.4351851851851852,0.6282895037335603,0.7142857142857143,10,69,45,0.6521739130434783,0.025,room0,pair_conflict,sidecar_original_unified,0.6428571428571429,9,14,0.9
0.13154685722827686,0.7199074074074074,0.7837207702717551,0.35714285714285715,5,69,45,0.6521739130434783,0.025,room0,nonspatial_owner_label_entropy,sidecar_original_unified,0.7857142857142857,11,14,2.1999999999999997
-0.021873741803257407,0.47962962962962963,0.6303001712402209,0.6428571428571429,9,69,45,0.6521739130434783,0.025,room0,frozen_semantic_max,sidecar_original_unified,0.7142857142857143,10,14,1.1111111111111112
-0.0778079465349476,0.35277777777777775,0.5743659665085307,0.9285714285714286,13,69,45,0.6521739130434783,0.025,room0,frozen_combined_max,sidecar_original_unified,0.5714285714285714,8,14,0.6153846153846153
0.052623956111219394,0.5712962962962963,0.7047978691546977,0.5,7,69,45,0.6521739130434783,0.025,room0,framebalanced_majority_entropy,sidecar_original_unified,0.7142857142857143,10,14,1.4285714285714286
0.07583847634592955,0.5930555555555556,0.7280123893894078,0.42857142857142855,6,69,45,0.6521739130434783,0.025,room0,framebalanced_mean_disagreement,sidecar_original_unified,0.7142857142857143,10,14,1.6666666666666667
-0.02026374762952965,0.512962962962963,0.6319101654139486,0.5714285714285714,8,69,45,0.6521739130434783,0.025,room0,persistent_conflict_fraction,sidecar_original_unified,0.5714285714285714,8,14,1.0
-0.11109049401005733,0.32731481481481484,0.5410834190334209,0.7857142857142857,11,69,45,0.6521739130434783,0.025,room0,multi_owner_voxel_fraction,sidecar_original_unified,0.35714285714285715,5,14,0.4545454545454546
-0.0674429900973188,0.36481481481481476,0.5847309229461595,0.8571428571428571,12,69,45,0.6521739130434783,0.025,room0,mean_owner_entropy,sidecar_original_unified,0.5,7,14,0.5833333333333334
-0.13872548790455586,0.2675925925925926,0.5134484251389224,0.8571428571428571,12,69,45,0.6521739130434783,0.025,room0,foreign_owner_link_fraction,sidecar_original_unified,0.21428571428571427,3,14,0.25
0.04879954991961899,0.5324074074074074,0.7009734629630973,0.6428571428571429,9,69,45,0.6521739130434783,0.025,room0,semantic_mean,sidecar_original_unified,0.6428571428571429,9,14,1.0
-0.015552653301093233,0.5055555555555556,0.636621259742385,0.7142857142857143,10,69,45,0.6521739130434783,0.025,room0,combined_mean,sidecar_original_unified,0.5714285714285714,8,14,0.7999999999999999
-0.03267020680184152,0.4675925925925926,0.6195037062416368,0.7142857142857143,10,69,45,0.6521739130434783,0.025,room0,combined_top2_mean,sidecar_original_unified,0.5714285714285714,8,14,0.7999999999999999
0.07247169736587966,0.5546296296296297,0.7246456104093579,0.6428571428571429,9,69,45,0.6521739130434783,0.025,room0,framebalanced_semantic_mean,sidecar_original_unified,0.7857142857142857,11,14,1.222222222222222
-0.1125495721476667,0.2967592592592593,0.5396243408958116,0.8571428571428571,12,69,45,0.6521739130434783,0.025,room0,owner_overlap_mean,sidecar_original_unified,0.2857142857142857,4,14,0.3333333333333333
0.2990467206038706,0.9203703703703704,0.9512206336473489,0.0,0,69,45,0.6521739130434783,0.025,room0,size_num_detections,sidecar_original_unified,1.0,14,14,
0.2576029342109448,0.8564814814814815,0.9097768472544231,0.21428571428571427,3,69,45,0.6521739130434783,0.025,room0,size_object_voxels,sidecar_original_unified,0.9285714285714286,13,14,4.333333333333334
-0.03187744105619972,0.43796296296296294,0.6202964719872786,0.6428571428571429,9,69,45,0.6521739130434783,0.025,room0,framebalanced_mean_disagreement_size_residual,sidecar_original_unified,0.5714285714285714,8,14,0.8888888888888887
0.020770144551440772,0.5324074074074073,0.672944057594919,0.5,7,69,45,0.6521739130434783,0.025,room0,framebalanced_majority_entropy_size_residual,sidecar_original_unified,0.6428571428571429,9,14,1.2857142857142858
0.0645814232302363,0.5194444444444445,0.7167553362737146,0.7142857142857143,10,69,45,0.6521739130434783,0.025,room0,mean_owner_entropy_size_residual,sidecar_original_unified,0.7857142857142857,11,14,1.0999999999999999
-0.06436208394653231,0.4287037037037037,0.587811829096946,0.7857142857142857,11,69,45,0.6521739130434783,0.025,room0,voxel_second_region_size_residual,sidecar_original_unified,0.42857142857142855,6,14,0.5454545454545454
0.14654441028940884,0.6457264957264958,0.581327018985061,0.21428571428571427,3,69,30,0.43478260869565216,0.025,room0,voxel_majority_entropy,sidecar_strict_unified,0.5714285714285714,8,14,2.6666666666666665
0.04997696612481195,0.5884615384615385,0.4847595748204641,0.21428571428571427,3,69,30,0.43478260869565216,0.025,room0,voxel_vote_entropy,sidecar_strict_unified,0.42857142857142855,6,14,2.0
0.10342959397598478,0.6055555555555556,0.5382122026716369,0.2857142857142857,4,69,30,0.43478260869565216,0.025,room0,voxel_mean_disagreement,sidecar_strict_unified,0.5714285714285714,8,14,2.0
0.066284836538885,0.5957264957264957,0.5010674452345372,0.21428571428571427,3,69,30,0.43478260869565216,0.025,room0,voxel_second_region,sidecar_strict_unified,0.5,7,14,2.3333333333333335
0.21231013282107242,0.6790598290598291,0.6470927415167246,0.21428571428571427,3,69,30,0.43478260869565216,0.025,room0,voxel_second_fraction,sidecar_strict_unified,0.7857142857142857,11,14,3.666666666666667
-0.04767564785851691,0.461965811965812,0.38710696083713525,0.42857142857142855,6,69,30,0.43478260869565216,0.025,room0,fragmentation,sidecar_strict_unified,0.21428571428571427,3,14,0.5
0.02968771328707409,0.5405982905982907,0.46447032198272625,0.42857142857142855,6,69,30,0.43478260869565216,0.025,room0,pair_conflict,sidecar_strict_unified,0.5,7,14,1.1666666666666667
0.18315600105308188,0.6923076923076923,0.617938609748734,0.14285714285714285,2,69,30,0.43478260869565216,0.025,room0,nonspatial_owner_label_entropy,sidecar_strict_unified,0.6428571428571429,9,14,4.500000000000001
0.07610817385111429,0.6021367521367522,0.5108907825467665,0.2857142857142857,4,69,30,0.43478260869565216,0.025,room0,frozen_semantic_max,sidecar_strict_unified,0.5714285714285714,8,14,2.0
-0.007376549621002315,0.47649572649572647,0.42740605907464985,0.5,7,69,30,0.43478260869565216,0.025,room0,frozen_combined_max,sidecar_strict_unified,0.35714285714285715,5,14,0.7142857142857143
0.15450377535685705,0.6491452991452993,0.5892863840525092,0.21428571428571427,3,69,30,0.43478260869565216,0.025,room0,framebalanced_majority_entropy,sidecar_strict_unified,0.6428571428571429,9,14,3.0000000000000004
0.1521337417975846,0.6474358974358975,0.5869163504932368,0.14285714285714285,2,69,30,0.43478260869565216,0.025,room0,framebalanced_mean_disagreement,sidecar_strict_unified,0.6428571428571429,9,14,4.500000000000001
0.04376416497959257,0.6034188034188035,0.47854677367524473,0.21428571428571427,3,69,30,0.43478260869565216,0.025,room0,persistent_conflict_fraction,sidecar_strict_unified,0.42857142857142855,6,14,2.0
-0.05311799572259718,0.4294871794871795,0.381664612973055,0.5714285714285714,8,69,30,0.43478260869565216,0.025,room0,multi_owner_voxel_fraction,sidecar_strict_unified,0.2857142857142857,4,14,0.5
-0.013883898673374584,0.4341880341880342,0.4208987100222776,0.5714285714285714,8,69,30,0.43478260869565216,0.025,room0,mean_owner_entropy,sidecar_strict_unified,0.35714285714285715,5,14,0.625
-0.07762993881645402,0.38547008547008543,0.35715266987919814,0.5,7,69,30,0.43478260869565216,0.025,room0,foreign_owner_link_fraction,sidecar_strict_unified,0.14285714285714285,2,14,0.2857142857142857
0.17953636127917977,0.6329059829059829,0.6143189699748319,0.2857142857142857,4,69,30,0.43478260869565216,0.025,room0,semantic_mean,sidecar_strict_unified,0.5714285714285714,8,14,2.0
0.0612934158606499,0.5905982905982905,0.49607602455630206,0.35714285714285715,5,69,30,0.43478260869565216,0.025,room0,combined_mean,sidecar_strict_unified,0.5,7,14,1.4
0.04081888932038752,0.5645299145299145,0.4756014980160397,0.35714285714285715,5,69,30,0.43478260869565216,0.025,room0,combined_top2_mean,sidecar_strict_unified,0.42857142857142855,6,14,1.2
0.19631851889196844,0.6521367521367522,0.6311011275876206,0.2857142857142857,4,69,30,0.43478260869565216,0.025,room0,framebalanced_semantic_mean,sidecar_strict_unified,0.7142857142857143,10,14,2.5
-0.05749182739492509,0.4017094017094017,0.3772907813007271,0.5,7,69,30,0.43478260869565216,0.025,room0,owner_overlap_mean,sidecar_strict_unified,0.14285714285714285,2,14,0.2857142857142857
0.30770891814931817,0.7940170940170941,0.7424915268449703,0.0,0,69,30,0.43478260869565216,0.025,room0,size_num_detections,sidecar_strict_unified,0.7857142857142857,11,14,
0.217013913045839,0.7538461538461538,0.6517965217414912,0.07142857142857142,1,69,30,0.43478260869565216,0.025,room0,size_object_voxels,sidecar_strict_unified,0.7142857142857143,10,14,10.0
0.04958264793417755,0.5418803418803418,0.4843652566298297,0.2857142857142857,4,69,30,0.43478260869565216,0.025,room0,framebalanced_mean_disagreement_size_residual,sidecar_strict_unified,0.42857142857142855,6,14,1.5
0.09926664283949399,0.6307692307692307,0.5340492515351462,0.14285714285714285,2,69,30,0.43478260869565216,0.025,room0,framebalanced_majority_entropy_size_residual,sidecar_strict_unified,0.5714285714285714,8,14,4.0
0.037950159721725274,0.5452991452991454,0.47273276841737744,0.35714285714285715,5,69,30,0.43478260869565216,0.025,room0,mean_owner_entropy_size_residual,sidecar_strict_unified,0.5,7,14,1.4
0.030423629143245146,0.5538461538461539,0.4652062378388973,0.42857142857142855,6,69,30,0.43478260869565216,0.025,room0,voxel_second_region_size_residual,sidecar_strict_unified,0.42857142857142855,6,14,1.0
0.04872862059942029,0.5594227504244482,0.49800398291826087,0.21428571428571427,3,69,31,0.4492753623188406,0.025,room0,voxel_majority_entropy,sidecar_original_mask,0.5,7,14,2.3333333333333335
0.031629425666951705,0.549660441426146,0.4809047879857923,0.35714285714285715,5,69,31,0.4492753623188406,0.025,room0,voxel_vote_entropy,sidecar_original_mask,0.42857142857142855,6,14,1.2
0.06877639878284147,0.5751273344651953,0.518051761101682,0.35714285714285715,5,69,31,0.4492753623188406,0.025,room0,voxel_mean_disagreement,sidecar_original_mask,0.5714285714285714,8,14,1.5999999999999999
0.02191387947964274,0.5318336162988115,0.4711892417984833,0.21428571428571427,3,69,31,0.4492753623188406,0.025,room0,voxel_second_region,sidecar_original_mask,0.42857142857142855,6,14,2.0
0.123360541004788,0.5950764006791172,0.5726359033236286,0.21428571428571427,3,69,31,0.4492753623188406,0.025,room0,voxel_second_fraction,sidecar_original_mask,0.7142857142857143,10,14,3.3333333333333335
-0.0318915870418639,0.4932088285229202,0.4173837752769767,0.21428571428571427,3,69,31,0.4492753623188406,0.025,room0,fragmentation,sidecar_original_mask,0.2857142857142857,4,14,1.3333333333333333
-0.0516717586384165,0.4032258064516129,0.3976036036804241,0.5714285714285714,8,69,31,0.4492753623188406,0.025,room0,pair_conflict,sidecar_original_mask,0.35714285714285715,5,14,0.625
0.15027457453593407,0.702037351443124,0.5995499368547746,0.14285714285714285,2,69,31,0.4492753623188406,0.025,room0,nonspatial_owner_label_entropy,sidecar_original_mask,0.6428571428571429,9,14,4.500000000000001
0.037329558985329914,0.5530560271646859,0.4866049213041705,0.42857142857142855,6,69,31,0.4492753623188406,0.025,room0,frozen_semantic_max,sidecar_original_mask,0.5714285714285714,8,14,1.3333333333333333
-0.04008265737187949,0.42614601018675724,0.4091927049469611,0.5714285714285714,8,69,31,0.4492753623188406,0.025,room0,frozen_combined_max,sidecar_original_mask,0.35714285714285715,5,14,0.625
0.05654292638238423,0.564516129032258,0.5058182887012248,0.21428571428571427,3,69,31,0.4492753623188406,0.025,room0,framebalanced_majority_entropy,sidecar_original_mask,0.5714285714285714,8,14,2.6666666666666665
0.09604930074848073,0.6082342954159592,0.5453246630673213,0.21428571428571427,3,69,31,0.4492753623188406,0.025,room0,framebalanced_mean_disagreement,sidecar_original_mask,0.5714285714285714,8,14,2.6666666666666665
0.03846795547407067,0.5780984719864177,0.48774331779291125,0.35714285714285715,5,69,31,0.4492753623188406,0.025,room0,persistent_conflict_fraction,sidecar_original_mask,0.5,7,14,1.4
-0.1109661360491262,0.29032258064516125,0.3383092262697144,0.7142857142857143,10,69,31,0.4492753623188406,0.025,room0,multi_owner_voxel_fraction,sidecar_original_mask,0.21428571428571427,3,14,0.3
-0.06920497088123956,0.3217317487266554,0.380070391437601,0.7142857142857143,10,69,31,0.4492753623188406,0.025,room0,mean_owner_entropy,sidecar_original_mask,0.21428571428571427,3,14,0.3
-0.11384951910230767,0.2860780984719864,0.3354258432165329,0.6428571428571429,9,69,31,0.4492753623188406,0.025,room0,foreign_owner_link_fraction,sidecar_original_mask,0.07142857142857142,1,14,0.11111111111111109
0.07251346195650887,0.5640916808149405,0.5217888242753494,0.35714285714285715,5,69,31,0.4492753623188406,0.025,room0,semantic_mean,sidecar_original_mask,0.5714285714285714,8,14,1.5999999999999999
0.000924375522604437,0.5084889643463497,0.450199737841445,0.5,7,69,31,0.4492753623188406,0.025,room0,combined_mean,sidecar_original_mask,0.35714285714285715,5,14,0.7142857142857143
-0.02634601096446021,0.4626485568760611,0.42292935135438037,0.5,7,69,31,0.4492753623188406,0.025,room0,combined_top2_mean,sidecar_original_mask,0.35714285714285715,5,14,0.7142857142857143
0.10161846003215103,0.5929541595925297,0.5508938223509916,0.35714285714285715,5,69,31,0.4492753623188406,0.025,room0,framebalanced_semantic_mean,sidecar_original_mask,0.6428571428571429,9,14,1.8
-0.1006567225034406,0.28607809847198645,0.3486186398154,0.6428571428571429,9,69,31,0.4492753623188406,0.025,room0,owner_overlap_mean,sidecar_original_mask,0.14285714285714285,2,14,0.22222222222222218
0.332150071929058,0.8242784380305602,0.7814254342478986,0.0,0,69,31,0.4492753623188406,0.025,room0,size_num_detections,sidecar_original_mask,0.8571428571428571,12,14,
0.30316591357120504,0.8387096774193549,0.7524412758900456,0.07142857142857142,1,69,31,0.4492753623188406,0.025,room0,size_object_voxels,sidecar_original_mask,0.7857142857142857,11,14,11.0
-0.004105881766635178,0.5033955857385399,0.4451694805522054,0.42857142857142855,6,69,31,0.4492753623188406,0.025,room0,framebalanced_mean_disagreement_size_residual,sidecar_original_mask,0.42857142857142855,6,14,1.0
0.04308479957582173,0.5534804753820034,0.4923601618946623,0.21428571428571427,3,69,31,0.4492753623188406,0.025,room0,framebalanced_majority_entropy_size_residual,sidecar_original_mask,0.5,7,14,2.3333333333333335
-0.029048565174016827,0.4609507640067912,0.42022679714482375,0.5,7,69,31,0.4492753623188406,0.025,room0,mean_owner_entropy_size_residual,sidecar_original_mask,0.35714285714285715,5,14,0.7142857142857143
-0.013851365616934452,0.4830220713073005,0.4354239967019061,0.5,7,69,31,0.4492753623188406,0.025,room0,voxel_second_region_size_residual,sidecar_original_mask,0.35714285714285715,5,14,0.7142857142857143
0.0655228616696431,0.5895061728395061,0.4568272094957301,0.21428571428571427,3,69,27,0.391304347826087,0.025,room0,voxel_majority_entropy,sidecar_strict_mask,0.42857142857142855,6,14,2.0
0.04435050686939729,0.5753968253968254,0.43565485469548426,0.21428571428571427,3,69,27,0.391304347826087,0.025,room0,voxel_vote_entropy,sidecar_strict_mask,0.35714285714285715,5,14,1.6666666666666667
0.05311183755618998,0.5771604938271605,0.44441618538227695,0.2857142857142857,4,69,27,0.391304347826087,0.025,room0,voxel_mean_disagreement,sidecar_strict_mask,0.5,7,14,1.75
0.05722685793937954,0.566137566137566,0.4485312057654665,0.21428571428571427,3,69,27,0.391304347826087,0.025,room0,voxel_second_region,sidecar_strict_mask,0.42857142857142855,6,14,2.0
0.1656996838443125,0.6327160493827161,0.5570040316703995,0.21428571428571427,3,69,27,0.391304347826087,0.025,room0,voxel_second_fraction,sidecar_strict_mask,0.6428571428571429,9,14,3.0000000000000004
-0.04117831584275261,0.47222222222222227,0.35012603198333436,0.2857142857142857,4,69,27,0.391304347826087,0.025,room0,fragmentation,sidecar_strict_mask,0.21428571428571427,3,14,0.75
-0.005514035526060279,0.4876543209876543,0.3857903123000267,0.42857142857142855,6,69,27,0.391304347826087,0.025,room0,pair_conflict,sidecar_strict_mask,0.35714285714285715,5,14,0.8333333333333334
0.12808657825481523,0.6693121693121693,0.5193909260809022,0.14285714285714285,2,69,27,0.391304347826087,0.025,room0,nonspatial_owner_label_entropy,sidecar_strict_mask,0.5714285714285714,8,14,4.0
0.04140476623704892,0.560405643738977,0.4327091140631359,0.2857142857142857,4,69,27,0.391304347826087,0.025,room0,frozen_semantic_max,sidecar_strict_mask,0.42857142857142855,6,14,1.5
-0.027379566267404842,0.44885361552028225,0.36392478155868213,0.42857142857142855,6,69,27,0.391304347826087,0.025,room0,frozen_combined_max,sidecar_strict_mask,0.2857142857142857,4,14,0.6666666666666666
0.07543984747108845,0.593915343915344,0.4667441952971754,0.21428571428571427,3,69,27,0.391304347826087,0.025,room0,framebalanced_majority_entropy,sidecar_strict_mask,0.5,7,14,2.3333333333333335
0.09278006337468564,0.6150793650793651,0.4840844112007726,0.14285714285714285,2,69,27,0.391304347826087,0.025,room0,framebalanced_mean_disagreement,sidecar_strict_mask,0.5714285714285714,8,14,4.0
0.028198045242558256,0.5802469135802469,0.41950239306864523,0.21428571428571427,3,69,27,0.391304347826087,0.025,room0,persistent_conflict_fraction,sidecar_strict_mask,0.35714285714285715,5,14,1.6666666666666667
-0.0705905281046359,0.37830687830687826,0.3207138197214511,0.5714285714285714,8,69,27,0.391304347826087,0.025,room0,multi_owner_voxel_fraction,sidecar_strict_mask,0.21428571428571427,3,14,0.375
-0.014063278581971483,0.40828924162257496,0.3772410692441155,0.5714285714285714,8,69,27,0.391304347826087,0.025,room0,mean_owner_entropy,sidecar_strict_mask,0.2857142857142857,4,14,0.5
-0.08171262312629418,0.35890652557319225,0.3095917246997928,0.5,7,69,27,0.391304347826087,0.025,room0,foreign_owner_link_fraction,sidecar_strict_mask,0.07142857142857142,1,14,0.14285714285714285
0.10434264562735757,0.5912698412698413,0.49564699345344454,0.2857142857142857,4,69,27,0.391304347826087,0.025,room0,semantic_mean,sidecar_strict_mask,0.5,7,14,1.75
0.029820402821135072,0.5529100529100528,0.42112475064722205,0.35714285714285715,5,69,27,0.391304347826087,0.025,room0,combined_mean,sidecar_strict_mask,0.35714285714285715,5,14,1.0
0.005805766526629841,0.5171957671957672,0.3971101143527168,0.35714285714285715,5,69,27,0.391304347826087,0.025,room0,combined_top2_mean,sidecar_strict_mask,0.2857142857142857,4,14,0.7999999999999999
0.12550072501997994,0.6164021164021164,0.5168050728460669,0.2857142857142857,4,69,27,0.391304347826087,0.025,room0,framebalanced_semantic_mean,sidecar_strict_mask,0.6428571428571429,9,14,2.2500000000000004
-0.06193720707324385,0.36948853615520283,0.3293671407528431,0.5,7,69,27,0.391304347826087,0.025,room0,owner_overlap_mean,sidecar_strict_mask,0.14285714285714285,2,14,0.2857142857142857
0.31747576985541665,0.7932098765432098,0.7087801176815036,0.0,0,69,27,0.391304347826087,0.025,room0,size_num_detections,sidecar_strict_mask,0.7142857142857143,10,14,
0.2624449996396518,0.7910052910052909,0.6537493474657388,0.07142857142857142,1,69,27,0.391304347826087,0.025,room0,size_object_voxels,sidecar_strict_mask,0.7142857142857143,10,14,10.0
0.009906283426266815,0.5202821869488536,0.4012106312523538,0.2857142857142857,4,69,27,0.391304347826087,0.025,room0,framebalanced_mean_disagreement_size_residual,sidecar_strict_mask,0.35714285714285715,5,14,1.25
0.04879581851507686,0.5837742504409171,0.44010016634116383,0.14285714285714285,2,69,27,0.391304347826087,0.025,room0,framebalanced_majority_entropy_size_residual,sidecar_strict_mask,0.42857142857142855,6,14,3.0
0.04281826469394989,0.5414462081128748,0.43412261252003687,0.35714285714285715,5,69,27,0.391304347826087,0.025,room0,mean_owner_entropy_size_residual,sidecar_strict_mask,0.42857142857142855,6,14,1.2
0.019494033969178814,0.5246913580246914,0.4107983817952658,0.42857142857142855,6,69,27,0.391304347826087,0.025,room0,voxel_second_region_size_residual,sidecar_strict_mask,0.35714285714285715,5,14,0.8333333333333334
0.04143102635145868,0.5686274509803921,0.6550673899878223,0.5555555555555556,5,44,27,0.6136363636363636,0.025,room0,voxel_majority_entropy,sidecar_original_association,0.6666666666666666,6,9,1.2
-0.11650459914170586,0.3093681917211329,0.4971317644946578,0.6666666666666666,6,44,27,0.6136363636363636,0.025,room0,voxel_vote_entropy,sidecar_original_association,0.3333333333333333,3,9,0.5
-0.11145971002021449,0.3376906318082788,0.5021766536161492,0.4444444444444444,4,44,27,0.6136363636363636,0.025,room0,voxel_mean_disagreement,sidecar_original_association,0.2222222222222222,2,9,0.5
0.05816218490249958,0.599128540305011,0.6717985485388632,0.5555555555555556,5,44,27,0.6136363636363636,0.025,room0,voxel_second_region,sidecar_original_association,0.6666666666666666,6,9,1.2
0.01431315021569457,0.5490196078431372,0.6279495138520582,0.5555555555555556,5,44,27,0.6136363636363636,0.025,room0,voxel_second_fraction,sidecar_original_association,0.5555555555555556,5,9,1.0
-0.0072057342955175185,0.5468409586056645,0.6064306293408461,0.6666666666666666,6,44,27,0.6136363636363636,0.025,room0,fragmentation,sidecar_original_association,0.4444444444444444,4,9,0.6666666666666666
0.07041251780281266,0.531590413943355,0.6840488814391763,0.6666666666666666,6,44,27,0.6136363636363636,0.025,room0,pair_conflict,sidecar_original_association,0.5555555555555556,5,9,0.8333333333333334
-0.10809757066316805,0.326797385620915,0.5055387929731956,0.6666666666666666,6,44,27,0.6136363636363636,0.025,room0,nonspatial_owner_label_entropy,sidecar_original_association,0.3333333333333333,3,9,0.5
-0.09445249766461361,0.37037037037037035,0.51918386597175,0.6666666666666666,6,44,27,0.6136363636363636,0.025,room0,frozen_semantic_max,sidecar_original_association,0.3333333333333333,3,9,0.5
-0.061634049859652484,0.39106753812636164,0.5520023137767112,0.6666666666666666,6,44,27,0.6136363636363636,0.025,room0,frozen_combined_max,sidecar_original_association,0.4444444444444444,4,9,0.6666666666666666
0.043046019927236445,0.5686274509803922,0.6566823835636001,0.5555555555555556,5,44,27,0.6136363636363636,0.025,room0,framebalanced_majority_entropy,sidecar_original_association,0.6666666666666666,6,9,1.2
-0.11258702881179194,0.33551198257080606,0.5010493348245717,0.5555555555555556,5,44,27,0.6136363636363636,0.025,room0,framebalanced_mean_disagreement,sidecar_original_association,0.1111111111111111,1,9,0.19999999999999998
-0.13051624831282316,0.2832244008714597,0.4831201153235405,0.6666666666666666,6,44,27,0.6136363636363636,0.025,room0,persistent_conflict_fraction,sidecar_original_association,0.1111111111111111,1,9,0.16666666666666666
0.0676749304869857,0.5588235294117647,0.6813112941233493,0.6666666666666666,6,44,27,0.6136363636363636,0.025,room0,multi_owner_voxel_fraction,sidecar_original_association,0.6666666666666666,6,9,1.0
0.07502574094712966,0.5413943355119826,0.6886621045834933,0.6666666666666666,6,44,27,0.6136363636363636,0.025,room0,mean_owner_entropy,sidecar_original_association,0.6666666666666666,6,9,1.0
0.015354123967329047,0.5305010893246187,0.6289904876036927,0.7777777777777778,7,44,27,0.6136363636363636,0.025,room0,foreign_owner_link_fraction,sidecar_original_association,0.5555555555555556,5,9,0.7142857142857143
-0.008047156162005686,0.4978213507625272,0.605589207474358,0.6666666666666666,6,44,27,0.6136363636363636,0.025,room0,semantic_mean,sidecar_original_association,0.4444444444444444,4,9,0.6666666666666666
0.038140492645068025,0.533769063180828,0.6517768562814317,0.6666666666666666,6,44,27,0.6136363636363636,0.025,room0,combined_mean,sidecar_original_association,0.6666666666666666,6,9,1.0
-0.014882685833559894,0.49019607843137253,0.5987536778028038,0.5555555555555556,5,44,27,0.6136363636363636,0.025,room0,combined_top2_mean,sidecar_original_association,0.4444444444444444,4,9,0.7999999999999999
-0.04306006198710832,0.4433551198257081,0.5705763016492553,0.6666666666666666,6,44,27,0.6136363636363636,0.025,room0,framebalanced_semantic_mean,sidecar_original_association,0.4444444444444444,4,9,0.6666666666666666
0.0797704972481651,0.5435729847494554,0.6934068608845287,0.7777777777777778,7,44,27,0.6136363636363636,0.025,room0,owner_overlap_mean,sidecar_original_association,0.6666666666666666,6,9,0.8571428571428571
0.09487794415602002,0.6176470588235294,0.7085143077923837,0.3333333333333333,3,44,27,0.6136363636363636,0.025,room0,size_num_detections,sidecar_original_association,0.5555555555555556,5,9,1.6666666666666667
0.027356822701958605,0.522875816993464,0.6409931863383223,0.4444444444444444,4,44,27,0.6136363636363636,0.025,room0,size_object_voxels,sidecar_original_association,0.4444444444444444,4,9,1.0
-0.11465949275422066,0.31808278867102396,0.498976870882143,0.6666666666666666,6,44,27,0.6136363636363636,0.025,room0,framebalanced_mean_disagreement_size_residual,sidecar_original_association,0.2222222222222222,2,9,0.3333333333333333
0.05353261087499073,0.5620915032679739,0.6671689745113544,0.5555555555555556,5,44,27,0.6136363636363636,0.025,room0,framebalanced_majority_entropy_size_residual,sidecar_original_association,0.6666666666666666,6,9,1.2
0.10014289486004402,0.607843137254902,0.7137792584964077,0.6666666666666666,6,44,27,0.6136363636363636,0.025,room0,mean_owner_entropy_size_residual,sidecar_original_association,0.7777777777777778,7,9,1.1666666666666667
0.05963836132233025,0.5751633986928104,0.6732747249586939,0.5555555555555556,5,44,27,0.6136363636363636,0.025,room0,voxel_second_region_size_residual,sidecar_original_association,0.6666666666666666,6,9,1.2
0.07377860235003098,0.5494505494505495,0.42377860235003095,0.25,1,20,7,0.35,0.025,room0,voxel_majority_entropy,sidecar_strict_association,0.25,1,4,1.0
0.0940565386993959,0.4725274725274725,0.4440565386993959,0.0,0,20,7,0.35,0.025,room0,voxel_vote_entropy,sidecar_strict_association,0.25,1,4,
-0.05016827243718003,0.3516483516483516,0.29983172756281995,0.25,1,20,7,0.35,0.025,room0,voxel_mean_disagreement,sidecar_strict_association,0.0,0,4,0.0
0.07486085343228199,0.5934065934065934,0.42486085343228197,0.25,1,20,7,0.35,0.025,room0,voxel_second_region,sidecar_strict_association,0.25,1,4,1.0
0.010971171685457415,0.49450549450549447,0.3609711716854574,0.25,1,20,7,0.35,0.025,room0,voxel_second_fraction,sidecar_strict_association,0.0,0,4,0.0
0.25473098330241184,0.6703296703296703,0.6047309833024118,0.25,1,20,7,0.35,0.025,room0,fragmentation,sidecar_strict_association,0.5,2,4,2.0
0.024427952999381608,0.49450549450549447,0.3744279529993816,0.25,1,20,7,0.35,0.025,room0,pair_conflict,sidecar_strict_association,0.0,0,4,0.0
-0.027457066742780978,0.3791208791208791,0.322542933257219,0.25,1,20,7,0.35,0.025,room0,nonspatial_owner_label_entropy,sidecar_strict_association,0.25,1,4,1.0
-0.008505779934351365,0.4505494505494505,0.3414942200656486,0.25,1,20,7,0.35,0.025,room0,frozen_semantic_max,sidecar_strict_association,0.25,1,4,1.0
-0.009345333029543545,0.43956043956043955,0.34065466697045643,0.25,1,20,7,0.35,0.025,room0,frozen_combined_max,sidecar_strict_association,0.25,1,4,1.0
0.08330241187384047,0.5604395604395604,0.43330241187384044,0.25,1,20,7,0.35,0.025,room0,framebalanced_majority_entropy,sidecar_strict_association,0.25,1,4,1.0
-0.05101861257323442,0.3516483516483516,0.29898138742676555,0.25,1,20,7,0.35,0.025,room0,framebalanced_mean_disagreement,sidecar_strict_association,0.0,0,4,0.0
-0.05303942089656377,0.34065934065934067,0.2969605791034362,0.25,1,20,7,0.35,0.025,room0,persistent_conflict_fraction,sidecar_strict_association,0.0,0,4,0.0
0.1430014430014429,0.6483516483516484,0.4930014430014429,0.25,1,20,7,0.35,0.025,room0,multi_owner_voxel_fraction,sidecar_strict_association,0.5,2,4,2.0
0.16099773242630377,0.6593406593406593,0.5109977324263038,0.25,1,20,7,0.35,0.025,room0,mean_owner_entropy,sidecar_strict_association,0.5,2,4,2.0
0.24251700680272104,0.7142857142857143,0.592517006802721,0.25,1,20,7,0.35,0.025,room0,foreign_owner_link_fraction,sidecar_strict_association,0.75,3,4,3.0
0.0024582560296846356,0.4725274725274725,0.3524582560296846,0.25,1,20,7,0.35,0.025,room0,semantic_mean,sidecar_strict_association,0.0,0,4,0.0
0.19112554112554114,0.6373626373626373,0.5411255411255411,0.25,1,20,7,0.35,0.025,room0,combined_mean,sidecar_strict_association,0.75,3,4,3.0
0.03690476190476194,0.5,0.3869047619047619,0.25,1,20,7,0.35,0.025,room0,combined_top2_mean,sidecar_strict_association,0.5,2,4,2.0
-0.018118785975928753,0.41758241758241754,0.3318812140240712,0.25,1,20,7,0.35,0.025,room0,framebalanced_semantic_mean,sidecar_strict_association,0.0,0,4,0.0
0.22397959183673477,0.6593406593406593,0.5739795918367347,0.25,1,20,7,0.35,0.025,room0,owner_overlap_mean,sidecar_strict_association,0.25,1,4,1.0
0.09886681945505477,0.4945054945054945,0.44886681945505474,0.25,1,20,7,0.35,0.025,room0,size_num_detections,sidecar_strict_association,0.25,1,4,1.0
-4.547273454780232e-06,0.4065934065934066,0.3499954527265452,0.25,1,20,7,0.35,0.025,room0,size_object_voxels,sidecar_strict_association,0.25,1,4,1.0
-0.042067967537892326,0.32967032967032966,0.30793203246210765,0.5,2,20,7,0.35,0.025,room0,framebalanced_mean_disagreement_size_residual,sidecar_strict_association,0.25,1,4,0.5
0.12139764996907854,0.5824175824175823,0.4713976499690785,0.25,1,20,7,0.35,0.025,room0,framebalanced_majority_entropy_size_residual,sidecar_strict_association,0.5,2,4,2.0
0.21272933415790563,0.6923076923076923,0.5627293341579056,0.25,1,20,7,0.35,0.025,room0,mean_owner_entropy_size_residual,sidecar_strict_association,0.75,3,4,3.0
0.06533704390847245,0.5824175824175823,0.4153370439084724,0.25,1,20,7,0.35,0.025,room0,voxel_second_region_size_residual,sidecar_strict_association,0.25,1,4,1.0
0.13386201754199567,0.6641323792486583,0.5106736117448942,0.07142857142857142,1,69,26,0.37681159420289856,0.025,room0,voxel_majority_entropy,sidecar_conservative_unified,0.5,7,14,7.0
0.07326065063986636,0.6247763864042933,0.4500722448427649,0.14285714285714285,2,69,26,0.37681159420289856,0.025,room0,voxel_vote_entropy,sidecar_conservative_unified,0.35714285714285715,5,14,2.5
0.07898710078484272,0.6247763864042934,0.4557986949877413,0.21428571428571427,3,69,26,0.37681159420289856,0.025,room0,voxel_mean_disagreement,sidecar_conservative_unified,0.5,7,14,2.3333333333333335
0.08171200595903627,0.614490161001789,0.45852360016193483,0.07142857142857142,1,69,26,0.37681159420289856,0.025,room0,voxel_second_region,sidecar_conservative_unified,0.42857142857142855,6,14,6.0
0.22655795400535028,0.7034883720930233,0.6033695482082488,0.07142857142857142,1,69,26,0.37681159420289856,0.025,room0,voxel_second_fraction,sidecar_conservative_unified,0.7142857142857143,10,14,10.0
-0.029135012381420577,0.4955277280858676,0.347676581821478,0.2857142857142857,4,69,26,0.37681159420289856,0.025,room0,fragmentation,sidecar_conservative_unified,0.21428571428571427,3,14,0.75
0.02608096799155768,0.5295169946332736,0.40289256219445624,0.35714285714285715,5,69,26,0.37681159420289856,0.025,room0,pair_conflict,sidecar_conservative_unified,0.42857142857142855,6,14,1.2
0.14990111069454737,0.70304114490161,0.5267127048974459,0.07142857142857142,1,69,26,0.37681159420289856,0.025,room0,nonspatial_owner_label_entropy,sidecar_conservative_unified,0.5714285714285714,8,14,8.0
0.08921375048655322,0.6305903398926654,0.4660253446894518,0.14285714285714285,2,69,26,0.37681159420289856,0.025,room0,frozen_semantic_max,sidecar_conservative_unified,0.5,7,14,3.5
0.004534276853116581,0.512969588550984,0.38134587105601514,0.2857142857142857,4,69,26,0.37681159420289856,0.025,room0,frozen_combined_max,sidecar_conservative_unified,0.2857142857142857,4,14,1.0
0.14169025042447048,0.6677101967799641,0.518501844627369,0.07142857142857142,1,69,26,0.37681159420289856,0.025,room0,framebalanced_majority_entropy,sidecar_conservative_unified,0.5714285714285714,8,14,8.0
0.12170163518489646,0.6641323792486582,0.498513229387795,0.07142857142857142,1,69,26,0.37681159420289856,0.025,room0,framebalanced_mean_disagreement,sidecar_conservative_unified,0.5714285714285714,8,14,8.0
0.034930129498785656,0.592128801431127,0.4117417237016842,0.21428571428571427,3,69,26,0.37681159420289856,0.025,room0,persistent_conflict_fraction,sidecar_conservative_unified,0.35714285714285715,5,14,1.6666666666666667
-0.050916288591368875,0.4203935599284436,0.3258953056115297,0.5,7,69,26,0.37681159420289856,0.025,room0,multi_owner_voxel_fraction,sidecar_conservative_unified,0.21428571428571427,3,14,0.42857142857142855
0.009698621763690962,0.445438282647585,0.3865102159665895,0.5,7,69,26,0.37681159420289856,0.025,room0,mean_owner_entropy,sidecar_conservative_unified,0.35714285714285715,5,14,0.7142857142857143
-0.06705546850438748,0.39177101967799643,0.3097561256985111,0.42857142857142855,6,69,26,0.37681159420289856,0.025,room0,foreign_owner_link_fraction,sidecar_conservative_unified,0.07142857142857142,1,14,0.16666666666666666
0.14289581554448716,0.6525044722719142,0.5197074097473857,0.14285714285714285,2,69,26,0.37681159420289856,0.025,room0,semantic_mean,sidecar_conservative_unified,0.5,7,14,3.5
0.07991478220360815,0.6100178890876566,0.4567263764065067,0.2857142857142857,4,69,26,0.37681159420289856,0.025,room0,combined_mean,sidecar_conservative_unified,0.42857142857142855,6,14,1.5
0.03700449454872312,0.5639534883720931,0.4138160887516217,0.2857142857142857,4,69,26,0.37681159420289856,0.025,room0,combined_top2_mean,sidecar_conservative_unified,0.35714285714285715,5,14,1.25
0.16132531031450437,0.6694991055456172,0.5381369045174029,0.21428571428571427,3,69,26,0.37681159420289856,0.025,room0,framebalanced_semantic_mean,sidecar_conservative_unified,0.6428571428571429,9,14,3.0000000000000004
-0.04434102930610512,0.40608228980322003,0.33247056489679344,0.42857142857142855,6,69,26,0.37681159420289856,0.025,room0,owner_overlap_mean,sidecar_conservative_unified,0.14285714285714285,2,14,0.3333333333333333
0.38174687040533906,0.84391771019678,0.7585584646082376,0.0,0,69,26,0.37681159420289856,0.025,room0,size_num_detections,sidecar_conservative_unified,0.7857142857142857,11,14,
0.26119685908200785,0.7808586762075134,0.6380084532849064,0.07142857142857142,1,69,26,0.37681159420289856,0.025,room0,size_object_voxels,sidecar_conservative_unified,0.7142857142857143,10,14,10.0
0.023877937284046524,0.5456171735241502,0.4006895314869451,0.21428571428571427,3,69,26,0.37681159420289856,0.025,room0,framebalanced_mean_disagreement_size_residual,sidecar_conservative_unified,0.35714285714285715,5,14,1.6666666666666667
0.08791775313279537,0.6386404293381037,0.46472934733569393,0.14285714285714285,2,69,26,0.37681159420289856,0.025,room0,framebalanced_majority_entropy_size_residual,sidecar_conservative_unified,0.5,7,14,3.5
0.06988963267883874,0.5742397137745975,0.4467012268817373,0.2857142857142857,4,69,26,0.37681159420289856,0.025,room0,mean_owner_entropy_size_residual,sidecar_conservative_unified,0.5,7,14,1.75
0.04285601135804751,0.573345259391771,0.41966760556094607,0.2857142857142857,4,69,26,0.37681159420289856,0.025,room0,voxel_second_region_size_residual,sidecar_conservative_unified,0.35714285714285715,5,14,1.25
0.09292024613076239,0.6282407407407407,0.4407463330872841,0.07142857142857142,1,69,24,0.34782608695652173,0.025,room0,voxel_majority_entropy,sidecar_conservative_mask,0.42857142857142855,6,14,6.0
0.06557959072030412,0.6032407407407407,0.41340567767682584,0.14285714285714285,2,69,24,0.34782608695652173,0.025,room0,voxel_vote_entropy,sidecar_conservative_mask,0.35714285714285715,5,14,2.5
0.07101779913811779,0.6050925925925926,0.4188438860946395,0.21428571428571427,3,69,24,0.34782608695652173,0.025,room0,voxel_mean_disagreement,sidecar_conservative_mask,0.5,7,14,2.3333333333333335
0.08676903796654345,0.6055555555555556,0.4345951249230652,0.07142857142857142,1,69,24,0.34782608695652173,0.025,room0,voxel_second_region,sidecar_conservative_mask,0.42857142857142855,6,14,6.0
0.19553806976286292,0.6680555555555556,0.5433641567193846,0.07142857142857142,1,69,24,0.34782608695652173,0.025,room0,voxel_second_fraction,sidecar_conservative_mask,0.6428571428571429,9,14,9.000000000000002
-0.02870460359914645,0.4921296296296296,0.3191214833573753,0.21428571428571427,3,69,24,0.34782608695652173,0.025,room0,fragmentation,sidecar_conservative_mask,0.21428571428571427,3,14,1.0
0.00027188255773574754,0.4888888888888889,0.3480979695142575,0.35714285714285715,5,69,24,0.34782608695652173,0.025,room0,pair_conflict,sidecar_conservative_mask,0.35714285714285715,5,14,1.0
0.16135292827874848,0.7018518518518518,0.5091790152352702,0.07142857142857142,1,69,24,0.34782608695652173,0.025,room0,nonspatial_owner_label_entropy,sidecar_conservative_mask,0.5714285714285714,8,14,8.0
0.07111508093618368,0.6050925925925926,0.4189411678927054,0.14285714285714285,2,69,24,0.34782608695652173,0.025,room0,frozen_semantic_max,sidecar_conservative_mask,0.42857142857142855,6,14,3.0
0.001355359577563553,0.4981481481481482,0.3491814465340853,0.2857142857142857,4,69,24,0.34782608695652173,0.025,room0,frozen_combined_max,sidecar_conservative_mask,0.2857142857142857,4,14,1.0
0.10494139938433583,0.6337962962962964,0.45276748634085756,0.07142857142857142,1,69,24,0.34782608695652173,0.025,room0,framebalanced_majority_entropy,sidecar_conservative_mask,0.5,7,14,7.0
0.10998511676273676,0.6421296296296296,0.4578112037192585,0.07142857142857142,1,69,24,0.34782608695652173,0.025,room0,framebalanced_mean_disagreement,sidecar_conservative_mask,0.5,7,14,7.0
0.03013900659166091,0.575925925925926,0.37796509354818264,0.21428571428571427,3,69,24,0.34782608695652173,0.025,room0,persistent_conflict_fraction,sidecar_conservative_mask,0.35714285714285715,5,14,1.6666666666666667
-0.06215094914102692,0.38425925925925924,0.2856751378154948,0.5,7,69,24,0.34782608695652173,0.025,room0,multi_owner_voxel_fraction,sidecar_conservative_mask,0.21428571428571427,3,14,0.42857142857142855
-0.014876843752169078,0.39722222222222225,0.33294924320435265,0.5,7,69,24,0.34782608695652173,0.025,room0,mean_owner_entropy,sidecar_conservative_mask,0.21428571428571427,3,14,0.42857142857142855
-0.06838644378516856,0.3740740740740741,0.27943964317135317,0.42857142857142855,6,69,24,0.34782608695652173,0.025,room0,foreign_owner_link_fraction,sidecar_conservative_mask,0.07142857142857142,1,14,0.16666666666666666
0.1317346530999957,0.6236111111111111,0.47956074005651744,0.14285714285714285,2,69,24,0.34782608695652173,0.025,room0,semantic_mean,sidecar_conservative_mask,0.5,7,14,3.5
0.04726218025767748,0.5740740740740741,0.3950882672141992,0.2857142857142857,4,69,24,0.34782608695652173,0.025,room0,combined_mean,sidecar_conservative_mask,0.35714285714285715,5,14,1.25
0.017056972015803418,0.5291666666666667,0.36488305897232515,0.2857142857142857,4,69,24,0.34782608695652173,0.025,room0,combined_top2_mean,sidecar_conservative_mask,0.2857142857142857,4,14,1.0
0.14448403816294553,0.6393518518518518,0.49231012511946726,0.21428571428571427,3,69,24,0.34782608695652173,0.025,room0,framebalanced_semantic_mean,sidecar_conservative_mask,0.5714285714285714,8,14,2.6666666666666665
-0.050860585087328936,0.3731481481481482,0.2969655018691928,0.42857142857142855,6,69,24,0.34782608695652173,0.025,room0,owner_overlap_mean,sidecar_conservative_mask,0.14285714285714285,2,14,0.3333333333333333
0.36927977400891165,0.8254629629629631,0.7171058609654334,0.0,0,69,24,0.34782608695652173,0.025,room0,size_num_detections,sidecar_conservative_mask,0.7142857142857143,10,14,
0.2903803936077931,0.7990740740740739,0.6382064805643148,0.07142857142857142,1,69,24,0.34782608695652173,0.025,room0,size_object_voxels,sidecar_conservative_mask,0.7142857142857143,10,14,10.0
0.020965384718592273,0.5333333333333333,0.368791471675114,0.21428571428571427,3,69,24,0.34782608695652173,0.025,room0,framebalanced_mean_disagreement_size_residual,sidecar_conservative_mask,0.35714285714285715,5,14,1.6666666666666667
0.07396497606711983,0.6138888888888889,0.42179106302364155,0.14285714285714285,2,69,24,0.34782608695652173,0.025,room0,framebalanced_majority_entropy_size_residual,sidecar_conservative_mask,0.42857142857142855,6,14,3.0
0.021206335606758997,0.5259259259259259,0.3690324225632807,0.2857142857142857,4,69,24,0.34782608695652173,0.025,room0,mean_owner_entropy_size_residual,sidecar_conservative_mask,0.35714285714285715,5,14,1.25
0.0458943760008233,0.5648148148148149,0.39372046295734503,0.2857142857142857,4,69,24,0.34782608695652173,0.025,room0,voxel_second_region_size_residual,sidecar_conservative_mask,0.35714285714285715,5,14,1.25
0.20357142857142851,0.6666666666666666,0.5785714285714285,0.0,0,16,6,0.375,0.025,room0,voxel_majority_entropy,sidecar_conservative_association,0.25,1,4,
0.13752913752913754,0.5166666666666666,0.5125291375291375,0.25,1,16,6,0.375,0.025,room0,voxel_vote_entropy,sidecar_conservative_association,0.5,2,4,2.0
-0.030129592629592583,0.4,0.3448704073704074,0.25,1,16,6,0.375,0.025,room0,voxel_mean_disagreement,sidecar_conservative_association,0.0,0,4,0.0
0.12718253968253967,0.7,0.5021825396825397,0.0,0,16,6,0.375,0.025,room0,voxel_second_region,sidecar_conservative_association,0.25,1,4,
0.041967291967291986,0.5666666666666668,0.416967291967292,0.0,0,16,6,0.375,0.025,room0,voxel_second_fraction,sidecar_conservative_association,0.25,1,4,
0.28273809523809523,0.675,0.6577380952380952,0.25,1,16,6,0.375,0.025,room0,fragmentation,sidecar_conservative_association,0.5,2,4,2.0
0.13998316498316488,0.6833333333333332,0.5149831649831649,0.0,0,16,6,0.375,0.025,room0,pair_conflict,sidecar_conservative_association,0.5,2,4,
0.0020743145743146174,0.3833333333333333,0.3770743145743146,0.5,2,16,6,0.375,0.025,room0,nonspatial_owner_label_entropy,sidecar_conservative_association,0.25,1,4,0.5
0.0711279461279461,0.575,0.4461279461279461,0.0,0,16,6,0.375,0.025,room0,frozen_semantic_max,sidecar_conservative_association,0.25,1,4,
0.06435693935693937,0.5416666666666666,0.43935693935693937,0.25,1,16,6,0.375,0.025,room0,frozen_combined_max,sidecar_conservative_association,0.25,1,4,1.0
0.22023809523809512,0.6833333333333333,0.5952380952380951,0.0,0,16,6,0.375,0.025,room0,framebalanced_majority_entropy,sidecar_conservative_association,0.5,2,4,
-0.024574037074037047,0.4166666666666667,0.35042596292596295,0.25,1,16,6,0.375,0.025,room0,framebalanced_mean_disagreement,sidecar_conservative_association,0.0,0,4,0.0
-0.016240703740703744,0.43333333333333335,0.35875929625929626,0.25,1,16,6,0.375,0.025,room0,persistent_conflict_fraction,sidecar_conservative_association,0.25,1,4,1.0
0.34404761904761905,0.8333333333333333,0.719047619047619,0.0,0,16,6,0.375,0.025,room0,multi_owner_voxel_fraction,sidecar_conservative_association,0.5,2,4,
0.19107142857142856,0.75,0.5660714285714286,0.0,0,16,6,0.375,0.025,room0,mean_owner_entropy,sidecar_conservative_association,0.5,2,4,
0.4881313131313131,0.8833333333333333,0.8631313131313131,0.0,0,16,6,0.375,0.025,room0,foreign_owner_link_fraction,sidecar_conservative_association,0.75,3,4,
0.05740740740740746,0.5833333333333334,0.43240740740740746,0.0,0,16,6,0.375,0.025,room0,semantic_mean,sidecar_conservative_association,0.25,1,4,
0.24729344729344738,0.75,0.6222934472934474,0.25,1,16,6,0.375,0.025,room0,combined_mean,sidecar_conservative_association,0.75,3,4,3.0
0.13446275946275954,0.6416666666666667,0.5094627594627595,0.0,0,16,6,0.375,0.025,room0,combined_top2_mean,sidecar_conservative_association,0.5,2,4,
0.023640248640248607,0.5,0.3986402486402486,0.25,1,16,6,0.375,0.025,room0,framebalanced_semantic_mean,sidecar_conservative_association,0.25,1,4,1.0
0.31626984126984126,0.7999999999999999,0.6912698412698413,0.0,0,16,6,0.375,0.025,room0,owner_overlap_mean,sidecar_conservative_association,0.5,2,4,
0.10398351648351645,0.4666666666666666,0.47898351648351645,0.5,2,16,6,0.375,0.025,room0,size_num_detections,sidecar_conservative_association,0.25,1,4,0.5
-0.018253968253968245,0.3333333333333333,0.35674603174603176,0.5,2,16,6,0.375,0.025,room0,size_object_voxels,sidecar_conservative_association,0.25,1,4,0.5
0.009827672327672343,0.41666666666666663,0.38482767232767234,0.5,2,16,6,0.375,0.025,room0,framebalanced_mean_disagreement_size_residual,sidecar_conservative_association,0.25,1,4,0.5
0.3035714285714285,0.7166666666666667,0.6785714285714285,0.0,0,16,6,0.375,0.025,room0,framebalanced_majority_entropy_size_residual,sidecar_conservative_association,0.5,2,4,
0.2322751322751323,0.7666666666666666,0.6072751322751323,0.0,0,16,6,0.375,0.025,room0,mean_owner_entropy_size_residual,sidecar_conservative_association,0.75,3,4,
0.12718253968253967,0.7,0.5021825396825397,0.0,0,16,6,0.375,0.025,room0,voxel_second_region_size_residual,sidecar_conservative_association,0.25,1,4,
0.1071428571428572,0.8571428571428571,0.9821428571428572,0.5,1,8,7,0.875,0.025,room0,voxel_majority_entropy,geometry_partition_2cm,1.0,2,2,2.0
0.125,1.0,1.0,0.5,1,8,7,0.875,0.025,room0,voxel_vote_entropy,geometry_partition_2cm,1.0,2,2,2.0
0.125,1.0,1.0,0.5,1,8,7,0.875,0.025,room0,voxel_mean_disagreement,geometry_partition_2cm,1.0,2,2,2.0
0.1071428571428572,0.8571428571428571,0.9821428571428572,0.5,1,8,7,0.875,0.025,room0,voxel_second_region,geometry_partition_2cm,1.0,2,2,2.0
0.1071428571428572,0.8571428571428571,0.9821428571428572,0.5,1,8,7,0.875,0.025,room0,voxel_second_fraction,geometry_partition_2cm,1.0,2,2,2.0
0.08928571428571419,0.7142857142857143,0.9642857142857142,1.0,2,8,7,0.875,0.025,room0,fragmentation,geometry_partition_2cm,1.0,2,2,1.0
0.125,1.0,1.0,0.5,1,8,7,0.875,0.025,room0,pair_conflict,geometry_partition_2cm,1.0,2,2,2.0
-0.029761904761904878,0.14285714285714285,0.8452380952380951,1.0,2,8,7,0.875,0.025,room0,nonspatial_owner_label_entropy,geometry_partition_2cm,0.5,1,2,0.5
0.12499999999999989,1.0,0.9999999999999999,0.5,1,8,7,0.875,0.025,room0,frozen_semantic_max,geometry_partition_2cm,1.0,2,2,2.0
0.125,1.0,1.0,0.5,1,8,7,0.875,0.025,room0,frozen_combined_max,geometry_partition_2cm,1.0,2,2,2.0
0.1071428571428572,0.8571428571428571,0.9821428571428572,0.5,1,8,7,0.875,0.025,room0,framebalanced_majority_entropy,geometry_partition_2cm,1.0,2,2,2.0
0.125,1.0,1.0,0.5,1,8,7,0.875,0.025,room0,framebalanced_mean_disagreement,geometry_partition_2cm,1.0,2,2,2.0
0.1071428571428572,0.8571428571428571,0.9821428571428572,0.5,1,8,7,0.875,0.025,room0,persistent_conflict_fraction,geometry_partition_2cm,1.0,2,2,2.0
0.125,1.0,1.0,0.5,1,8,7,0.875,0.025,room0,multi_owner_voxel_fraction,geometry_partition_2cm,1.0,2,2,2.0
0.125,1.0,1.0,0.5,1,8,7,0.875,0.025,room0,mean_owner_entropy,geometry_partition_2cm,1.0,2,2,2.0
0.1071428571428572,0.8571428571428571,0.9821428571428572,0.5,1,8,7,0.875,0.025,room0,foreign_owner_link_fraction,geometry_partition_2cm,1.0,2,2,2.0
0.125,1.0,1.0,0.5,1,8,7,0.875,0.025,room0,semantic_mean,geometry_partition_2cm,1.0,2,2,2.0
0.125,1.0,1.0,0.5,1,8,7,0.875,0.025,room0,combined_mean,geometry_partition_2cm,1.0,2,2,2.0
0.125,1.0,1.0,0.5,1,8,7,0.875,0.025,room0,combined_top2_mean,geometry_partition_2cm,1.0,2,2,2.0
0.125,1.0,1.0,0.5,1,8,7,0.875,0.025,room0,framebalanced_semantic_mean,geometry_partition_2cm,1.0,2,2,2.0
0.125,1.0,1.0,0.5,1,8,7,0.875,0.025,room0,owner_overlap_mean,geometry_partition_2cm,1.0,2,2,2.0
0.05357142857142838,0.42857142857142855,0.9285714285714284,1.0,2,8,7,0.875,0.025,room0,size_num_detections,geometry_partition_2cm,1.0,2,2,1.0
-0.048979591836734615,0.14285714285714285,0.8260204081632654,1.0,2,8,7,0.875,0.025,room0,size_object_voxels,geometry_partition_2cm,0.5,1,2,0.5
0.125,1.0,1.0,0.5,1,8,7,0.875,0.025,room0,framebalanced_mean_disagreement_size_residual,geometry_partition_2cm,1.0,2,2,2.0
0.1071428571428572,0.8571428571428571,0.9821428571428572,0.5,1,8,7,0.875,0.025,room0,framebalanced_majority_entropy_size_residual,geometry_partition_2cm,1.0,2,2,2.0
0.08673469387755106,0.7142857142857143,0.9617346938775511,1.0,2,8,7,0.875,0.025,room0,mean_owner_entropy_size_residual,geometry_partition_2cm,1.0,2,2,1.0
0.1071428571428572,0.8571428571428571,0.9821428571428572,0.5,1,8,7,0.875,0.025,room0,voxel_second_region_size_residual,geometry_partition_2cm,1.0,2,2,2.0
0.20833333333333331,0.7142857142857143,0.3333333333333333,0.0,0,8,1,0.125,0.025,room0,voxel_majority_entropy,geometry_overmerge_2cm,0.0,0,2,
0.01785714285714285,0.1428571428571429,0.14285714285714285,0.5,1,8,1,0.125,0.025,room0,voxel_vote_entropy,geometry_overmerge_2cm,0.0,0,2,0.0
0.01785714285714285,0.1428571428571429,0.14285714285714285,0.5,1,8,1,0.125,0.025,room0,voxel_mean_disagreement,geometry_overmerge_2cm,0.0,0,2,0.0
0.20833333333333331,0.7142857142857143,0.3333333333333333,0.0,0,8,1,0.125,0.025,room0,voxel_second_region,geometry_overmerge_2cm,0.0,0,2,
0.20833333333333331,0.7142857142857143,0.3333333333333333,0.0,0,8,1,0.125,0.025,room0,voxel_second_fraction,geometry_overmerge_2cm,0.0,0,2,
0.875,1.0,1.0,0.0,0,8,1,0.125,0.025,room0,fragmentation,geometry_overmerge_2cm,0.5,1,2,
0.01785714285714285,0.1428571428571429,0.14285714285714285,0.5,1,8,1,0.125,0.025,room0,pair_conflict,geometry_overmerge_2cm,0.0,0,2,0.0
0.0,0.2142857142857143,0.125,0.0,0,8,1,0.125,0.025,room0,nonspatial_owner_label_entropy,geometry_overmerge_2cm,0.0,0,2,
0.07500000000000001,0.4285714285714286,0.2,0.0,0,8,1,0.125,0.025,room0,frozen_semantic_max,geometry_overmerge_2cm,0.0,0,2,
0.875,1.0,1.0,0.0,0,8,1,0.125,0.025,room0,frozen_combined_max,geometry_overmerge_2cm,0.5,1,2,
0.20833333333333331,0.7142857142857143,0.3333333333333333,0.0,0,8,1,0.125,0.025,room0,framebalanced_majority_entropy,geometry_overmerge_2cm,0.0,0,2,
0.01785714285714285,0.1428571428571429,0.14285714285714285,0.5,1,8,1,0.125,0.025,room0,framebalanced_mean_disagreement,geometry_overmerge_2cm,0.0,0,2,0.0
0.0,0.0,0.125,0.5,1,8,1,0.125,0.025,room0,persistent_conflict_fraction,geometry_overmerge_2cm,0.0,0,2,0.0
0.20833333333333331,0.8571428571428572,0.3333333333333333,0.0,0,8,1,0.125,0.025,room0,multi_owner_voxel_fraction,geometry_overmerge_2cm,0.5,1,2,
0.125,0.5714285714285714,0.25,0.0,0,8,1,0.125,0.025,room0,mean_owner_entropy,geometry_overmerge_2cm,0.0,0,2,
0.20833333333333331,0.7142857142857143,0.3333333333333333,0.0,0,8,1,0.125,0.025,room0,foreign_owner_link_fraction,geometry_overmerge_2cm,0.0,0,2,
0.07500000000000001,0.4285714285714286,0.2,0.0,0,8,1,0.125,0.025,room0,semantic_mean,geometry_overmerge_2cm,0.0,0,2,
0.07500000000000001,0.4285714285714286,0.2,0.0,0,8,1,0.125,0.025,room0,combined_mean,geometry_overmerge_2cm,0.0,0,2,
0.07500000000000001,0.4285714285714286,0.2,0.0,0,8,1,0.125,0.025,room0,combined_top2_mean,geometry_overmerge_2cm,0.0,0,2,
0.04166666666666666,0.2857142857142857,0.16666666666666666,0.0,0,8,1,0.125,0.025,room0,framebalanced_semantic_mean,geometry_overmerge_2cm,0.0,0,2,
0.20833333333333331,0.7142857142857143,0.3333333333333333,0.0,0,8,1,0.125,0.025,room0,owner_overlap_mean,geometry_overmerge_2cm,0.0,0,2,
0.0,0.2142857142857143,0.125,0.0,0,8,1,0.125,0.025,room0,size_num_detections,geometry_overmerge_2cm,0.0,0,2,
0.01785714285714285,0.1428571428571429,0.14285714285714285,0.5,1,8,1,0.125,0.025,room0,size_object_voxels,geometry_overmerge_2cm,0.0,0,2,0.0
0.04166666666666666,0.2857142857142857,0.16666666666666666,0.0,0,8,1,0.125,0.025,room0,framebalanced_mean_disagreement_size_residual,geometry_overmerge_2cm,0.0,0,2,
0.375,0.8571428571428572,0.5,0.0,0,8,1,0.125,0.025,room0,framebalanced_majority_entropy_size_residual,geometry_overmerge_2cm,0.5,1,2,
0.01785714285714285,0.1428571428571429,0.14285714285714285,0.5,1,8,1,0.125,0.025,room0,mean_owner_entropy_size_residual,geometry_overmerge_2cm,0.0,0,2,0.0
0.375,0.8571428571428572,0.5,0.0,0,8,1,0.125,0.025,room0,voxel_second_region_size_residual,geometry_overmerge_2cm,0.5,1,2,
0.1071428571428572,0.8571428571428571,0.9821428571428572,0.5,1,8,7,0.875,0.025,room0,voxel_majority_entropy,geometry_partition_5cm,1.0,2,2,2.0
0.125,1.0,1.0,0.5,1,8,7,0.875,0.025,room0,voxel_vote_entropy,geometry_partition_5cm,1.0,2,2,2.0
0.125,1.0,1.0,0.5,1,8,7,0.875,0.025,room0,voxel_mean_disagreement,geometry_partition_5cm,1.0,2,2,2.0
0.1071428571428572,0.8571428571428571,0.9821428571428572,0.5,1,8,7,0.875,0.025,room0,voxel_second_region,geometry_partition_5cm,1.0,2,2,2.0
0.1071428571428572,0.8571428571428571,0.9821428571428572,0.5,1,8,7,0.875,0.025,room0,voxel_second_fraction,geometry_partition_5cm,1.0,2,2,2.0
0.08928571428571419,0.7142857142857143,0.9642857142857142,1.0,2,8,7,0.875,0.025,room0,fragmentation,geometry_partition_5cm,1.0,2,2,1.0
0.125,1.0,1.0,0.5,1,8,7,0.875,0.025,room0,pair_conflict,geometry_partition_5cm,1.0,2,2,2.0
-0.029761904761904878,0.14285714285714285,0.8452380952380951,1.0,2,8,7,0.875,0.025,room0,nonspatial_owner_label_entropy,geometry_partition_5cm,0.5,1,2,0.5
0.12499999999999989,1.0,0.9999999999999999,0.5,1,8,7,0.875,0.025,room0,frozen_semantic_max,geometry_partition_5cm,1.0,2,2,2.0
0.125,1.0,1.0,0.5,1,8,7,0.875,0.025,room0,frozen_combined_max,geometry_partition_5cm,1.0,2,2,2.0
0.1071428571428572,0.8571428571428571,0.9821428571428572,0.5,1,8,7,0.875,0.025,room0,framebalanced_majority_entropy,geometry_partition_5cm,1.0,2,2,2.0
0.125,1.0,1.0,0.5,1,8,7,0.875,0.025,room0,framebalanced_mean_disagreement,geometry_partition_5cm,1.0,2,2,2.0
0.1071428571428572,0.8571428571428571,0.9821428571428572,0.5,1,8,7,0.875,0.025,room0,persistent_conflict_fraction,geometry_partition_5cm,1.0,2,2,2.0
0.125,1.0,1.0,0.5,1,8,7,0.875,0.025,room0,multi_owner_voxel_fraction,geometry_partition_5cm,1.0,2,2,2.0
0.125,1.0,1.0,0.5,1,8,7,0.875,0.025,room0,mean_owner_entropy,geometry_partition_5cm,1.0,2,2,2.0
0.1071428571428572,0.8571428571428571,0.9821428571428572,0.5,1,8,7,0.875,0.025,room0,foreign_owner_link_fraction,geometry_partition_5cm,1.0,2,2,2.0
0.125,1.0,1.0,0.5,1,8,7,0.875,0.025,room0,semantic_mean,geometry_partition_5cm,1.0,2,2,2.0
0.125,1.0,1.0,0.5,1,8,7,0.875,0.025,room0,combined_mean,geometry_partition_5cm,1.0,2,2,2.0
0.125,1.0,1.0,0.5,1,8,7,0.875,0.025,room0,combined_top2_mean,geometry_partition_5cm,1.0,2,2,2.0
0.125,1.0,1.0,0.5,1,8,7,0.875,0.025,room0,framebalanced_semantic_mean,geometry_partition_5cm,1.0,2,2,2.0
0.125,1.0,1.0,0.5,1,8,7,0.875,0.025,room0,owner_overlap_mean,geometry_partition_5cm,1.0,2,2,2.0
0.05357142857142838,0.42857142857142855,0.9285714285714284,1.0,2,8,7,0.875,0.025,room0,size_num_detections,geometry_partition_5cm,1.0,2,2,1.0
-0.048979591836734615,0.14285714285714285,0.8260204081632654,1.0,2,8,7,0.875,0.025,room0,size_object_voxels,geometry_partition_5cm,0.5,1,2,0.5
0.125,1.0,1.0,0.5,1,8,7,0.875,0.025,room0,framebalanced_mean_disagreement_size_residual,geometry_partition_5cm,1.0,2,2,2.0
0.1071428571428572,0.8571428571428571,0.9821428571428572,0.5,1,8,7,0.875,0.025,room0,framebalanced_majority_entropy_size_residual,geometry_partition_5cm,1.0,2,2,2.0
0.08673469387755106,0.7142857142857143,0.9617346938775511,1.0,2,8,7,0.875,0.025,room0,mean_owner_entropy_size_residual,geometry_partition_5cm,1.0,2,2,1.0
0.1071428571428572,0.8571428571428571,0.9821428571428572,0.5,1,8,7,0.875,0.025,room0,voxel_second_region_size_residual,geometry_partition_5cm,1.0,2,2,2.0
0.20833333333333331,0.7142857142857143,0.3333333333333333,0.0,0,8,1,0.125,0.025,room0,voxel_majority_entropy,geometry_overmerge_5cm,0.0,0,2,
0.01785714285714285,0.1428571428571429,0.14285714285714285,0.5,1,8,1,0.125,0.025,room0,voxel_vote_entropy,geometry_overmerge_5cm,0.0,0,2,0.0
0.01785714285714285,0.1428571428571429,0.14285714285714285,0.5,1,8,1,0.125,0.025,room0,voxel_mean_disagreement,geometry_overmerge_5cm,0.0,0,2,0.0
0.20833333333333331,0.7142857142857143,0.3333333333333333,0.0,0,8,1,0.125,0.025,room0,voxel_second_region,geometry_overmerge_5cm,0.0,0,2,
0.20833333333333331,0.7142857142857143,0.3333333333333333,0.0,0,8,1,0.125,0.025,room0,voxel_second_fraction,geometry_overmerge_5cm,0.0,0,2,
0.875,1.0,1.0,0.0,0,8,1,0.125,0.025,room0,fragmentation,geometry_overmerge_5cm,0.5,1,2,
0.01785714285714285,0.1428571428571429,0.14285714285714285,0.5,1,8,1,0.125,0.025,room0,pair_conflict,geometry_overmerge_5cm,0.0,0,2,0.0
0.0,0.2142857142857143,0.125,0.0,0,8,1,0.125,0.025,room0,nonspatial_owner_label_entropy,geometry_overmerge_5cm,0.0,0,2,
0.07500000000000001,0.4285714285714286,0.2,0.0,0,8,1,0.125,0.025,room0,frozen_semantic_max,geometry_overmerge_5cm,0.0,0,2,
0.875,1.0,1.0,0.0,0,8,1,0.125,0.025,room0,frozen_combined_max,geometry_overmerge_5cm,0.5,1,2,
0.20833333333333331,0.7142857142857143,0.3333333333333333,0.0,0,8,1,0.125,0.025,room0,framebalanced_majority_entropy,geometry_overmerge_5cm,0.0,0,2,
0.01785714285714285,0.1428571428571429,0.14285714285714285,0.5,1,8,1,0.125,0.025,room0,framebalanced_mean_disagreement,geometry_overmerge_5cm,0.0,0,2,0.0
0.0,0.0,0.125,0.5,1,8,1,0.125,0.025,room0,persistent_conflict_fraction,geometry_overmerge_5cm,0.0,0,2,0.0
0.20833333333333331,0.8571428571428572,0.3333333333333333,0.0,0,8,1,0.125,0.025,room0,multi_owner_voxel_fraction,geometry_overmerge_5cm,0.5,1,2,
0.125,0.5714285714285714,0.25,0.0,0,8,1,0.125,0.025,room0,mean_owner_entropy,geometry_overmerge_5cm,0.0,0,2,
0.20833333333333331,0.7142857142857143,0.3333333333333333,0.0,0,8,1,0.125,0.025,room0,foreign_owner_link_fraction,geometry_overmerge_5cm,0.0,0,2,
0.07500000000000001,0.4285714285714286,0.2,0.0,0,8,1,0.125,0.025,room0,semantic_mean,geometry_overmerge_5cm,0.0,0,2,
0.07500000000000001,0.4285714285714286,0.2,0.0,0,8,1,0.125,0.025,room0,combined_mean,geometry_overmerge_5cm,0.0,0,2,
0.07500000000000001,0.4285714285714286,0.2,0.0,0,8,1,0.125,0.025,room0,combined_top2_mean,geometry_overmerge_5cm,0.0,0,2,
0.04166666666666666,0.2857142857142857,0.16666666666666666,0.0,0,8,1,0.125,0.025,room0,framebalanced_semantic_mean,geometry_overmerge_5cm,0.0,0,2,
0.20833333333333331,0.7142857142857143,0.3333333333333333,0.0,0,8,1,0.125,0.025,room0,owner_overlap_mean,geometry_overmerge_5cm,0.0,0,2,
0.0,0.2142857142857143,0.125,0.0,0,8,1,0.125,0.025,room0,size_num_detections,geometry_overmerge_5cm,0.0,0,2,
0.01785714285714285,0.1428571428571429,0.14285714285714285,0.5,1,8,1,0.125,0.025,room0,size_object_voxels,geometry_overmerge_5cm,0.0,0,2,0.0
0.04166666666666666,0.2857142857142857,0.16666666666666666,0.0,0,8,1,0.125,0.025,room0,framebalanced_mean_disagreement_size_residual,geometry_overmerge_5cm,0.0,0,2,
0.375,0.8571428571428572,0.5,0.0,0,8,1,0.125,0.025,room0,framebalanced_majority_entropy_size_residual,geometry_overmerge_5cm,0.5,1,2,
0.01785714285714285,0.1428571428571429,0.14285714285714285,0.5,1,8,1,0.125,0.025,room0,mean_owner_entropy_size_residual,geometry_overmerge_5cm,0.0,0,2,0.0
0.375,0.8571428571428572,0.5,0.0,0,8,1,0.125,0.025,room0,voxel_second_region_size_residual,geometry_overmerge_5cm,0.5,1,2,
0.1071428571428572,0.8571428571428571,0.9821428571428572,0.5,1,8,7,0.875,0.025,room0,voxel_majority_entropy,geometry_partition_7cm,1.0,2,2,2.0
0.125,1.0,1.0,0.5,1,8,7,0.875,0.025,room0,voxel_vote_entropy,geometry_partition_7cm,1.0,2,2,2.0
0.125,1.0,1.0,0.5,1,8,7,0.875,0.025,room0,voxel_mean_disagreement,geometry_partition_7cm,1.0,2,2,2.0
0.1071428571428572,0.8571428571428571,0.9821428571428572,0.5,1,8,7,0.875,0.025,room0,voxel_second_region,geometry_partition_7cm,1.0,2,2,2.0
0.1071428571428572,0.8571428571428571,0.9821428571428572,0.5,1,8,7,0.875,0.025,room0,voxel_second_fraction,geometry_partition_7cm,1.0,2,2,2.0
0.08928571428571419,0.7142857142857143,0.9642857142857142,1.0,2,8,7,0.875,0.025,room0,fragmentation,geometry_partition_7cm,1.0,2,2,1.0
0.125,1.0,1.0,0.5,1,8,7,0.875,0.025,room0,pair_conflict,geometry_partition_7cm,1.0,2,2,2.0
-0.029761904761904878,0.14285714285714285,0.8452380952380951,1.0,2,8,7,0.875,0.025,room0,nonspatial_owner_label_entropy,geometry_partition_7cm,0.5,1,2,0.5
0.12499999999999989,1.0,0.9999999999999999,0.5,1,8,7,0.875,0.025,room0,frozen_semantic_max,geometry_partition_7cm,1.0,2,2,2.0
0.125,1.0,1.0,0.5,1,8,7,0.875,0.025,room0,frozen_combined_max,geometry_partition_7cm,1.0,2,2,2.0
0.1071428571428572,0.8571428571428571,0.9821428571428572,0.5,1,8,7,0.875,0.025,room0,framebalanced_majority_entropy,geometry_partition_7cm,1.0,2,2,2.0
0.125,1.0,1.0,0.5,1,8,7,0.875,0.025,room0,framebalanced_mean_disagreement,geometry_partition_7cm,1.0,2,2,2.0
0.1071428571428572,0.8571428571428571,0.9821428571428572,0.5,1,8,7,0.875,0.025,room0,persistent_conflict_fraction,geometry_partition_7cm,1.0,2,2,2.0
0.125,1.0,1.0,0.5,1,8,7,0.875,0.025,room0,multi_owner_voxel_fraction,geometry_partition_7cm,1.0,2,2,2.0
0.125,1.0,1.0,0.5,1,8,7,0.875,0.025,room0,mean_owner_entropy,geometry_partition_7cm,1.0,2,2,2.0
0.1071428571428572,0.8571428571428571,0.9821428571428572,0.5,1,8,7,0.875,0.025,room0,foreign_owner_link_fraction,geometry_partition_7cm,1.0,2,2,2.0
0.125,1.0,1.0,0.5,1,8,7,0.875,0.025,room0,semantic_mean,geometry_partition_7cm,1.0,2,2,2.0
0.125,1.0,1.0,0.5,1,8,7,0.875,0.025,room0,combined_mean,geometry_partition_7cm,1.0,2,2,2.0
0.125,1.0,1.0,0.5,1,8,7,0.875,0.025,room0,combined_top2_mean,geometry_partition_7cm,1.0,2,2,2.0
0.125,1.0,1.0,0.5,1,8,7,0.875,0.025,room0,framebalanced_semantic_mean,geometry_partition_7cm,1.0,2,2,2.0
0.125,1.0,1.0,0.5,1,8,7,0.875,0.025,room0,owner_overlap_mean,geometry_partition_7cm,1.0,2,2,2.0
0.05357142857142838,0.42857142857142855,0.9285714285714284,1.0,2,8,7,0.875,0.025,room0,size_num_detections,geometry_partition_7cm,1.0,2,2,1.0
-0.048979591836734615,0.14285714285714285,0.8260204081632654,1.0,2,8,7,0.875,0.025,room0,size_object_voxels,geometry_partition_7cm,0.5,1,2,0.5
0.125,1.0,1.0,0.5,1,8,7,0.875,0.025,room0,framebalanced_mean_disagreement_size_residual,geometry_partition_7cm,1.0,2,2,2.0
0.1071428571428572,0.8571428571428571,0.9821428571428572,0.5,1,8,7,0.875,0.025,room0,framebalanced_majority_entropy_size_residual,geometry_partition_7cm,1.0,2,2,2.0
0.08673469387755106,0.7142857142857143,0.9617346938775511,1.0,2,8,7,0.875,0.025,room0,mean_owner_entropy_size_residual,geometry_partition_7cm,1.0,2,2,1.0
0.1071428571428572,0.8571428571428571,0.9821428571428572,0.5,1,8,7,0.875,0.025,room0,voxel_second_region_size_residual,geometry_partition_7cm,1.0,2,2,2.0
0.20833333333333331,0.7142857142857143,0.3333333333333333,0.0,0,8,1,0.125,0.025,room0,voxel_majority_entropy,geometry_overmerge_7cm,0.0,0,2,
0.01785714285714285,0.1428571428571429,0.14285714285714285,0.5,1,8,1,0.125,0.025,room0,voxel_vote_entropy,geometry_overmerge_7cm,0.0,0,2,0.0
0.01785714285714285,0.1428571428571429,0.14285714285714285,0.5,1,8,1,0.125,0.025,room0,voxel_mean_disagreement,geometry_overmerge_7cm,0.0,0,2,0.0
0.20833333333333331,0.7142857142857143,0.3333333333333333,0.0,0,8,1,0.125,0.025,room0,voxel_second_region,geometry_overmerge_7cm,0.0,0,2,
0.20833333333333331,0.7142857142857143,0.3333333333333333,0.0,0,8,1,0.125,0.025,room0,voxel_second_fraction,geometry_overmerge_7cm,0.0,0,2,
0.875,1.0,1.0,0.0,0,8,1,0.125,0.025,room0,fragmentation,geometry_overmerge_7cm,0.5,1,2,
0.01785714285714285,0.1428571428571429,0.14285714285714285,0.5,1,8,1,0.125,0.025,room0,pair_conflict,geometry_overmerge_7cm,0.0,0,2,0.0
0.0,0.2142857142857143,0.125,0.0,0,8,1,0.125,0.025,room0,nonspatial_owner_label_entropy,geometry_overmerge_7cm,0.0,0,2,
0.07500000000000001,0.4285714285714286,0.2,0.0,0,8,1,0.125,0.025,room0,frozen_semantic_max,geometry_overmerge_7cm,0.0,0,2,
0.875,1.0,1.0,0.0,0,8,1,0.125,0.025,room0,frozen_combined_max,geometry_overmerge_7cm,0.5,1,2,
0.20833333333333331,0.7142857142857143,0.3333333333333333,0.0,0,8,1,0.125,0.025,room0,framebalanced_majority_entropy,geometry_overmerge_7cm,0.0,0,2,
0.01785714285714285,0.1428571428571429,0.14285714285714285,0.5,1,8,1,0.125,0.025,room0,framebalanced_mean_disagreement,geometry_overmerge_7cm,0.0,0,2,0.0
0.0,0.0,0.125,0.5,1,8,1,0.125,0.025,room0,persistent_conflict_fraction,geometry_overmerge_7cm,0.0,0,2,0.0
0.20833333333333331,0.8571428571428572,0.3333333333333333,0.0,0,8,1,0.125,0.025,room0,multi_owner_voxel_fraction,geometry_overmerge_7cm,0.5,1,2,
0.125,0.5714285714285714,0.25,0.0,0,8,1,0.125,0.025,room0,mean_owner_entropy,geometry_overmerge_7cm,0.0,0,2,
0.20833333333333331,0.7142857142857143,0.3333333333333333,0.0,0,8,1,0.125,0.025,room0,foreign_owner_link_fraction,geometry_overmerge_7cm,0.0,0,2,
0.07500000000000001,0.4285714285714286,0.2,0.0,0,8,1,0.125,0.025,room0,semantic_mean,geometry_overmerge_7cm,0.0,0,2,
0.07500000000000001,0.4285714285714286,0.2,0.0,0,8,1,0.125,0.025,room0,combined_mean,geometry_overmerge_7cm,0.0,0,2,
0.07500000000000001,0.4285714285714286,0.2,0.0,0,8,1,0.125,0.025,room0,combined_top2_mean,geometry_overmerge_7cm,0.0,0,2,
0.04166666666666666,0.2857142857142857,0.16666666666666666,0.0,0,8,1,0.125,0.025,room0,framebalanced_semantic_mean,geometry_overmerge_7cm,0.0,0,2,
0.20833333333333331,0.7142857142857143,0.3333333333333333,0.0,0,8,1,0.125,0.025,room0,owner_overlap_mean,geometry_overmerge_7cm,0.0,0,2,
0.0,0.2142857142857143,0.125,0.0,0,8,1,0.125,0.025,room0,size_num_detections,geometry_overmerge_7cm,0.0,0,2,
0.01785714285714285,0.1428571428571429,0.14285714285714285,0.5,1,8,1,0.125,0.025,room0,size_object_voxels,geometry_overmerge_7cm,0.0,0,2,0.0
0.04166666666666666,0.2857142857142857,0.16666666666666666,0.0,0,8,1,0.125,0.025,room0,framebalanced_mean_disagreement_size_residual,geometry_overmerge_7cm,0.0,0,2,
0.375,0.8571428571428572,0.5,0.0,0,8,1,0.125,0.025,room0,framebalanced_majority_entropy_size_residual,geometry_overmerge_7cm,0.5,1,2,
0.01785714285714285,0.1428571428571429,0.14285714285714285,0.5,1,8,1,0.125,0.025,room0,mean_owner_entropy_size_residual,geometry_overmerge_7cm,0.0,0,2,0.0
0.375,0.8571428571428572,0.5,0.0,0,8,1,0.125,0.025,room0,voxel_second_region_size_residual,geometry_overmerge_7cm,0.5,1,2,
0.04288182210855118,0.5740740740740741,0.6950557351520295,0.42857142857142855,6,69,45,0.6521739130434783,0.05,room0,voxel_majority_entropy,sidecar_original_unified,0.7142857142857143,10,14,1.6666666666666667
-0.021097209548717855,0.42314814814814816,0.6310767034947604,0.7142857142857143,10,69,45,0.6521739130434783,0.05,room0,voxel_vote_entropy,sidecar_original_unified,0.5,7,14,0.7
0.011228100182864797,0.4898148148148148,0.6634020132263431,0.6428571428571429,9,69,45,0.6521739130434783,0.05,room0,voxel_mean_disagreement,sidecar_original_unified,0.5714285714285714,8,14,0.8888888888888887
-0.03868673126575295,0.4814814814814815,0.6134871817777253,0.42857142857142855,6,69,45,0.6521739130434783,0.05,room0,voxel_second_region,sidecar_original_unified,0.5,7,14,1.1666666666666667
0.06046226614249106,0.5796296296296296,0.7126361791859693,0.42857142857142855,6,69,45,0.6521739130434783,0.05,room0,voxel_second_fraction,sidecar_original_unified,0.7142857142857143,10,14,1.6666666666666667
-0.01971704623878545,0.47638888888888886,0.6324568668046928,0.5,7,69,45,0.6521739130434783,0.05,room0,fragmentation,sidecar_original_unified,0.7857142857142857,11,14,1.5714285714285714
-0.08128567803442355,0.39675925925925926,0.5708882350090547,0.7142857142857143,10,69,45,0.6521739130434783,0.05,room0,pair_conflict,sidecar_original_unified,0.42857142857142855,6,14,0.6
0.13154685722827686,0.7199074074074074,0.7837207702717551,0.35714285714285715,5,69,45,0.6521739130434783,0.05,room0,nonspatial_owner_label_entropy,sidecar_original_unified,0.7857142857142857,11,14,2.1999999999999997
-0.03623002578302359,0.4476851851851852,0.6159438872604547,0.7142857142857143,10,69,45,0.6521739130434783,0.05,room0,frozen_semantic_max,sidecar_original_unified,0.6428571428571429,9,14,0.9
-0.09715421547933667,0.3310185185185185,0.5550196975641416,0.7857142857142857,11,69,45,0.6521739130434783,0.05,room0,frozen_combined_max,sidecar_original_unified,0.35714285714285715,5,14,0.4545454545454546
0.051775638894524745,0.5805555555555556,0.703949551938003,0.42857142857142855,6,69,45,0.6521739130434783,0.05,room0,framebalanced_majority_entropy,sidecar_original_unified,0.7857142857142857,11,14,1.8333333333333335
0.057713241506201274,0.549074074074074,0.7098871545496795,0.5714285714285714,8,69,45,0.6521739130434783,0.05,room0,framebalanced_mean_disagreement,sidecar_original_unified,0.7142857142857143,10,14,1.25
-0.016172639058392613,0.5087962962962962,0.6360012739850857,0.5714285714285714,8,69,45,0.6521739130434783,0.05,room0,persistent_conflict_fraction,sidecar_original_unified,0.6428571428571429,9,14,1.1250000000000002
-0.12229834798822337,0.2972222222222222,0.5298755650552549,0.8571428571428571,12,69,45,0.6521739130434783,0.05,room0,multi_owner_voxel_fraction,sidecar_original_unified,0.35714285714285715,5,14,0.4166666666666667
-0.08520370979722502,0.3476851851851852,0.5669702032462532,0.9285714285714286,13,69,45,0.6521739130434783,0.05,room0,mean_owner_entropy,sidecar_original_unified,0.42857142857142855,6,14,0.4615384615384615
-0.14645895473973847,0.2412037037037037,0.5057149583037398,0.8571428571428571,12,69,45,0.6521739130434783,0.05,room0,foreign_owner_link_fraction,sidecar_original_unified,0.21428571428571427,3,14,0.25
0.04341527939735157,0.5208333333333333,0.6955891924408298,0.5714285714285714,8,69,45,0.6521739130434783,0.05,room0,semantic_mean,sidecar_original_unified,0.5714285714285714,8,14,1.0
-0.03561926210613686,0.4412037037037037,0.6165546509373414,0.6428571428571429,9,69,45,0.6521739130434783,0.05,room0,combined_mean,sidecar_original_unified,0.6428571428571429,9,14,1.0
-0.049243792740873094,0.4032407407407408,0.6029301203026052,0.6428571428571429,9,69,45,0.6521739130434783,0.05,room0,combined_top2_mean,sidecar_original_unified,0.6428571428571429,9,14,1.0
0.05871966823669994,0.5375000000000001,0.7108935812801782,0.5714285714285714,8,69,45,0.6521739130434783,0.05,room0,framebalanced_semantic_mean,sidecar_original_unified,0.7142857142857143,10,14,1.25
-0.12187544683876028,0.27314814814814814,0.530298466204718,0.9285714285714286,13,69,45,0.6521739130434783,0.05,room0,owner_overlap_mean,sidecar_original_unified,0.35714285714285715,5,14,0.38461538461538464
0.2990467206038706,0.9203703703703704,0.9512206336473489,0.0,0,69,45,0.6521739130434783,0.05,room0,size_num_detections,sidecar_original_unified,1.0,14,14,
0.25574066106968096,0.8587962962962963,0.9079145741131592,0.21428571428571427,3,69,45,0.6521739130434783,0.05,room0,size_object_voxels,sidecar_original_unified,0.9285714285714286,13,14,4.333333333333334
-0.0315994680373588,0.42685185185185187,0.6205744450061195,0.7142857142857143,10,69,45,0.6521739130434783,0.05,room0,framebalanced_mean_disagreement_size_residual,sidecar_original_unified,0.5714285714285714,8,14,0.7999999999999999
0.043610733553909764,0.5694444444444444,0.695784646597388,0.42857142857142855,6,69,45,0.6521739130434783,0.05,room0,framebalanced_majority_entropy_size_residual,sidecar_original_unified,0.7857142857142857,11,14,1.8333333333333335
0.02703747727416983,0.5092592592592593,0.6792113903176481,0.7142857142857143,10,69,45,0.6521739130434783,0.05,room0,mean_owner_entropy_size_residual,sidecar_original_unified,0.7142857142857143,10,14,1.0
-0.05496837023621115,0.4444444444444444,0.5972055428072671,0.5714285714285714,8,69,45,0.6521739130434783,0.05,room0,voxel_second_region_size_residual,sidecar_original_unified,0.5714285714285714,8,14,1.0
0.12277791194362792,0.6230769230769231,0.5575605206392801,0.21428571428571427,3,69,30,0.43478260869565216,0.05,room0,voxel_majority_entropy,sidecar_strict_unified,0.6428571428571429,9,14,3.0000000000000004
0.005883400150544726,0.5205128205128206,0.4406660088461969,0.2857142857142857,4,69,30,0.43478260869565216,0.05,room0,voxel_vote_entropy,sidecar_strict_unified,0.2857142857142857,4,14,1.0
0.09076386960470667,0.5871794871794872,0.5255464783003588,0.2857142857142857,4,69,30,0.43478260869565216,0.05,room0,voxel_mean_disagreement,sidecar_strict_unified,0.5,7,14,1.75
0.059563322974413746,0.5764957264957266,0.4943459316700659,0.21428571428571427,3,69,30,0.43478260869565216,0.05,room0,voxel_second_region,sidecar_strict_unified,0.5,7,14,2.3333333333333335
0.19160277468837122,0.6572649572649573,0.6263853833840234,0.21428571428571427,3,69,30,0.43478260869565216,0.05,room0,voxel_second_fraction,sidecar_strict_unified,0.7142857142857143,10,14,3.3333333333333335
-0.0075258799171842305,0.49529914529914537,0.42725672877846793,0.42857142857142855,6,69,30,0.43478260869565216,0.05,room0,fragmentation,sidecar_strict_unified,0.5714285714285714,8,14,1.3333333333333333
-0.01511764739918059,0.49743589743589745,0.4196649612964716,0.42857142857142855,6,69,30,0.43478260869565216,0.05,room0,pair_conflict,sidecar_strict_unified,0.42857142857142855,6,14,1.0
0.18315600105308188,0.6923076923076923,0.617938609748734,0.14285714285714285,2,69,30,0.43478260869565216,0.05,room0,nonspatial_owner_label_entropy,sidecar_strict_unified,0.6428571428571429,9,14,4.500000000000001
0.05638081395890626,0.5752136752136752,0.4911634226545584,0.35714285714285715,5,69,30,0.43478260869565216,0.05,room0,frozen_semantic_max,sidecar_strict_unified,0.5714285714285714,8,14,1.5999999999999999
-0.008540092410690425,0.48888888888888893,0.42624251628496174,0.5,7,69,30,0.43478260869565216,0.05,room0,frozen_combined_max,sidecar_strict_unified,0.2857142857142857,4,14,0.5714285714285714
0.13467665544437396,0.629059829059829,0.5694592641400261,0.21428571428571427,3,69,30,0.43478260869565216,0.05,room0,framebalanced_majority_entropy,sidecar_strict_unified,0.6428571428571429,9,14,3.0000000000000004
0.13662718008259384,0.6384615384615384,0.571409788778246,0.21428571428571427,3,69,30,0.43478260869565216,0.05,room0,framebalanced_mean_disagreement,sidecar_strict_unified,0.6428571428571429,9,14,3.0000000000000004
0.05247347362889038,0.6192307692307693,0.48725608232454254,0.14285714285714285,2,69,30,0.43478260869565216,0.05,room0,persistent_conflict_fraction,sidecar_strict_unified,0.5,7,14,3.5
-0.0659529123701234,0.39914529914529917,0.36882969632552876,0.5714285714285714,8,69,30,0.43478260869565216,0.05,room0,multi_owner_voxel_fraction,sidecar_strict_unified,0.2857142857142857,4,14,0.5
-0.04154557204955689,0.41239316239316237,0.3932370366460953,0.5714285714285714,8,69,30,0.43478260869565216,0.05,room0,mean_owner_entropy,sidecar_strict_unified,0.2857142857142857,4,14,0.5
-0.08627892461622583,0.3594017094017094,0.34850368407942633,0.5,7,69,30,0.43478260869565216,0.05,room0,foreign_owner_link_fraction,sidecar_strict_unified,0.07142857142857142,1,14,0.14285714285714285
0.17694278648081724,0.6243589743589744,0.6117253951764694,0.2857142857142857,4,69,30,0.43478260869565216,0.05,room0,semantic_mean,sidecar_strict_unified,0.5714285714285714,8,14,2.0
0.07246677580842859,0.564957264957265,0.5072493845040807,0.35714285714285715,5,69,30,0.43478260869565216,0.05,room0,combined_mean,sidecar_strict_unified,0.5714285714285714,8,14,1.5999999999999999
0.06185414468338435,0.5461538461538461,0.4966367533790365,0.35714285714285715,5,69,30,0.43478260869565216,0.05,room0,combined_top2_mean,sidecar_strict_unified,0.5714285714285714,8,14,1.5999999999999999
0.18854799467679378,0.6414529914529915,0.623330603372446,0.21428571428571427,3,69,30,0.43478260869565216,0.05,room0,framebalanced_semantic_mean,sidecar_strict_unified,0.6428571428571429,9,14,3.0000000000000004
-0.07359576893517883,0.3782051282051282,0.36118683976047333,0.5714285714285714,8,69,30,0.43478260869565216,0.05,room0,owner_overlap_mean,sidecar_strict_unified,0.21428571428571427,3,14,0.375
0.30770891814931817,0.7940170940170941,0.7424915268449703,0.0,0,69,30,0.43478260869565216,0.05,room0,size_num_detections,sidecar_strict_unified,0.7857142857142857,11,14,
0.21403319873271137,0.752991452991453,0.6488158074283635,0.07142857142857142,1,69,30,0.43478260869565216,0.05,room0,size_object_voxels,sidecar_strict_unified,0.7142857142857143,10,14,10.0
0.04745636785902624,0.5470085470085471,0.4822389765546784,0.2857142857142857,4,69,30,0.43478260869565216,0.05,room0,framebalanced_mean_disagreement_size_residual,sidecar_strict_unified,0.42857142857142855,6,14,1.5
0.12389056297102247,0.6333333333333334,0.5586731716666746,0.21428571428571427,3,69,30,0.43478260869565216,0.05,room0,framebalanced_majority_entropy_size_residual,sidecar_strict_unified,0.6428571428571429,9,14,3.0000000000000004
0.024228977735273827,0.5256410256410257,0.459011586430926,0.42857142857142855,6,69,30,0.43478260869565216,0.05,room0,mean_owner_entropy_size_residual,sidecar_strict_unified,0.42857142857142855,6,14,1.0
0.0394258874044614,0.5512820512820513,0.47420849610011356,0.35714285714285715,5,69,30,0.43478260869565216,0.05,room0,voxel_second_region_size_residual,sidecar_strict_unified,0.5714285714285714,8,14,1.5999999999999999
0.053756072143027134,0.5543293718166383,0.5030314344618677,0.21428571428571427,3,69,31,0.4492753623188406,0.05,room0,voxel_majority_entropy,sidecar_original_mask,0.5714285714285714,8,14,2.6666666666666665
-0.010954786509603687,0.47198641765704585,0.4383205758092369,0.35714285714285715,5,69,31,0.4492753623188406,0.05,room0,voxel_vote_entropy,sidecar_original_mask,0.2857142857142857,4,14,0.7999999999999999
0.04588505088777545,0.5466893039049237,0.495160413206616,0.42857142857142855,6,69,31,0.4492753623188406,0.05,room0,voxel_mean_disagreement,sidecar_original_mask,0.42857142857142855,6,14,1.0
0.0021393460988369806,0.4961799660441426,0.45141470841767756,0.21428571428571427,3,69,31,0.4492753623188406,0.05,room0,voxel_second_region,sidecar_original_mask,0.42857142857142855,6,14,2.0
0.11429945725859225,0.5840407470288624,0.5635748195774328,0.21428571428571427,3,69,31,0.4492753623188406,0.05,room0,voxel_second_fraction,sidecar_original_mask,0.5714285714285714,8,14,2.6666666666666665
-0.008685634141454679,0.4923599320882852,0.4405897281773859,0.2857142857142857,4,69,31,0.4492753623188406,0.05,room0,fragmentation,sidecar_original_mask,0.7142857142857143,10,14,2.5
-0.08020871653765504,0.3671477079796265,0.36906664578118553,0.5714285714285714,8,69,31,0.4492753623188406,0.05,room0,pair_conflict,sidecar_original_mask,0.2857142857142857,4,14,0.5
0.15027457453593407,0.702037351443124,0.5995499368547746,0.14285714285714285,2,69,31,0.4492753623188406,0.05,room0,nonspatial_owner_label_entropy,sidecar_original_mask,0.6428571428571429,9,14,4.500000000000001
0.017324964248226382,0.5237691001697793,0.46660032656706696,0.5,7,69,31,0.4492753623188406,0.05,room0,frozen_semantic_max,sidecar_original_mask,0.5,7,14,1.0
-0.04322107116056695,0.41765704584040747,0.40605429115827363,0.6428571428571429,9,69,31,0.4492753623188406,0.05,room0,frozen_combined_max,sidecar_original_mask,0.21428571428571427,3,14,0.3333333333333333
0.05262741466301735,0.5517826825127334,0.5019027769818579,0.21428571428571427,3,69,31,0.4492753623188406,0.05,room0,framebalanced_majority_entropy,sidecar_original_mask,0.5714285714285714,8,14,2.6666666666666665
0.0791138547238266,0.5806451612903225,0.5283892170426672,0.35714285714285715,5,69,31,0.4492753623188406,0.05,room0,framebalanced_mean_disagreement,sidecar_original_mask,0.5714285714285714,8,14,1.5999999999999999
0.048449436284775826,0.5878607809847198,0.4977247986036164,0.2857142857142857,4,69,31,0.4492753623188406,0.05,room0,persistent_conflict_fraction,sidecar_original_mask,0.5714285714285714,8,14,2.0
-0.12510624253387087,0.24830220713073003,0.3241691197849697,0.7142857142857143,10,69,31,0.4492753623188406,0.05,room0,multi_owner_voxel_fraction,sidecar_original_mask,0.14285714285714285,2,14,0.19999999999999998
-0.09366959338176695,0.3081494057724957,0.35560576893707363,0.7142857142857143,10,69,31,0.4492753623188406,0.05,room0,mean_owner_entropy,sidecar_original_mask,0.21428571428571427,3,14,0.3
-0.12139943209913895,0.2614601018675722,0.32787593021970163,0.6428571428571429,9,69,31,0.4492753623188406,0.05,room0,foreign_owner_link_fraction,sidecar_original_mask,0.0,0,14,0.0
0.05496026465016446,0.5428692699490663,0.504235626969005,0.35714285714285715,5,69,31,0.4492753623188406,0.05,room0,semantic_mean,sidecar_original_mask,0.42857142857142855,6,14,1.2
-0.02542534607468927,0.43378607809847197,0.4238500162441513,0.5,7,69,31,0.4492753623188406,0.05,room0,combined_mean,sidecar_original_mask,0.42857142857142855,6,14,0.8571428571428571
-0.03664703258811186,0.41553480475382004,0.4126283297307287,0.5,7,69,31,0.4492753623188406,0.05,room0,combined_top2_mean,sidecar_original_mask,0.42857142857142855,6,14,0.8571428571428571
0.07207227878550826,0.5708828522920204,0.5213476411043488,0.35714285714285715,5,69,31,0.4492753623188406,0.05,room0,framebalanced_semantic_mean,sidecar_original_mask,0.5714285714285714,8,14,1.5999999999999999
-0.11819748471477626,0.2559422750424448,0.3310778776040643,0.7142857142857143,10,69,31,0.4492753623188406,0.05,room0,owner_overlap_mean,sidecar_original_mask,0.21428571428571427,3,14,0.3
0.332150071929058,0.8242784380305602,0.7814254342478986,0.0,0,69,31,0.4492753623188406,0.05,room0,size_num_detections,sidecar_original_mask,0.8571428571428571,12,14,
0.3000003527401527,0.8387096774193549,0.7492757150589933,0.07142857142857142,1,69,31,0.4492753623188406,0.05,room0,size_object_voxels,sidecar_original_mask,0.7857142857142857,11,14,11.0
-0.004464612670098789,0.5008488964346349,0.4448107496487418,0.42857142857142855,6,69,31,0.4492753623188406,0.05,room0,framebalanced_mean_disagreement_size_residual,sidecar_original_mask,0.42857142857142855,6,14,1.0
0.05527976942916424,0.5585738539898133,0.5045551317480048,0.21428571428571427,3,69,31,0.4492753623188406,0.05,room0,framebalanced_majority_entropy_size_residual,sidecar_original_mask,0.5714285714285714,8,14,2.6666666666666665
-0.037815766572314335,0.44312393887945667,0.41145959574652624,0.5,7,69,31,0.4492753623188406,0.05,room0,mean_owner_entropy_size_residual,sidecar_original_mask,0.35714285714285715,5,14,0.7142857142857143
-0.01725238538370244,0.46774193548387094,0.43202297693513814,0.35714285714285715,5,69,31,0.4492753623188406,0.05,room0,voxel_second_region_size_residual,sidecar_original_mask,0.42857142857142855,6,14,1.2
0.0714157694755681,0.5784832451499118,0.4627201173016551,0.21428571428571427,3,69,27,0.391304347826087,0.05,room0,voxel_majority_entropy,sidecar_strict_mask,0.5,7,14,2.3333333333333335
0.0036277441009875955,0.5061728395061729,0.39493209192707457,0.21428571428571427,3,69,27,0.391304347826087,0.05,room0,voxel_vote_entropy,sidecar_strict_mask,0.21428571428571427,3,14,1.0
0.04247110407966287,0.5582010582010583,0.43377545190574984,0.2857142857142857,4,69,27,0.391304347826087,0.05,room0,voxel_mean_disagreement,sidecar_strict_mask,0.42857142857142855,6,14,1.5
0.039670635827015965,0.5365961199294532,0.43097498365310294,0.21428571428571427,3,69,27,0.391304347826087,0.05,room0,voxel_second_region,sidecar_strict_mask,0.42857142857142855,6,14,2.0
0.15975981379789322,0.6190476190476191,0.5510641616239802,0.21428571428571427,3,69,27,0.391304347826087,0.05,room0,voxel_second_fraction,sidecar_strict_mask,0.5714285714285714,8,14,2.6666666666666665
-0.0035311709224752907,0.5044091710758378,0.3877731769036117,0.35714285714285715,5,69,27,0.391304347826087,0.05,room0,fragmentation,sidecar_strict_mask,0.5714285714285714,8,14,1.5999999999999999
-0.039002697184976454,0.4457671957671958,0.3523016506411105,0.42857142857142855,6,69,27,0.391304347826087,0.05,room0,pair_conflict,sidecar_strict_mask,0.2857142857142857,4,14,0.6666666666666666
0.12808657825481523,0.6693121693121693,0.5193909260809022,0.14285714285714285,2,69,27,0.391304347826087,0.05,room0,nonspatial_owner_label_entropy,sidecar_strict_mask,0.5714285714285714,8,14,4.0
0.021598047569585332,0.5352733686067019,0.4129023953956723,0.35714285714285715,5,69,27,0.391304347826087,0.05,room0,frozen_semantic_max,sidecar_strict_mask,0.42857142857142855,6,14,1.2
-0.026323665973382537,0.4523809523809524,0.36498068185270444,0.5,7,69,27,0.391304347826087,0.05,room0,frozen_combined_max,sidecar_strict_mask,0.14285714285714285,2,14,0.2857142857142857
0.07511941054332077,0.5802469135802469,0.46642375836940775,0.21428571428571427,3,69,27,0.391304347826087,0.05,room0,framebalanced_majority_entropy,sidecar_strict_mask,0.5,7,14,2.3333333333333335
0.08072356459859792,0.6031746031746031,0.4720279124246849,0.21428571428571427,3,69,27,0.391304347826087,0.05,room0,framebalanced_mean_disagreement,sidecar_strict_mask,0.5714285714285714,8,14,2.6666666666666665
0.03818909160131989,0.5947971781305115,0.42949343942740686,0.14285714285714285,2,69,27,0.391304347826087,0.05,room0,persistent_conflict_fraction,sidecar_strict_mask,0.42857142857142855,6,14,3.0
-0.08457841463471544,0.34038800705467376,0.30672593319137154,0.5714285714285714,8,69,27,0.391304347826087,0.05,room0,multi_owner_voxel_fraction,sidecar_strict_mask,0.21428571428571427,3,14,0.375
-0.041284180643855695,0.3919753086419753,0.3500201671822313,0.5714285714285714,8,69,27,0.391304347826087,0.05,room0,mean_owner_entropy,sidecar_strict_mask,0.2857142857142857,4,14,0.5
-0.08982572256115795,0.332010582010582,0.301478625264929,0.5,7,69,27,0.391304347826087,0.05,room0,foreign_owner_link_fraction,sidecar_strict_mask,0.0,0,14,0.0
0.09235433780777974,0.578042328042328,0.4836586856338667,0.2857142857142857,4,69,27,0.391304347826087,0.05,room0,semantic_mean,sidecar_strict_mask,0.42857142857142855,6,14,1.5
0.027142627322327362,0.5105820105820106,0.41844697514841434,0.35714285714285715,5,69,27,0.391304347826087,0.05,room0,combined_mean,sidecar_strict_mask,0.42857142857142855,6,14,1.2
0.016233525657279146,0.49647266313932986,0.4075378734833661,0.35714285714285715,5,69,27,0.391304347826087,0.05,room0,combined_top2_mean,sidecar_strict_mask,0.42857142857142855,6,14,1.2
0.10028888533539365,0.5983245149911817,0.4915932331614806,0.21428571428571427,3,69,27,0.391304347826087,0.05,room0,framebalanced_semantic_mean,sidecar_strict_mask,0.5,7,14,2.3333333333333335
-0.07853017188511652,0.34435626102292766,0.31277417594097046,0.5714285714285714,8,69,27,0.391304347826087,0.05,room0,owner_overlap_mean,sidecar_strict_mask,0.21428571428571427,3,14,0.375
0.31747576985541665,0.7932098765432098,0.7087801176815036,0.0,0,69,27,0.391304347826087,0.05,room0,size_num_detections,sidecar_strict_mask,0.7142857142857143,10,14,
0.2592492454875475,0.791005291005291,0.6505535933136345,0.07142857142857142,1,69,27,0.391304347826087,0.05,room0,size_object_voxels,sidecar_strict_mask,0.7142857142857143,10,14,10.0
0.00733769341959567,0.5229276895943562,0.39864204124568264,0.2857142857142857,4,69,27,0.391304347826087,0.05,room0,framebalanced_mean_disagreement_size_residual,sidecar_strict_mask,0.35714285714285715,5,14,1.25
0.07364612676740062,0.5873015873015872,0.4649504745934876,0.21428571428571427,3,69,27,0.391304347826087,0.05,room0,framebalanced_majority_entropy_size_residual,sidecar_strict_mask,0.5,7,14,2.3333333333333335
0.029217189934414134,0.5211640211640212,0.4205215377605011,0.35714285714285715,5,69,27,0.391304347826087,0.05,room0,mean_owner_entropy_size_residual,sidecar_strict_mask,0.42857142857142855,6,14,1.2
0.018177862176601445,0.5097001763668431,0.4094822100026884,0.35714285714285715,5,69,27,0.391304347826087,0.05,room0,voxel_second_region_size_residual,sidecar_strict_mask,0.42857142857142855,6,14,1.2
0.07248518746903143,0.5729847494553377,0.6861215511053951,0.4444444444444444,4,44,27,0.6136363636363636,0.05,room0,voxel_majority_entropy,sidecar_original_association,0.6666666666666666,6,9,1.5
-0.12178530668990883,0.29520697167755994,0.4918510569464548,0.6666666666666666,6,44,27,0.6136363636363636,0.05,room0,voxel_vote_entropy,sidecar_original_association,0.2222222222222222,2,9,0.3333333333333333
-0.10944055432028821,0.3387799564270152,0.5041958093160754,0.5555555555555556,5,44,27,0.6136363636363636,0.05,room0,voxel_mean_disagreement,sidecar_original_association,0.1111111111111111,1,9,0.19999999999999998
0.04580401075785634,0.5664488017429194,0.65944037439422,0.5555555555555556,5,44,27,0.6136363636363636,0.05,room0,voxel_second_region,sidecar_original_association,0.5555555555555556,5,9,1.0
0.03915099878335171,0.5599128540305011,0.6527873624197154,0.4444444444444444,4,44,27,0.6136363636363636,0.05,room0,voxel_second_fraction,sidecar_original_association,0.5555555555555556,5,9,1.2500000000000002
0.042929292929292706,0.5294117647058824,0.6565656565656564,0.7777777777777778,7,44,27,0.6136363636363636,0.05,room0,fragmentation,sidecar_original_association,0.7777777777777778,7,9,1.0
-0.016911104381864495,0.4651416122004357,0.5967252592544992,0.6666666666666666,6,44,27,0.6136363636363636,0.05,room0,pair_conflict,sidecar_original_association,0.4444444444444444,4,9,0.6666666666666666
-0.10809757066316805,0.326797385620915,0.5055387929731956,0.6666666666666666,6,44,27,0.6136363636363636,0.05,room0,nonspatial_owner_label_entropy,sidecar_original_association,0.3333333333333333,3,9,0.5
-0.08800702442138852,0.36274509803921573,0.5256293392149751,0.6666666666666666,6,44,27,0.6136363636363636,0.05,room0,frozen_semantic_max,sidecar_original_association,0.4444444444444444,4,9,0.6666666666666666
-0.08331766709264854,0.33986928104575165,0.5303186965437151,0.8888888888888888,8,44,27,0.6136363636363636,0.05,room0,frozen_combined_max,sidecar_original_association,0.3333333333333333,3,9,0.375
0.07379564807803496,0.5860566448801743,0.6874320117143986,0.4444444444444444,4,44,27,0.6136363636363636,0.05,room0,framebalanced_majority_entropy,sidecar_original_association,0.7777777777777778,7,9,1.7500000000000002
-0.11031054744174351,0.33877995642701525,0.5033258161946201,0.4444444444444444,4,44,27,0.6136363636363636,0.05,room0,framebalanced_mean_disagreement,sidecar_original_association,0.1111111111111111,1,9,0.25
-0.12707691754069173,0.2886710239651416,0.4865594460956719,0.6666666666666666,6,44,27,0.6136363636363636,0.05,room0,persistent_conflict_fraction,sidecar_original_association,0.1111111111111111,1,9,0.16666666666666666
0.042128565859729905,0.5239651416122004,0.6557649294960936,0.6666666666666666,6,44,27,0.6136363636363636,0.05,room0,multi_owner_voxel_fraction,sidecar_original_association,0.6666666666666666,6,9,1.0
0.05929236209534172,0.5076252723311546,0.6729287257317054,0.8888888888888888,8,44,27,0.6136363636363636,0.05,room0,mean_owner_entropy,sidecar_original_association,0.6666666666666666,6,9,0.75
-0.010215668078644491,0.4901960784313726,0.6034206955577192,0.7777777777777778,7,44,27,0.6136363636363636,0.05,room0,foreign_owner_link_fraction,sidecar_original_association,0.4444444444444444,4,9,0.5714285714285714
-0.020826315323471567,0.4869281045751634,0.5928100483128921,0.5555555555555556,5,44,27,0.6136363636363636,0.05,room0,semantic_mean,sidecar_original_association,0.5555555555555556,5,9,1.0
0.04706478607471032,0.514161220043573,0.660701149711074,0.6666666666666666,6,44,27,0.6136363636363636,0.05,room0,combined_mean,sidecar_original_association,0.5555555555555556,5,9,0.8333333333333334
0.007184285228625131,0.4509803921568627,0.6208206488649888,0.6666666666666666,6,44,27,0.6136363636363636,0.05,room0,combined_top2_mean,sidecar_original_association,0.5555555555555556,5,9,0.8333333333333334
-0.054011506747874694,0.429193899782135,0.559624856888489,0.5555555555555556,5,44,27,0.6136363636363636,0.05,room0,framebalanced_semantic_mean,sidecar_original_association,0.5555555555555556,5,9,1.0
0.07012003025244484,0.517429193899782,0.6837563938888085,0.7777777777777778,7,44,27,0.6136363636363636,0.05,room0,owner_overlap_mean,sidecar_original_association,0.6666666666666666,6,9,0.8571428571428571
0.09487794415602002,0.6176470588235294,0.7085143077923837,0.3333333333333333,3,44,27,0.6136363636363636,0.05,room0,size_num_detections,sidecar_original_association,0.5555555555555556,5,9,1.6666666666666667
0.02551877483030618,0.5196078431372548,0.6391551384666698,0.4444444444444444,4,44,27,0.6136363636363636,0.05,room0,size_object_voxels,sidecar_original_association,0.4444444444444444,4,9,1.0
-0.11426574604208961,0.31590413943355117,0.49937061759427404,0.6666666666666666,6,44,27,0.6136363636363636,0.05,room0,framebalanced_mean_disagreement_size_residual,sidecar_original_association,0.2222222222222222,2,9,0.3333333333333333
0.06544680230375699,0.5751633986928104,0.6790831659401206,0.4444444444444444,4,44,27,0.6136363636363636,0.05,room0,framebalanced_majority_entropy_size_residual,sidecar_original_association,0.7777777777777778,7,9,1.7500000000000002
0.08253541593242864,0.5708061002178649,0.6961717795687923,0.6666666666666666,6,44,27,0.6136363636363636,0.05,room0,mean_owner_entropy_size_residual,sidecar_original_association,0.7777777777777778,7,9,1.1666666666666667
0.04578257903897809,0.5620915032679739,0.6594189426753417,0.5555555555555556,5,44,27,0.6136363636363636,0.05,room0,voxel_second_region_size_residual,sidecar_original_association,0.5555555555555556,5,9,1.0
0.10371057513914661,0.5824175824175823,0.4537105751391466,0.25,1,20,7,0.35,0.05,room0,voxel_majority_entropy,sidecar_strict_association,0.25,1,4,1.0
0.010666131254366551,0.43956043956043955,0.36066613125436653,0.25,1,20,7,0.35,0.05,room0,voxel_vote_entropy,sidecar_strict_association,0.25,1,4,1.0
-0.06025632679768017,0.31868131868131866,0.2897436732023198,0.25,1,20,7,0.35,0.05,room0,voxel_mean_disagreement,sidecar_strict_association,0.0,0,4,0.0
0.1111111111111111,0.6153846153846153,0.4611111111111111,0.25,1,20,7,0.35,0.05,room0,voxel_second_region,sidecar_strict_association,0.5,2,4,2.0
0.09291819291819292,0.6043956043956044,0.4429181929181929,0.25,1,20,7,0.35,0.05,room0,voxel_second_fraction,sidecar_strict_association,0.25,1,4,1.0
0.09285714285714286,0.5384615384615384,0.44285714285714284,0.0,0,20,7,0.35,0.05,room0,fragmentation,sidecar_strict_association,0.75,3,4,
0.09304029304029304,0.46703296703296704,0.443040293040293,0.25,1,20,7,0.35,0.05,room0,pair_conflict,sidecar_strict_association,0.25,1,4,1.0
-0.027457066742780978,0.3791208791208791,0.322542933257219,0.25,1,20,7,0.35,0.05,room0,nonspatial_owner_label_entropy,sidecar_strict_association,0.25,1,4,1.0
-0.023562152133580705,0.423076923076923,0.3264378478664193,0.25,1,20,7,0.35,0.05,room0,frozen_semantic_max,sidecar_strict_association,0.0,0,4,0.0
-0.03655154369440078,0.40109890109890106,0.3134484563055992,0.25,1,20,7,0.35,0.05,room0,frozen_combined_max,sidecar_strict_association,0.0,0,4,0.0
0.06969696969696976,0.5604395604395604,0.41969696969696973,0.25,1,20,7,0.35,0.05,room0,framebalanced_majority_entropy,sidecar_strict_association,0.25,1,4,1.0
-0.06679740476732954,0.29670329670329665,0.28320259523267044,0.25,1,20,7,0.35,0.05,room0,framebalanced_mean_disagreement,sidecar_strict_association,0.0,0,4,0.0
-0.06613465899180182,0.2967032967032967,0.28386534100819816,0.25,1,20,7,0.35,0.05,room0,persistent_conflict_fraction,sidecar_strict_association,0.0,0,4,0.0
0.11201814058956916,0.6153846153846154,0.46201814058956914,0.25,1,20,7,0.35,0.05,room0,multi_owner_voxel_fraction,sidecar_strict_association,0.25,1,4,1.0
0.17701504844361982,0.6703296703296704,0.5270150484436198,0.25,1,20,7,0.35,0.05,room0,mean_owner_entropy,sidecar_strict_association,0.5,2,4,2.0
0.2155939298796442,0.6923076923076923,0.5655939298796442,0.25,1,20,7,0.35,0.05,room0,foreign_owner_link_fraction,sidecar_strict_association,0.5,2,4,2.0
-0.008426097711811908,0.4505494505494505,0.34157390228818807,0.25,1,20,7,0.35,0.05,room0,semantic_mean,sidecar_strict_association,0.0,0,4,0.0
0.13092145949288808,0.5384615384615384,0.48092145949288806,0.25,1,20,7,0.35,0.05,room0,combined_mean,sidecar_strict_association,0.25,1,4,1.0
0.019976452119309318,0.42857142857142855,0.3699764521193093,0.25,1,20,7,0.35,0.05,room0,combined_top2_mean,sidecar_strict_association,0.25,1,4,1.0
-0.031619570905285166,0.4065934065934066,0.3183804290947148,0.25,1,20,7,0.35,0.05,room0,framebalanced_semantic_mean,sidecar_strict_association,0.0,0,4,0.0
0.2038548752834467,0.6483516483516483,0.5538548752834467,0.25,1,20,7,0.35,0.05,room0,owner_overlap_mean,sidecar_strict_association,0.25,1,4,1.0
0.09886681945505477,0.4945054945054945,0.44886681945505474,0.25,1,20,7,0.35,0.05,room0,size_num_detections,sidecar_strict_association,0.25,1,4,1.0
-0.02747707474598232,0.3846153846153846,0.32252292525401766,0.25,1,20,7,0.35,0.05,room0,size_object_voxels,sidecar_strict_association,0.25,1,4,1.0
-0.044699546485260755,0.31868131868131866,0.3053004535147392,0.5,2,20,7,0.35,0.05,room0,framebalanced_mean_disagreement_size_residual,sidecar_strict_association,0.25,1,4,0.5
0.06799628942486091,0.5604395604395604,0.4179962894248609,0.25,1,20,7,0.35,0.05,room0,framebalanced_majority_entropy_size_residual,sidecar_strict_association,0.25,1,4,1.0
0.23015873015873012,0.6483516483516483,0.5801587301587301,0.25,1,20,7,0.35,0.05,room0,mean_owner_entropy_size_residual,sidecar_strict_association,0.5,2,4,2.0
0.10561660561660563,0.6043956043956044,0.4556166056166056,0.25,1,20,7,0.35,0.05,room0,voxel_second_region_size_residual,sidecar_strict_association,0.5,2,4,2.0
0.1490311826706151,0.6565295169946332,0.5258427768735137,0.07142857142857142,1,69,26,0.37681159420289856,0.05,room0,voxel_majority_entropy,sidecar_conservative_unified,0.5714285714285714,8,14,8.0
0.03708889984442004,0.5661896243291592,0.4139004940473186,0.14285714285714285,2,69,26,0.37681159420289856,0.05,room0,voxel_vote_entropy,sidecar_conservative_unified,0.2857142857142857,4,14,2.0
0.06850883188269563,0.6082289803220036,0.4453204260855942,0.21428571428571427,3,69,26,0.37681159420289856,0.05,room0,voxel_mean_disagreement,sidecar_conservative_unified,0.42857142857142855,6,14,2.0
0.08532749054394839,0.6068872987477638,0.46213908474684695,0.07142857142857142,1,69,26,0.37681159420289856,0.05,room0,voxel_second_region,sidecar_conservative_unified,0.5,7,14,7.0
0.2326825551625199,0.6949910554561718,0.6094941493654185,0.07142857142857142,1,69,26,0.37681159420289856,0.05,room0,voxel_second_fraction,sidecar_conservative_unified,0.6428571428571429,9,14,9.000000000000002
-0.0019947443860487413,0.5076028622540251,0.3748168498168498,0.2857142857142857,4,69,26,0.37681159420289856,0.05,room0,fragmentation,sidecar_conservative_unified,0.5714285714285714,8,14,2.0
-0.017881895258476166,0.48389982110912344,0.3589296989444224,0.35714285714285715,5,69,26,0.37681159420289856,0.05,room0,pair_conflict,sidecar_conservative_unified,0.35714285714285715,5,14,1.0
0.14990111069454737,0.70304114490161,0.5267127048974459,0.07142857142857142,1,69,26,0.37681159420289856,0.05,room0,nonspatial_owner_label_entropy,sidecar_conservative_unified,0.5714285714285714,8,14,8.0
0.06783823679596679,0.6100178890876565,0.44464983099886535,0.21428571428571427,3,69,26,0.37681159420289856,0.05,room0,frozen_semantic_max,sidecar_conservative_unified,0.5,7,14,2.3333333333333335
0.003444908182047013,0.5156529516994633,0.38025650238494557,0.42857142857142855,6,69,26,0.37681159420289856,0.05,room0,frozen_combined_max,sidecar_conservative_unified,0.21428571428571427,3,14,0.5
0.14536552546877823,0.6574239713774598,0.5221771196716768,0.07142857142857142,1,69,26,0.37681159420289856,0.05,room0,framebalanced_majority_entropy,sidecar_conservative_unified,0.5714285714285714,8,14,8.0
0.11050736134196487,0.6547406082289803,0.48731895554486343,0.14285714285714285,2,69,26,0.37681159420289856,0.05,room0,framebalanced_mean_disagreement,sidecar_conservative_unified,0.5714285714285714,8,14,4.0
0.04687566513749242,0.6095706618962433,0.423687259340391,0.14285714285714285,2,69,26,0.37681159420289856,0.05,room0,persistent_conflict_fraction,sidecar_conservative_unified,0.42857142857142855,6,14,3.0
-0.06664919912236461,0.3828264758497317,0.31016239508053395,0.5,7,69,26,0.37681159420289856,0.05,room0,multi_owner_voxel_fraction,sidecar_conservative_unified,0.21428571428571427,3,14,0.42857142857142855
-0.022281606221143224,0.42620751341681573,0.35452998798175533,0.5,7,69,26,0.37681159420289856,0.05,room0,mean_owner_entropy,sidecar_conservative_unified,0.2857142857142857,4,14,0.5714285714285714
-0.07439570729412226,0.36806797853309486,0.3024158869087763,0.42857142857142855,6,69,26,0.37681159420289856,0.05,room0,foreign_owner_link_fraction,sidecar_conservative_unified,0.0,0,14,0.0
0.14599928710402288,0.6507155635062611,0.5228108813069214,0.14285714285714285,2,69,26,0.37681159420289856,0.05,room0,semantic_mean,sidecar_conservative_unified,0.5,7,14,3.5
0.07750619550011512,0.5805008944543828,0.4543177897030137,0.2857142857142857,4,69,26,0.37681159420289856,0.05,room0,combined_mean,sidecar_conservative_unified,0.5,7,14,1.75
0.062340628972624546,0.5581395348837209,0.4391522231755231,0.2857142857142857,4,69,26,0.37681159420289856,0.05,room0,combined_top2_mean,sidecar_conservative_unified,0.5,7,14,1.75
0.15679114339282763,0.661896243291592,0.5336027375957262,0.14285714285714285,2,69,26,0.37681159420289856,0.05,room0,framebalanced_semantic_mean,sidecar_conservative_unified,0.5714285714285714,8,14,4.0
-0.060156119596950774,0.3859570661896244,0.3166554746059478,0.5,7,69,26,0.37681159420289856,0.05,room0,owner_overlap_mean,sidecar_conservative_unified,0.21428571428571427,3,14,0.42857142857142855
0.38174687040533906,0.84391771019678,0.7585584646082376,0.0,0,69,26,0.37681159420289856,0.05,room0,size_num_detections,sidecar_conservative_unified,0.7857142857142857,11,14,
0.25820590093634843,0.7822003577817532,0.635017495139247,0.07142857142857142,1,69,26,0.37681159420289856,0.05,room0,size_object_voxels,sidecar_conservative_unified,0.7142857142857143,10,14,10.0
0.02326345358933074,0.5536672629695886,0.4000750477922293,0.21428571428571427,3,69,26,0.37681159420289856,0.05,room0,framebalanced_mean_disagreement_size_residual,sidecar_conservative_unified,0.35714285714285715,5,14,1.6666666666666667
0.12604735672020562,0.6502683363148479,0.5028589509231042,0.14285714285714285,2,69,26,0.37681159420289856,0.05,room0,framebalanced_majority_entropy_size_residual,sidecar_conservative_unified,0.5714285714285714,8,14,4.0
0.054458073236840376,0.5581395348837209,0.43126966743973894,0.2857142857142857,4,69,26,0.37681159420289856,0.05,room0,mean_owner_entropy_size_residual,sidecar_conservative_unified,0.42857142857142855,6,14,1.5
0.06274644099217497,0.5858676207513417,0.4395580351950735,0.21428571428571427,3,69,26,0.37681159420289856,0.05,room0,voxel_second_region_size_residual,sidecar_conservative_unified,0.5,7,14,2.3333333333333335
0.09795185857031752,0.6166666666666666,0.44577794552683925,0.07142857142857142,1,69,24,0.34782608695652173,0.05,room0,voxel_majority_entropy,sidecar_conservative_mask,0.5,7,14,7.0
0.02639590332787356,0.537962962962963,0.3742219902843953,0.14285714285714285,2,69,24,0.34782608695652173,0.05,room0,voxel_vote_entropy,sidecar_conservative_mask,0.21428571428571427,3,14,1.5
0.05907257768406782,0.586111111111111,0.40689866464058955,0.21428571428571427,3,69,24,0.34782608695652173,0.05,room0,voxel_mean_disagreement,sidecar_conservative_mask,0.35714285714285715,5,14,1.6666666666666667
0.07188369629410474,0.5828703703703704,0.41970978325062647,0.07142857142857142,1,69,24,0.34782608695652173,0.05,room0,voxel_second_region,sidecar_conservative_mask,0.42857142857142855,6,14,6.0
0.20073392861443407,0.662962962962963,0.5485600155709558,0.07142857142857142,1,69,24,0.34782608695652173,0.05,room0,voxel_second_fraction,sidecar_conservative_mask,0.5714285714285714,8,14,8.0
0.001462215320911009,0.5143518518518518,0.34928830227743274,0.21428571428571427,3,69,24,0.34782608695652173,0.05,room0,fragmentation,sidecar_conservative_mask,0.5714285714285714,8,14,2.6666666666666665
-0.03355179451040624,0.4472222222222222,0.3142742924461155,0.35714285714285715,5,69,24,0.34782608695652173,0.05,room0,pair_conflict,sidecar_conservative_mask,0.2857142857142857,4,14,0.7999999999999999
0.16135292827874848,0.7018518518518518,0.5091790152352702,0.07142857142857142,1,69,24,0.34782608695652173,0.05,room0,nonspatial_owner_label_entropy,sidecar_conservative_mask,0.5714285714285714,8,14,8.0
0.052427914354092775,0.5833333333333333,0.4002540013106145,0.21428571428571427,3,69,24,0.34782608695652173,0.05,room0,frozen_semantic_max,sidecar_conservative_mask,0.42857142857142855,6,14,2.0
0.0005867060678224068,0.49768518518518523,0.34841279302434414,0.42857142857142855,6,69,24,0.34782608695652173,0.05,room0,frozen_combined_max,sidecar_conservative_mask,0.14285714285714285,2,14,0.3333333333333333
0.10320730742763312,0.6194444444444444,0.45103339438415485,0.07142857142857142,1,69,24,0.34782608695652173,0.05,room0,framebalanced_majority_entropy,sidecar_conservative_mask,0.5,7,14,7.0
0.09525001245021447,0.6296296296296297,0.4430760994067362,0.14285714285714285,2,69,24,0.34782608695652173,0.05,room0,framebalanced_mean_disagreement,sidecar_conservative_mask,0.5,7,14,3.5
0.03727049201052596,0.588425925925926,0.3850965789670477,0.14285714285714285,2,69,24,0.34782608695652173,0.05,room0,persistent_conflict_fraction,sidecar_conservative_mask,0.42857142857142855,6,14,3.0
-0.07617781273358631,0.3453703703703704,0.2716482742229354,0.5,7,69,24,0.34782608695652173,0.05,room0,multi_owner_voxel_fraction,sidecar_conservative_mask,0.14285714285714285,2,14,0.2857142857142857
-0.045510960099187925,0.38101851851851853,0.3023151268573338,0.5,7,69,24,0.34782608695652173,0.05,room0,mean_owner_entropy,sidecar_conservative_mask,0.21428571428571427,3,14,0.42857142857142855
-0.07430957000016936,0.35324074074074074,0.2735165169563524,0.42857142857142855,6,69,24,0.34782608695652173,0.05,room0,foreign_owner_link_fraction,sidecar_conservative_mask,0.0,0,14,0.0
0.11929799828234128,0.6143518518518518,0.467124085238863,0.14285714285714285,2,69,24,0.34782608695652173,0.05,room0,semantic_mean,sidecar_conservative_mask,0.42857142857142855,6,14,3.0
0.046335289064581064,0.5393518518518519,0.3941613760211028,0.2857142857142857,4,69,24,0.34782608695652173,0.05,room0,combined_mean,sidecar_conservative_mask,0.42857142857142855,6,14,1.5
0.03212478080235376,0.5166666666666667,0.3799508677588755,0.2857142857142857,4,69,24,0.34782608695652173,0.05,room0,combined_top2_mean,sidecar_conservative_mask,0.42857142857142855,6,14,1.5
0.12312550716625947,0.6245370370370371,0.4709515941227812,0.14285714285714285,2,69,24,0.34782608695652173,0.05,room0,framebalanced_semantic_mean,sidecar_conservative_mask,0.5,7,14,3.5
-0.06765362608208514,0.35138888888888886,0.2801724608744366,0.5,7,69,24,0.34782608695652173,0.05,room0,owner_overlap_mean,sidecar_conservative_mask,0.21428571428571427,3,14,0.42857142857142855
0.36927977400891165,0.8254629629629631,0.7171058609654334,0.0,0,69,24,0.34782608695652173,0.05,room0,size_num_detections,sidecar_conservative_mask,0.7142857142857143,10,14,
0.2859675996960108,0.7986111111111112,0.6337936866525326,0.07142857142857142,1,69,24,0.34782608695652173,0.05,room0,size_object_voxels,sidecar_conservative_mask,0.7142857142857143,10,14,10.0
0.020722164568888257,0.5407407407407407,0.36854825152541,0.21428571428571427,3,69,24,0.34782608695652173,0.05,room0,framebalanced_mean_disagreement_size_residual,sidecar_conservative_mask,0.35714285714285715,5,14,1.6666666666666667
0.10036356713492206,0.6175925925925926,0.4481896540914438,0.14285714285714285,2,69,24,0.34782608695652173,0.05,room0,framebalanced_majority_entropy_size_residual,sidecar_conservative_mask,0.5,7,14,3.5
0.014353792574031021,0.512962962962963,0.36217987953055275,0.2857142857142857,4,69,24,0.34782608695652173,0.05,room0,mean_owner_entropy_size_residual,sidecar_conservative_mask,0.35714285714285715,5,14,1.25
0.04909437984666515,0.5601851851851852,0.3969204668031869,0.21428571428571427,3,69,24,0.34782608695652173,0.05,room0,voxel_second_region_size_residual,sidecar_conservative_mask,0.42857142857142855,6,14,2.0
0.1694444444444444,0.7,0.5444444444444444,0.0,0,16,6,0.375,0.05,room0,voxel_majority_entropy,sidecar_conservative_association,0.5,2,4,
0.030855255855255836,0.48333333333333334,0.40585525585525584,0.25,1,16,6,0.375,0.05,room0,voxel_vote_entropy,sidecar_conservative_association,0.25,1,4,1.0
-0.03707403707403706,0.38333333333333336,0.33792596292596294,0.25,1,16,6,0.375,0.05,room0,voxel_mean_disagreement,sidecar_conservative_association,0.0,0,4,0.0
0.13981481481481484,0.7,0.5148148148148148,0.0,0,16,6,0.375,0.05,room0,voxel_second_region,sidecar_conservative_association,0.5,2,4,
0.1208694083694084,0.6833333333333333,0.4958694083694084,0.0,0,16,6,0.375,0.05,room0,voxel_second_fraction,sidecar_conservative_association,0.25,1,4,
0.10416666666666663,0.5416666666666667,0.47916666666666663,0.25,1,16,6,0.375,0.05,room0,fragmentation,sidecar_conservative_association,0.5,2,4,2.0
0.21326358826358827,0.6833333333333332,0.5882635882635883,0.0,0,16,6,0.375,0.05,room0,pair_conflict,sidecar_conservative_association,0.5,2,4,
0.0020743145743146174,0.3833333333333333,0.3770743145743146,0.5,2,16,6,0.375,0.05,room0,nonspatial_owner_label_entropy,sidecar_conservative_association,0.25,1,4,0.5
0.026058201058201114,0.5416666666666666,0.4010582010582011,0.0,0,16,6,0.375,0.05,room0,frozen_semantic_max,sidecar_conservative_association,0.0,0,4,
0.004664779664779739,0.5,0.37966477966477974,0.25,1,16,6,0.375,0.05,room0,frozen_combined_max,sidecar_conservative_association,0.25,1,4,1.0
0.15357142857142847,0.6833333333333333,0.5285714285714285,0.0,0,16,6,0.375,0.05,room0,framebalanced_majority_entropy,sidecar_conservative_association,0.5,2,4,
-0.03707403707403706,0.38333333333333336,0.33792596292596294,0.25,1,16,6,0.375,0.05,room0,framebalanced_mean_disagreement,sidecar_conservative_association,0.0,0,4,0.0
-0.04262959262959265,0.3666666666666667,0.33237040737040735,0.25,1,16,6,0.375,0.05,room0,persistent_conflict_fraction,sidecar_conservative_association,0.0,0,4,0.0
0.33293650793650786,0.8166666666666667,0.7079365079365079,0.0,0,16,6,0.375,0.05,room0,multi_owner_voxel_fraction,sidecar_conservative_association,0.5,2,4,
0.23472222222222217,0.7833333333333333,0.6097222222222222,0.0,0,16,6,0.375,0.05,room0,mean_owner_entropy,sidecar_conservative_association,0.5,2,4,
0.4388888888888889,0.8500000000000001,0.8138888888888889,0.0,0,16,6,0.375,0.05,room0,foreign_owner_link_fraction,sidecar_conservative_association,0.75,3,4,
0.02798127798127803,0.5333333333333333,0.40298127798127803,0.25,1,16,6,0.375,0.05,room0,semantic_mean,sidecar_conservative_association,0.25,1,4,1.0
0.21326358826358827,0.6833333333333332,0.5882635882635883,0.0,0,16,6,0.375,0.05,room0,combined_mean,sidecar_conservative_association,0.5,2,4,
0.14447358197358207,0.5333333333333333,0.5194735819735821,0.25,1,16,6,0.375,0.05,room0,combined_top2_mean,sidecar_conservative_association,0.5,2,4,2.0
0.00406954156954159,0.4916666666666667,0.3790695415695416,0.25,1,16,6,0.375,0.05,room0,framebalanced_semantic_mean,sidecar_conservative_association,0.25,1,4,1.0
0.3051587301587302,0.8,0.6801587301587302,0.0,0,16,6,0.375,0.05,room0,owner_overlap_mean,sidecar_conservative_association,0.5,2,4,
0.10398351648351645,0.4666666666666666,0.47898351648351645,0.5,2,16,6,0.375,0.05,room0,size_num_detections,sidecar_conservative_association,0.25,1,4,0.5
-0.04047619047619044,0.3333333333333333,0.33452380952380956,0.5,2,16,6,0.375,0.05,room0,size_object_voxels,sidecar_conservative_association,0.25,1,4,0.5
0.009827672327672343,0.41666666666666663,0.38482767232767234,0.5,2,16,6,0.375,0.05,room0,framebalanced_mean_disagreement_size_residual,sidecar_conservative_association,0.25,1,4,0.5
0.1416666666666666,0.6833333333333333,0.5166666666666666,0.0,0,16,6,0.375,0.05,room0,framebalanced_majority_entropy_size_residual,sidecar_conservative_association,0.5,2,4,
0.2787037037037037,0.75,0.6537037037037037,0.0,0,16,6,0.375,0.05,room0,mean_owner_entropy_size_residual,sidecar_conservative_association,0.5,2,4,
0.1307239057239058,0.6833333333333332,0.5057239057239058,0.0,0,16,6,0.375,0.05,room0,voxel_second_region_size_residual,sidecar_conservative_association,0.5,2,4,
0.1071428571428572,0.8571428571428571,0.9821428571428572,0.5,1,8,7,0.875,0.05,room0,voxel_majority_entropy,geometry_partition_2cm,1.0,2,2,2.0
0.125,1.0,1.0,0.5,1,8,7,0.875,0.05,room0,voxel_vote_entropy,geometry_partition_2cm,1.0,2,2,2.0
0.125,1.0,1.0,0.5,1,8,7,0.875,0.05,room0,voxel_mean_disagreement,geometry_partition_2cm,1.0,2,2,2.0
0.1071428571428572,0.8571428571428571,0.9821428571428572,0.5,1,8,7,0.875,0.05,room0,voxel_second_region,geometry_partition_2cm,1.0,2,2,2.0
0.1071428571428572,0.8571428571428571,0.9821428571428572,0.5,1,8,7,0.875,0.05,room0,voxel_second_fraction,geometry_partition_2cm,1.0,2,2,2.0
0.03571428571428559,0.6428571428571428,0.9107142857142856,0.5,1,8,7,0.875,0.05,room0,fragmentation,geometry_partition_2cm,1.0,2,2,2.0
0.125,1.0,1.0,0.5,1,8,7,0.875,0.05,room0,pair_conflict,geometry_partition_2cm,1.0,2,2,2.0
-0.029761904761904878,0.14285714285714285,0.8452380952380951,1.0,2,8,7,0.875,0.05,room0,nonspatial_owner_label_entropy,geometry_partition_2cm,0.5,1,2,0.5
0.125,1.0,1.0,0.5,1,8,7,0.875,0.05,room0,frozen_semantic_max,geometry_partition_2cm,1.0,2,2,2.0
0.125,1.0,1.0,0.5,1,8,7,0.875,0.05,room0,frozen_combined_max,geometry_partition_2cm,1.0,2,2,2.0
0.1071428571428572,0.8571428571428571,0.9821428571428572,0.5,1,8,7,0.875,0.05,room0,framebalanced_majority_entropy,geometry_partition_2cm,1.0,2,2,2.0
0.125,1.0,1.0,0.5,1,8,7,0.875,0.05,room0,framebalanced_mean_disagreement,geometry_partition_2cm,1.0,2,2,2.0
0.125,1.0,1.0,0.5,1,8,7,0.875,0.05,room0,persistent_conflict_fraction,geometry_partition_2cm,1.0,2,2,2.0
0.125,1.0,1.0,0.5,1,8,7,0.875,0.05,room0,multi_owner_voxel_fraction,geometry_partition_2cm,1.0,2,2,2.0
0.125,1.0,1.0,0.5,1,8,7,0.875,0.05,room0,mean_owner_entropy,geometry_partition_2cm,1.0,2,2,2.0
0.1071428571428572,0.8571428571428571,0.9821428571428572,0.5,1,8,7,0.875,0.05,room0,foreign_owner_link_fraction,geometry_partition_2cm,1.0,2,2,2.0
0.125,1.0,1.0,0.5,1,8,7,0.875,0.05,room0,semantic_mean,geometry_partition_2cm,1.0,2,2,2.0
0.125,1.0,1.0,0.5,1,8,7,0.875,0.05,room0,combined_mean,geometry_partition_2cm,1.0,2,2,2.0
0.125,1.0,1.0,0.5,1,8,7,0.875,0.05,room0,combined_top2_mean,geometry_partition_2cm,1.0,2,2,2.0
0.125,1.0,1.0,0.5,1,8,7,0.875,0.05,room0,framebalanced_semantic_mean,geometry_partition_2cm,1.0,2,2,2.0
0.125,1.0,1.0,0.5,1,8,7,0.875,0.05,room0,owner_overlap_mean,geometry_partition_2cm,1.0,2,2,2.0
0.05357142857142838,0.42857142857142855,0.9285714285714284,1.0,2,8,7,0.875,0.05,room0,size_num_detections,geometry_partition_2cm,1.0,2,2,1.0
-0.04421768707482987,0.14285714285714285,0.8307823129251701,1.0,2,8,7,0.875,0.05,room0,size_object_voxels,geometry_partition_2cm,0.5,1,2,0.5
0.125,1.0,1.0,0.5,1,8,7,0.875,0.05,room0,framebalanced_mean_disagreement_size_residual,geometry_partition_2cm,1.0,2,2,2.0
0.1071428571428572,0.8571428571428571,0.9821428571428572,0.5,1,8,7,0.875,0.05,room0,framebalanced_majority_entropy_size_residual,geometry_partition_2cm,1.0,2,2,2.0
0.08673469387755106,0.7142857142857143,0.9617346938775511,1.0,2,8,7,0.875,0.05,room0,mean_owner_entropy_size_residual,geometry_partition_2cm,1.0,2,2,1.0
0.1071428571428572,0.8571428571428571,0.9821428571428572,0.5,1,8,7,0.875,0.05,room0,voxel_second_region_size_residual,geometry_partition_2cm,1.0,2,2,2.0
0.375,0.8571428571428572,0.5,0.0,0,8,1,0.125,0.05,room0,voxel_majority_entropy,geometry_overmerge_2cm,0.5,1,2,
0.01785714285714285,0.1428571428571429,0.14285714285714285,0.5,1,8,1,0.125,0.05,room0,voxel_vote_entropy,geometry_overmerge_2cm,0.0,0,2,0.0
0.01785714285714285,0.1428571428571429,0.14285714285714285,0.5,1,8,1,0.125,0.05,room0,voxel_mean_disagreement,geometry_overmerge_2cm,0.0,0,2,0.0
0.125,0.5714285714285714,0.25,0.0,0,8,1,0.125,0.05,room0,voxel_second_region,geometry_overmerge_2cm,0.0,0,2,
0.375,0.8571428571428572,0.5,0.0,0,8,1,0.125,0.05,room0,voxel_second_fraction,geometry_overmerge_2cm,0.5,1,2,
0.875,1.0,1.0,0.0,0,8,1,0.125,0.05,room0,fragmentation,geometry_overmerge_2cm,0.5,1,2,
0.07500000000000001,0.4285714285714286,0.2,0.0,0,8,1,0.125,0.05,room0,pair_conflict,geometry_overmerge_2cm,0.0,0,2,
0.0,0.2142857142857143,0.125,0.0,0,8,1,0.125,0.05,room0,nonspatial_owner_label_entropy,geometry_overmerge_2cm,0.0,0,2,
0.375,0.8571428571428572,0.5,0.0,0,8,1,0.125,0.05,room0,frozen_semantic_max,geometry_overmerge_2cm,0.5,1,2,
0.875,1.0,1.0,0.0,0,8,1,0.125,0.05,room0,frozen_combined_max,geometry_overmerge_2cm,0.5,1,2,
0.375,0.8571428571428572,0.5,0.0,0,8,1,0.125,0.05,room0,framebalanced_majority_entropy,geometry_overmerge_2cm,0.5,1,2,
0.01785714285714285,0.1428571428571429,0.14285714285714285,0.5,1,8,1,0.125,0.05,room0,framebalanced_mean_disagreement,geometry_overmerge_2cm,0.0,0,2,0.0
0.01785714285714285,0.1428571428571429,0.14285714285714285,0.5,1,8,1,0.125,0.05,room0,persistent_conflict_fraction,geometry_overmerge_2cm,0.0,0,2,0.0
0.125,0.7857142857142857,0.25,0.0,0,8,1,0.125,0.05,room0,multi_owner_voxel_fraction,geometry_overmerge_2cm,0.5,1,2,
0.125,0.5714285714285714,0.25,0.0,0,8,1,0.125,0.05,room0,mean_owner_entropy,geometry_overmerge_2cm,0.0,0,2,
0.20833333333333331,0.7142857142857143,0.3333333333333333,0.0,0,8,1,0.125,0.05,room0,foreign_owner_link_fraction,geometry_overmerge_2cm,0.0,0,2,
0.125,0.5714285714285714,0.25,0.0,0,8,1,0.125,0.05,room0,semantic_mean,geometry_overmerge_2cm,0.0,0,2,
0.875,1.0,1.0,0.0,0,8,1,0.125,0.05,room0,combined_mean,geometry_overmerge_2cm,0.5,1,2,
0.875,1.0,1.0,0.0,0,8,1,0.125,0.05,room0,combined_top2_mean,geometry_overmerge_2cm,0.5,1,2,
0.04166666666666666,0.2857142857142857,0.16666666666666666,0.0,0,8,1,0.125,0.05,room0,framebalanced_semantic_mean,geometry_overmerge_2cm,0.0,0,2,
0.20833333333333331,0.7142857142857143,0.3333333333333333,0.0,0,8,1,0.125,0.05,room0,owner_overlap_mean,geometry_overmerge_2cm,0.0,0,2,
0.0,0.2142857142857143,0.125,0.0,0,8,1,0.125,0.05,room0,size_num_detections,geometry_overmerge_2cm,0.0,0,2,
0.01785714285714285,0.1428571428571429,0.14285714285714285,0.5,1,8,1,0.125,0.05,room0,size_object_voxels,geometry_overmerge_2cm,0.0,0,2,0.0
0.04166666666666666,0.2857142857142857,0.16666666666666666,0.0,0,8,1,0.125,0.05,room0,framebalanced_mean_disagreement_size_residual,geometry_overmerge_2cm,0.0,0,2,
0.875,1.0,1.0,0.0,0,8,1,0.125,0.05,room0,framebalanced_majority_entropy_size_residual,geometry_overmerge_2cm,0.5,1,2,
0.01785714285714285,0.1428571428571429,0.14285714285714285,0.5,1,8,1,0.125,0.05,room0,mean_owner_entropy_size_residual,geometry_overmerge_2cm,0.0,0,2,0.0
0.125,0.5714285714285714,0.25,0.0,0,8,1,0.125,0.05,room0,voxel_second_region_size_residual,geometry_overmerge_2cm,0.0,0,2,
0.1071428571428572,0.8571428571428571,0.9821428571428572,0.5,1,8,7,0.875,0.05,room0,voxel_majority_entropy,geometry_partition_5cm,1.0,2,2,2.0
0.125,1.0,1.0,0.5,1,8,7,0.875,0.05,room0,voxel_vote_entropy,geometry_partition_5cm,1.0,2,2,2.0
0.125,1.0,1.0,0.5,1,8,7,0.875,0.05,room0,voxel_mean_disagreement,geometry_partition_5cm,1.0,2,2,2.0
0.1071428571428572,0.8571428571428571,0.9821428571428572,0.5,1,8,7,0.875,0.05,room0,voxel_second_region,geometry_partition_5cm,1.0,2,2,2.0
0.1071428571428572,0.8571428571428571,0.9821428571428572,0.5,1,8,7,0.875,0.05,room0,voxel_second_fraction,geometry_partition_5cm,1.0,2,2,2.0
0.03571428571428559,0.6428571428571428,0.9107142857142856,0.5,1,8,7,0.875,0.05,room0,fragmentation,geometry_partition_5cm,1.0,2,2,2.0
0.125,1.0,1.0,0.5,1,8,7,0.875,0.05,room0,pair_conflict,geometry_partition_5cm,1.0,2,2,2.0
-0.029761904761904878,0.14285714285714285,0.8452380952380951,1.0,2,8,7,0.875,0.05,room0,nonspatial_owner_label_entropy,geometry_partition_5cm,0.5,1,2,0.5
0.125,1.0,1.0,0.5,1,8,7,0.875,0.05,room0,frozen_semantic_max,geometry_partition_5cm,1.0,2,2,2.0
0.125,1.0,1.0,0.5,1,8,7,0.875,0.05,room0,frozen_combined_max,geometry_partition_5cm,1.0,2,2,2.0
0.1071428571428572,0.8571428571428571,0.9821428571428572,0.5,1,8,7,0.875,0.05,room0,framebalanced_majority_entropy,geometry_partition_5cm,1.0,2,2,2.0
0.125,1.0,1.0,0.5,1,8,7,0.875,0.05,room0,framebalanced_mean_disagreement,geometry_partition_5cm,1.0,2,2,2.0
0.125,1.0,1.0,0.5,1,8,7,0.875,0.05,room0,persistent_conflict_fraction,geometry_partition_5cm,1.0,2,2,2.0
0.125,1.0,1.0,0.5,1,8,7,0.875,0.05,room0,multi_owner_voxel_fraction,geometry_partition_5cm,1.0,2,2,2.0
0.125,1.0,1.0,0.5,1,8,7,0.875,0.05,room0,mean_owner_entropy,geometry_partition_5cm,1.0,2,2,2.0
0.1071428571428572,0.8571428571428571,0.9821428571428572,0.5,1,8,7,0.875,0.05,room0,foreign_owner_link_fraction,geometry_partition_5cm,1.0,2,2,2.0
0.125,1.0,1.0,0.5,1,8,7,0.875,0.05,room0,semantic_mean,geometry_partition_5cm,1.0,2,2,2.0
0.125,1.0,1.0,0.5,1,8,7,0.875,0.05,room0,combined_mean,geometry_partition_5cm,1.0,2,2,2.0
0.125,1.0,1.0,0.5,1,8,7,0.875,0.05,room0,combined_top2_mean,geometry_partition_5cm,1.0,2,2,2.0
0.125,1.0,1.0,0.5,1,8,7,0.875,0.05,room0,framebalanced_semantic_mean,geometry_partition_5cm,1.0,2,2,2.0
0.125,1.0,1.0,0.5,1,8,7,0.875,0.05,room0,owner_overlap_mean,geometry_partition_5cm,1.0,2,2,2.0
0.05357142857142838,0.42857142857142855,0.9285714285714284,1.0,2,8,7,0.875,0.05,room0,size_num_detections,geometry_partition_5cm,1.0,2,2,1.0
-0.04421768707482987,0.14285714285714285,0.8307823129251701,1.0,2,8,7,0.875,0.05,room0,size_object_voxels,geometry_partition_5cm,0.5,1,2,0.5
0.125,1.0,1.0,0.5,1,8,7,0.875,0.05,room0,framebalanced_mean_disagreement_size_residual,geometry_partition_5cm,1.0,2,2,2.0
0.1071428571428572,0.8571428571428571,0.9821428571428572,0.5,1,8,7,0.875,0.05,room0,framebalanced_majority_entropy_size_residual,geometry_partition_5cm,1.0,2,2,2.0
0.08673469387755106,0.7142857142857143,0.9617346938775511,1.0,2,8,7,0.875,0.05,room0,mean_owner_entropy_size_residual,geometry_partition_5cm,1.0,2,2,1.0
0.1071428571428572,0.8571428571428571,0.9821428571428572,0.5,1,8,7,0.875,0.05,room0,voxel_second_region_size_residual,geometry_partition_5cm,1.0,2,2,2.0
0.375,0.8571428571428572,0.5,0.0,0,8,1,0.125,0.05,room0,voxel_majority_entropy,geometry_overmerge_5cm,0.5,1,2,
0.01785714285714285,0.1428571428571429,0.14285714285714285,0.5,1,8,1,0.125,0.05,room0,voxel_vote_entropy,geometry_overmerge_5cm,0.0,0,2,0.0
0.01785714285714285,0.1428571428571429,0.14285714285714285,0.5,1,8,1,0.125,0.05,room0,voxel_mean_disagreement,geometry_overmerge_5cm,0.0,0,2,0.0
0.125,0.5714285714285714,0.25,0.0,0,8,1,0.125,0.05,room0,voxel_second_region,geometry_overmerge_5cm,0.0,0,2,
0.375,0.8571428571428572,0.5,0.0,0,8,1,0.125,0.05,room0,voxel_second_fraction,geometry_overmerge_5cm,0.5,1,2,
0.875,1.0,1.0,0.0,0,8,1,0.125,0.05,room0,fragmentation,geometry_overmerge_5cm,0.5,1,2,
0.07500000000000001,0.4285714285714286,0.2,0.0,0,8,1,0.125,0.05,room0,pair_conflict,geometry_overmerge_5cm,0.0,0,2,
0.0,0.2142857142857143,0.125,0.0,0,8,1,0.125,0.05,room0,nonspatial_owner_label_entropy,geometry_overmerge_5cm,0.0,0,2,
0.375,0.8571428571428572,0.5,0.0,0,8,1,0.125,0.05,room0,frozen_semantic_max,geometry_overmerge_5cm,0.5,1,2,
0.875,1.0,1.0,0.0,0,8,1,0.125,0.05,room0,frozen_combined_max,geometry_overmerge_5cm,0.5,1,2,
0.375,0.8571428571428572,0.5,0.0,0,8,1,0.125,0.05,room0,framebalanced_majority_entropy,geometry_overmerge_5cm,0.5,1,2,
0.01785714285714285,0.1428571428571429,0.14285714285714285,0.5,1,8,1,0.125,0.05,room0,framebalanced_mean_disagreement,geometry_overmerge_5cm,0.0,0,2,0.0
0.01785714285714285,0.1428571428571429,0.14285714285714285,0.5,1,8,1,0.125,0.05,room0,persistent_conflict_fraction,geometry_overmerge_5cm,0.0,0,2,0.0
0.125,0.7857142857142857,0.25,0.0,0,8,1,0.125,0.05,room0,multi_owner_voxel_fraction,geometry_overmerge_5cm,0.5,1,2,
0.125,0.5714285714285714,0.25,0.0,0,8,1,0.125,0.05,room0,mean_owner_entropy,geometry_overmerge_5cm,0.0,0,2,
0.20833333333333331,0.7142857142857143,0.3333333333333333,0.0,0,8,1,0.125,0.05,room0,foreign_owner_link_fraction,geometry_overmerge_5cm,0.0,0,2,
0.125,0.5714285714285714,0.25,0.0,0,8,1,0.125,0.05,room0,semantic_mean,geometry_overmerge_5cm,0.0,0,2,
0.875,1.0,1.0,0.0,0,8,1,0.125,0.05,room0,combined_mean,geometry_overmerge_5cm,0.5,1,2,
0.875,1.0,1.0,0.0,0,8,1,0.125,0.05,room0,combined_top2_mean,geometry_overmerge_5cm,0.5,1,2,
0.04166666666666666,0.2857142857142857,0.16666666666666666,0.0,0,8,1,0.125,0.05,room0,framebalanced_semantic_mean,geometry_overmerge_5cm,0.0,0,2,
0.20833333333333331,0.7142857142857143,0.3333333333333333,0.0,0,8,1,0.125,0.05,room0,owner_overlap_mean,geometry_overmerge_5cm,0.0,0,2,
0.0,0.2142857142857143,0.125,0.0,0,8,1,0.125,0.05,room0,size_num_detections,geometry_overmerge_5cm,0.0,0,2,
0.01785714285714285,0.1428571428571429,0.14285714285714285,0.5,1,8,1,0.125,0.05,room0,size_object_voxels,geometry_overmerge_5cm,0.0,0,2,0.0
0.04166666666666666,0.2857142857142857,0.16666666666666666,0.0,0,8,1,0.125,0.05,room0,framebalanced_mean_disagreement_size_residual,geometry_overmerge_5cm,0.0,0,2,
0.875,1.0,1.0,0.0,0,8,1,0.125,0.05,room0,framebalanced_majority_entropy_size_residual,geometry_overmerge_5cm,0.5,1,2,
0.01785714285714285,0.1428571428571429,0.14285714285714285,0.5,1,8,1,0.125,0.05,room0,mean_owner_entropy_size_residual,geometry_overmerge_5cm,0.0,0,2,0.0
0.125,0.5714285714285714,0.25,0.0,0,8,1,0.125,0.05,room0,voxel_second_region_size_residual,geometry_overmerge_5cm,0.0,0,2,
0.1071428571428572,0.8571428571428571,0.9821428571428572,0.5,1,8,7,0.875,0.05,room0,voxel_majority_entropy,geometry_partition_7cm,1.0,2,2,2.0
0.125,1.0,1.0,0.5,1,8,7,0.875,0.05,room0,voxel_vote_entropy,geometry_partition_7cm,1.0,2,2,2.0
0.125,1.0,1.0,0.5,1,8,7,0.875,0.05,room0,voxel_mean_disagreement,geometry_partition_7cm,1.0,2,2,2.0
0.1071428571428572,0.8571428571428571,0.9821428571428572,0.5,1,8,7,0.875,0.05,room0,voxel_second_region,geometry_partition_7cm,1.0,2,2,2.0
0.1071428571428572,0.8571428571428571,0.9821428571428572,0.5,1,8,7,0.875,0.05,room0,voxel_second_fraction,geometry_partition_7cm,1.0,2,2,2.0
0.03571428571428559,0.6428571428571428,0.9107142857142856,0.5,1,8,7,0.875,0.05,room0,fragmentation,geometry_partition_7cm,1.0,2,2,2.0
0.125,1.0,1.0,0.5,1,8,7,0.875,0.05,room0,pair_conflict,geometry_partition_7cm,1.0,2,2,2.0
-0.029761904761904878,0.14285714285714285,0.8452380952380951,1.0,2,8,7,0.875,0.05,room0,nonspatial_owner_label_entropy,geometry_partition_7cm,0.5,1,2,0.5
0.125,1.0,1.0,0.5,1,8,7,0.875,0.05,room0,frozen_semantic_max,geometry_partition_7cm,1.0,2,2,2.0
0.125,1.0,1.0,0.5,1,8,7,0.875,0.05,room0,frozen_combined_max,geometry_partition_7cm,1.0,2,2,2.0
0.1071428571428572,0.8571428571428571,0.9821428571428572,0.5,1,8,7,0.875,0.05,room0,framebalanced_majority_entropy,geometry_partition_7cm,1.0,2,2,2.0
0.125,1.0,1.0,0.5,1,8,7,0.875,0.05,room0,framebalanced_mean_disagreement,geometry_partition_7cm,1.0,2,2,2.0
0.125,1.0,1.0,0.5,1,8,7,0.875,0.05,room0,persistent_conflict_fraction,geometry_partition_7cm,1.0,2,2,2.0
0.125,1.0,1.0,0.5,1,8,7,0.875,0.05,room0,multi_owner_voxel_fraction,geometry_partition_7cm,1.0,2,2,2.0
0.125,1.0,1.0,0.5,1,8,7,0.875,0.05,room0,mean_owner_entropy,geometry_partition_7cm,1.0,2,2,2.0
0.1071428571428572,0.8571428571428571,0.9821428571428572,0.5,1,8,7,0.875,0.05,room0,foreign_owner_link_fraction,geometry_partition_7cm,1.0,2,2,2.0
0.125,1.0,1.0,0.5,1,8,7,0.875,0.05,room0,semantic_mean,geometry_partition_7cm,1.0,2,2,2.0
0.125,1.0,1.0,0.5,1,8,7,0.875,0.05,room0,combined_mean,geometry_partition_7cm,1.0,2,2,2.0
0.125,1.0,1.0,0.5,1,8,7,0.875,0.05,room0,combined_top2_mean,geometry_partition_7cm,1.0,2,2,2.0
0.125,1.0,1.0,0.5,1,8,7,0.875,0.05,room0,framebalanced_semantic_mean,geometry_partition_7cm,1.0,2,2,2.0
0.125,1.0,1.0,0.5,1,8,7,0.875,0.05,room0,owner_overlap_mean,geometry_partition_7cm,1.0,2,2,2.0
0.05357142857142838,0.42857142857142855,0.9285714285714284,1.0,2,8,7,0.875,0.05,room0,size_num_detections,geometry_partition_7cm,1.0,2,2,1.0
-0.04421768707482987,0.14285714285714285,0.8307823129251701,1.0,2,8,7,0.875,0.05,room0,size_object_voxels,geometry_partition_7cm,0.5,1,2,0.5
0.125,1.0,1.0,0.5,1,8,7,0.875,0.05,room0,framebalanced_mean_disagreement_size_residual,geometry_partition_7cm,1.0,2,2,2.0
0.1071428571428572,0.8571428571428571,0.9821428571428572,0.5,1,8,7,0.875,0.05,room0,framebalanced_majority_entropy_size_residual,geometry_partition_7cm,1.0,2,2,2.0
0.08673469387755106,0.7142857142857143,0.9617346938775511,1.0,2,8,7,0.875,0.05,room0,mean_owner_entropy_size_residual,geometry_partition_7cm,1.0,2,2,1.0
0.1071428571428572,0.8571428571428571,0.9821428571428572,0.5,1,8,7,0.875,0.05,room0,voxel_second_region_size_residual,geometry_partition_7cm,1.0,2,2,2.0
0.375,0.8571428571428572,0.5,0.0,0,8,1,0.125,0.05,room0,voxel_majority_entropy,geometry_overmerge_7cm,0.5,1,2,
0.01785714285714285,0.1428571428571429,0.14285714285714285,0.5,1,8,1,0.125,0.05,room0,voxel_vote_entropy,geometry_overmerge_7cm,0.0,0,2,0.0
0.01785714285714285,0.1428571428571429,0.14285714285714285,0.5,1,8,1,0.125,0.05,room0,voxel_mean_disagreement,geometry_overmerge_7cm,0.0,0,2,0.0
0.125,0.5714285714285714,0.25,0.0,0,8,1,0.125,0.05,room0,voxel_second_region,geometry_overmerge_7cm,0.0,0,2,
0.375,0.8571428571428572,0.5,0.0,0,8,1,0.125,0.05,room0,voxel_second_fraction,geometry_overmerge_7cm,0.5,1,2,
0.875,1.0,1.0,0.0,0,8,1,0.125,0.05,room0,fragmentation,geometry_overmerge_7cm,0.5,1,2,
0.07500000000000001,0.4285714285714286,0.2,0.0,0,8,1,0.125,0.05,room0,pair_conflict,geometry_overmerge_7cm,0.0,0,2,
0.0,0.2142857142857143,0.125,0.0,0,8,1,0.125,0.05,room0,nonspatial_owner_label_entropy,geometry_overmerge_7cm,0.0,0,2,
0.375,0.8571428571428572,0.5,0.0,0,8,1,0.125,0.05,room0,frozen_semantic_max,geometry_overmerge_7cm,0.5,1,2,
0.875,1.0,1.0,0.0,0,8,1,0.125,0.05,room0,frozen_combined_max,geometry_overmerge_7cm,0.5,1,2,
0.375,0.8571428571428572,0.5,0.0,0,8,1,0.125,0.05,room0,framebalanced_majority_entropy,geometry_overmerge_7cm,0.5,1,2,
0.01785714285714285,0.1428571428571429,0.14285714285714285,0.5,1,8,1,0.125,0.05,room0,framebalanced_mean_disagreement,geometry_overmerge_7cm,0.0,0,2,0.0
0.01785714285714285,0.1428571428571429,0.14285714285714285,0.5,1,8,1,0.125,0.05,room0,persistent_conflict_fraction,geometry_overmerge_7cm,0.0,0,2,0.0
0.125,0.7857142857142857,0.25,0.0,0,8,1,0.125,0.05,room0,multi_owner_voxel_fraction,geometry_overmerge_7cm,0.5,1,2,
0.125,0.5714285714285714,0.25,0.0,0,8,1,0.125,0.05,room0,mean_owner_entropy,geometry_overmerge_7cm,0.0,0,2,
0.20833333333333331,0.7142857142857143,0.3333333333333333,0.0,0,8,1,0.125,0.05,room0,foreign_owner_link_fraction,geometry_overmerge_7cm,0.0,0,2,
0.125,0.5714285714285714,0.25,0.0,0,8,1,0.125,0.05,room0,semantic_mean,geometry_overmerge_7cm,0.0,0,2,
0.875,1.0,1.0,0.0,0,8,1,0.125,0.05,room0,combined_mean,geometry_overmerge_7cm,0.5,1,2,
0.875,1.0,1.0,0.0,0,8,1,0.125,0.05,room0,combined_top2_mean,geometry_overmerge_7cm,0.5,1,2,
0.04166666666666666,0.2857142857142857,0.16666666666666666,0.0,0,8,1,0.125,0.05,room0,framebalanced_semantic_mean,geometry_overmerge_7cm,0.0,0,2,
0.20833333333333331,0.7142857142857143,0.3333333333333333,0.0,0,8,1,0.125,0.05,room0,owner_overlap_mean,geometry_overmerge_7cm,0.0,0,2,
0.0,0.2142857142857143,0.125,0.0,0,8,1,0.125,0.05,room0,size_num_detections,geometry_overmerge_7cm,0.0,0,2,
0.01785714285714285,0.1428571428571429,0.14285714285714285,0.5,1,8,1,0.125,0.05,room0,size_object_voxels,geometry_overmerge_7cm,0.0,0,2,0.0
0.04166666666666666,0.2857142857142857,0.16666666666666666,0.0,0,8,1,0.125,0.05,room0,framebalanced_mean_disagreement_size_residual,geometry_overmerge_7cm,0.0,0,2,
0.875,1.0,1.0,0.0,0,8,1,0.125,0.05,room0,framebalanced_majority_entropy_size_residual,geometry_overmerge_7cm,0.5,1,2,
0.01785714285714285,0.1428571428571429,0.14285714285714285,0.5,1,8,1,0.125,0.05,room0,mean_owner_entropy_size_residual,geometry_overmerge_7cm,0.0,0,2,0.0
0.125,0.5714285714285714,0.25,0.0,0,8,1,0.125,0.05,room0,voxel_second_region_size_residual,geometry_overmerge_7cm,0.0,0,2,
0.023358674712584238,0.5560185185185185,0.6755325877560625,0.42857142857142855,6,69,45,0.6521739130434783,0.1,room0,voxel_majority_entropy,sidecar_original_unified,0.6428571428571429,9,14,1.5000000000000002
-0.05571032170063561,0.3851851851851852,0.5964635913428427,0.6428571428571429,9,69,45,0.6521739130434783,0.1,room0,voxel_vote_entropy,sidecar_original_unified,0.5714285714285714,8,14,0.8888888888888887
0.010747702055764363,0.4898148148148148,0.6629216150992426,0.6428571428571429,9,69,45,0.6521739130434783,0.1,room0,voxel_mean_disagreement,sidecar_original_unified,0.5714285714285714,8,14,0.8888888888888887
-0.03534936716663384,0.5069444444444444,0.6168245458768444,0.42857142857142855,6,69,45,0.6521739130434783,0.1,room0,voxel_second_region,sidecar_original_unified,0.5714285714285714,8,14,1.3333333333333333
0.03867327138828469,0.562037037037037,0.690847184431763,0.42857142857142855,6,69,45,0.6521739130434783,0.1,room0,voxel_second_fraction,sidecar_original_unified,0.7857142857142857,11,14,1.8333333333333335
0.0,0.5,0.6521739130434783,0.5,7,69,45,0.6521739130434783,0.1,room0,fragmentation,sidecar_original_unified,0.7857142857142857,11,14,1.5714285714285714
0.004165310799119526,0.5273148148148148,0.6563392238425978,0.5714285714285714,8,69,45,0.6521739130434783,0.1,room0,pair_conflict,sidecar_original_unified,0.6428571428571429,9,14,1.1250000000000002
0.13154685722827686,0.7199074074074074,0.7837207702717551,0.35714285714285715,5,69,45,0.6521739130434783,0.1,room0,nonspatial_owner_label_entropy,sidecar_original_unified,0.7857142857142857,11,14,2.1999999999999997
-0.052423545046109465,0.43472222222222223,0.5997503679973688,0.7142857142857143,10,69,45,0.6521739130434783,0.1,room0,frozen_semantic_max,sidecar_original_unified,0.5714285714285714,8,14,0.7999999999999999
-0.04988729209794052,0.45231481481481484,0.6022866209455378,0.7142857142857143,10,69,45,0.6521739130434783,0.1,room0,frozen_combined_max,sidecar_original_unified,0.5,7,14,0.7
0.029789544278833402,0.5388888888888888,0.6819634573223117,0.5,7,69,45,0.6521739130434783,0.1,room0,framebalanced_majority_entropy,sidecar_original_unified,0.6428571428571429,9,14,1.2857142857142858
0.0403253709288417,0.5231481481481481,0.69249928397232,0.6428571428571429,9,69,45,0.6521739130434783,0.1,room0,framebalanced_mean_disagreement,sidecar_original_unified,0.5714285714285714,8,14,0.8888888888888887
-0.039312152569995096,0.4736111111111111,0.6128617604734832,0.6428571428571429,9,69,45,0.6521739130434783,0.1,room0,persistent_conflict_fraction,sidecar_original_unified,0.5714285714285714,8,14,0.8888888888888887
-0.14192206940797725,0.2564814814814815,0.510251843635501,0.8571428571428571,12,69,45,0.6521739130434783,0.1,room0,multi_owner_voxel_fraction,sidecar_original_unified,0.21428571428571427,3,14,0.25
-0.09545402905208622,0.3486111111111111,0.556719883991392,0.7857142857142857,11,69,45,0.6521739130434783,0.1,room0,mean_owner_entropy,sidecar_original_unified,0.5,7,14,0.6363636363636364
-0.1551793936735812,0.2152777777777778,0.4969945193698971,0.8571428571428571,12,69,45,0.6521739130434783,0.1,room0,foreign_owner_link_fraction,sidecar_original_unified,0.21428571428571427,3,14,0.25
0.0255717412690879,0.524537037037037,0.6777456543125662,0.7142857142857143,10,69,45,0.6521739130434783,0.1,room0,semantic_mean,sidecar_original_unified,0.7142857142857143,10,14,1.0
0.03066221163215177,0.55,0.68283612467563,0.5714285714285714,8,69,45,0.6521739130434783,0.1,room0,combined_mean,sidecar_original_unified,0.5714285714285714,8,14,1.0
0.016245643979713398,0.525,0.6684195570231917,0.6428571428571429,9,69,45,0.6521739130434783,0.1,room0,combined_top2_mean,sidecar_original_unified,0.5,7,14,0.7777777777777777
0.042891781635480575,0.5282407407407408,0.6950656946789588,0.7142857142857143,10,69,45,0.6521739130434783,0.1,room0,framebalanced_semantic_mean,sidecar_original_unified,0.7857142857142857,11,14,1.0999999999999999
-0.14503309100195239,0.23194444444444443,0.5071408220415259,0.9285714285714286,13,69,45,0.6521739130434783,0.1,room0,owner_overlap_mean,sidecar_original_unified,0.21428571428571427,3,14,0.23076923076923075
0.2990467206038706,0.9203703703703704,0.9512206336473489,0.0,0,69,45,0.6521739130434783,0.1,room0,size_num_detections,sidecar_original_unified,1.0,14,14,
0.24958597684139094,0.8546296296296296,0.9017598898848692,0.21428571428571427,3,69,45,0.6521739130434783,0.1,room0,size_object_voxels,sidecar_original_unified,0.9285714285714286,13,14,4.333333333333334
-0.04759646629156544,0.42962962962962964,0.6045774467519128,0.7142857142857143,10,69,45,0.6521739130434783,0.1,room0,framebalanced_mean_disagreement_size_residual,sidecar_original_unified,0.5,7,14,0.7
0.032413785013329366,0.5518518518518518,0.6845876980568076,0.5,7,69,45,0.6521739130434783,0.1,room0,framebalanced_majority_entropy_size_residual,sidecar_original_unified,0.6428571428571429,9,14,1.2857142857142858
0.017490569169952397,0.47962962962962963,0.6696644822134307,0.6428571428571429,9,69,45,0.6521739130434783,0.1,room0,mean_owner_entropy_size_residual,sidecar_original_unified,0.5,7,14,0.7777777777777777
-0.027283616474462424,0.4935185185185185,0.6248902965690158,0.6428571428571429,9,69,45,0.6521739130434783,0.1,room0,voxel_second_region_size_residual,sidecar_original_unified,0.5714285714285714,8,14,0.8888888888888887
0.08208769120000187,0.6217948717948718,0.516870299895654,0.14285714285714285,2,69,30,0.43478260869565216,0.1,room0,voxel_majority_entropy,sidecar_strict_unified,0.5,7,14,3.5
0.0012396295516620692,0.5,0.43602223824731423,0.21428571428571427,3,69,30,0.43478260869565216,0.1,room0,voxel_vote_entropy,sidecar_strict_unified,0.35714285714285715,5,14,1.6666666666666667
0.10917432274276412,0.6085470085470086,0.5439569314384163,0.2857142857142857,4,69,30,0.43478260869565216,0.1,room0,voxel_mean_disagreement,sidecar_strict_unified,0.5,7,14,1.75
0.04726993930023615,0.6021367521367522,0.4820525479958883,0.14285714285714285,2,69,30,0.43478260869565216,0.1,room0,voxel_second_region,sidecar_strict_unified,0.5,7,14,3.5
0.1335357616376392,0.6452991452991453,0.5683183703332914,0.14285714285714285,2,69,30,0.43478260869565216,0.1,room0,voxel_second_fraction,sidecar_strict_unified,0.7142857142857143,10,14,5.0
0.0,0.5,0.43478260869565216,0.35714285714285715,5,69,30,0.43478260869565216,0.1,room0,fragmentation,sidecar_strict_unified,0.5,7,14,1.4
0.0736120049724312,0.5803418803418804,0.5083946136680834,0.35714285714285715,5,69,30,0.43478260869565216,0.1,room0,pair_conflict,sidecar_strict_unified,0.5,7,14,1.4
0.18315600105308188,0.6923076923076923,0.617938609748734,0.14285714285714285,2,69,30,0.43478260869565216,0.1,room0,nonspatial_owner_label_entropy,sidecar_strict_unified,0.6428571428571429,9,14,4.500000000000001
0.03587609013596471,0.5747863247863249,0.4706586988316169,0.2857142857142857,4,69,30,0.43478260869565216,0.1,room0,frozen_semantic_max,sidecar_strict_unified,0.42857142857142855,6,14,1.5
0.028406434045706863,0.5508547008547008,0.463189042741359,0.42857142857142855,6,69,30,0.43478260869565216,0.1,room0,frozen_combined_max,sidecar_strict_unified,0.42857142857142855,6,14,1.0
0.08487154415861048,0.6158119658119658,0.5196541528542626,0.14285714285714285,2,69,30,0.43478260869565216,0.1,room0,framebalanced_majority_entropy,sidecar_strict_unified,0.5,7,14,3.5
0.1228861736576497,0.6299145299145299,0.5576687823533019,0.2857142857142857,4,69,30,0.43478260869565216,0.1,room0,framebalanced_mean_disagreement,sidecar_strict_unified,0.5,7,14,1.75
0.03900553081879282,0.6038461538461538,0.473788139514445,0.14285714285714285,2,69,30,0.43478260869565216,0.1,room0,persistent_conflict_fraction,sidecar_strict_unified,0.42857142857142855,6,14,3.0
-0.08355205488461026,0.367948717948718,0.3512305538110419,0.5,7,69,30,0.43478260869565216,0.1,room0,multi_owner_voxel_fraction,sidecar_strict_unified,0.14285714285714285,2,14,0.2857142857142857
-0.05396812158041048,0.4158119658119658,0.3808144871152417,0.42857142857142855,6,69,30,0.43478260869565216,0.1,room0,mean_owner_entropy,sidecar_strict_unified,0.2857142857142857,4,14,0.6666666666666666
-0.09048448347400134,0.35,0.3442981252216508,0.5,7,69,30,0.43478260869565216,0.1,room0,foreign_owner_link_fraction,sidecar_strict_unified,0.07142857142857142,1,14,0.14285714285714285
0.13358205382348404,0.6329059829059829,0.5683646625191362,0.2857142857142857,4,69,30,0.43478260869565216,0.1,room0,semantic_mean,sidecar_strict_unified,0.5714285714285714,8,14,2.0
0.13505645718970344,0.626923076923077,0.5698390658853556,0.2857142857142857,4,69,30,0.43478260869565216,0.1,room0,combined_mean,sidecar_strict_unified,0.5,7,14,1.75
0.12409145833540608,0.6128205128205128,0.5588740670310582,0.35714285714285715,5,69,30,0.43478260869565216,0.1,room0,combined_top2_mean,sidecar_strict_unified,0.5,7,14,1.4
0.14620305562659403,0.6482905982905983,0.5809856643222462,0.21428571428571427,3,69,30,0.43478260869565216,0.1,room0,framebalanced_semantic_mean,sidecar_strict_unified,0.6428571428571429,9,14,3.0000000000000004
-0.0859868202593202,0.35341880341880344,0.34879578843633197,0.5,7,69,30,0.43478260869565216,0.1,room0,owner_overlap_mean,sidecar_strict_unified,0.07142857142857142,1,14,0.14285714285714285
0.30770891814931817,0.7940170940170941,0.7424915268449703,0.0,0,69,30,0.43478260869565216,0.1,room0,size_num_detections,sidecar_strict_unified,0.7857142857142857,11,14,
0.20858822173934072,0.7521367521367521,0.6433708304349929,0.07142857142857142,1,69,30,0.43478260869565216,0.1,room0,size_object_voxels,sidecar_strict_unified,0.7142857142857143,10,14,10.0
0.03927508152113568,0.5564102564102564,0.47405769021678784,0.2857142857142857,4,69,30,0.43478260869565216,0.1,room0,framebalanced_mean_disagreement_size_residual,sidecar_strict_unified,0.35714285714285715,5,14,1.25
0.08449683573293915,0.6299145299145299,0.5192794444285913,0.14285714285714285,2,69,30,0.43478260869565216,0.1,room0,framebalanced_majority_entropy_size_residual,sidecar_strict_unified,0.5,7,14,3.5
0.024813543889488476,0.5051282051282051,0.45959615258514064,0.35714285714285715,5,69,30,0.43478260869565216,0.1,room0,mean_owner_entropy_size_residual,sidecar_strict_unified,0.35714285714285715,5,14,1.0
0.06044997518264528,0.5888888888888889,0.49523258387829744,0.2857142857142857,4,69,30,0.43478260869565216,0.1,room0,voxel_second_region_size_residual,sidecar_strict_unified,0.5714285714285714,8,14,2.0
0.032802139218459536,0.5530560271646858,0.4820775015373001,0.14285714285714285,2,69,31,0.4492753623188406,0.1,room0,voxel_majority_entropy,sidecar_original_mask,0.5,7,14,3.5
-0.00749573272520021,0.4533106960950764,0.44177962959364037,0.35714285714285715,5,69,31,0.4492753623188406,0.1,room0,voxel_vote_entropy,sidecar_original_mask,0.35714285714285715,5,14,1.0
0.041331856820935375,0.5432937181663836,0.49060721913977595,0.42857142857142855,6,69,31,0.4492753623188406,0.1,room0,voxel_mean_disagreement,sidecar_original_mask,0.42857142857142855,6,14,1.0
0.026086429040937775,0.553904923599321,0.47536179135977835,0.14285714285714285,2,69,31,0.4492753623188406,0.1,room0,voxel_second_region,sidecar_original_mask,0.5,7,14,3.5
0.07168971053989737,0.5721561969439728,0.5209650728587379,0.14285714285714285,2,69,31,0.4492753623188406,0.1,room0,voxel_second_fraction,sidecar_original_mask,0.6428571428571429,9,14,4.500000000000001
0.0,0.5,0.4492753623188406,0.21428571428571427,3,69,31,0.4492753623188406,0.1,room0,fragmentation,sidecar_original_mask,0.7857142857142857,11,14,3.666666666666667
-0.03313228240030025,0.4380305602716469,0.4161430799185403,0.42857142857142855,6,69,31,0.4492753623188406,0.1,room0,pair_conflict,sidecar_original_mask,0.2857142857142857,4,14,0.6666666666666666
0.15027457453593407,0.702037351443124,0.5995499368547746,0.14285714285714285,2,69,31,0.4492753623188406,0.1,room0,nonspatial_owner_label_entropy,sidecar_original_mask,0.6428571428571429,9,14,4.500000000000001
-0.014377255889783891,0.5033955857385399,0.4348981064290567,0.42857142857142855,6,69,31,0.4492753623188406,0.1,room0,frozen_semantic_max,sidecar_original_mask,0.35714285714285715,5,14,0.8333333333333334
-0.030125962599566014,0.46179966044142606,0.41914939971927456,0.5714285714285714,8,69,31,0.4492753623188406,0.1,room0,frozen_combined_max,sidecar_original_mask,0.35714285714285715,5,14,0.625
0.04425160784481852,0.5386247877758914,0.4935269701636591,0.21428571428571427,3,69,31,0.4492753623188406,0.1,room0,framebalanced_majority_entropy,sidecar_original_mask,0.5,7,14,2.3333333333333335
0.05947693177204183,0.5585738539898132,0.5087522940908824,0.42857142857142855,6,69,31,0.4492753623188406,0.1,room0,framebalanced_mean_disagreement,sidecar_original_mask,0.42857142857142855,6,14,1.0
0.023777268319973954,0.5645161290322581,0.47305263063881453,0.2857142857142857,4,69,31,0.4492753623188406,0.1,room0,persistent_conflict_fraction,sidecar_original_mask,0.5,7,14,1.75
-0.13509364142778507,0.2139219015280136,0.3141817208910555,0.7142857142857143,10,69,31,0.4492753623188406,0.1,room0,multi_owner_voxel_fraction,sidecar_original_mask,0.0,0,14,0.0
-0.09802513651405059,0.32427843803056033,0.35125022580479,0.5,7,69,31,0.4492753623188406,0.1,room0,mean_owner_entropy,sidecar_original_mask,0.21428571428571427,3,14,0.42857142857142855
-0.1248889327352179,0.25127334465195245,0.3243864295836227,0.6428571428571429,9,69,31,0.4492753623188406,0.1,room0,foreign_owner_link_fraction,sidecar_original_mask,0.0,0,14,0.0
0.09396288345609927,0.5691850594227504,0.5432382457749398,0.42857142857142855,6,69,31,0.4492753623188406,0.1,room0,semantic_mean,sidecar_original_mask,0.6428571428571429,9,14,1.5000000000000002
0.009770583461071514,0.5046689303904923,0.4590459457799121,0.42857142857142855,6,69,31,0.4492753623188406,0.1,room0,combined_mean,sidecar_original_mask,0.35714285714285715,5,14,0.8333333333333334
9.28705913900707e-05,0.4864176570458404,0.44936823291023065,0.5,7,69,31,0.4492753623188406,0.1,room0,combined_top2_mean,sidecar_original_mask,0.35714285714285715,5,14,0.7142857142857143
0.11959011860821323,0.5840407470288624,0.5688654809270538,0.35714285714285715,5,69,31,0.4492753623188406,0.1,room0,framebalanced_semantic_mean,sidecar_original_mask,0.6428571428571429,9,14,1.8
-0.13097378441703744,0.22580645161290325,0.31830157790180313,0.7142857142857143,10,69,31,0.4492753623188406,0.1,room0,owner_overlap_mean,sidecar_original_mask,0.07142857142857142,1,14,0.09999999999999999
0.332150071929058,0.8242784380305602,0.7814254342478986,0.0,0,69,31,0.4492753623188406,0.1,room0,size_num_detections,sidecar_original_mask,0.8571428571428571,12,14,
0.29705777651378396,0.8399830220713074,0.7463331388326245,0.07142857142857142,1,69,31,0.4492753623188406,0.1,room0,size_object_voxels,sidecar_original_mask,0.7857142857142857,11,14,11.0
-0.01558732802713847,0.5008488964346349,0.4336880342917021,0.42857142857142855,6,69,31,0.4492753623188406,0.1,room0,framebalanced_mean_disagreement_size_residual,sidecar_original_mask,0.35714285714285715,5,14,0.8333333333333334
0.04805953828870857,0.5619694397283532,0.49733490060754915,0.21428571428571427,3,69,31,0.4492753623188406,0.1,room0,framebalanced_majority_entropy_size_residual,sidecar_original_mask,0.5,7,14,2.3333333333333335
-0.026726994905803436,0.42699490662139217,0.42254836741303714,0.42857142857142855,6,69,31,0.4492753623188406,0.1,room0,mean_owner_entropy_size_residual,sidecar_original_mask,0.2857142857142857,4,14,0.6666666666666666
0.03447442465529538,0.5297113752122241,0.48374978697413595,0.42857142857142855,6,69,31,0.4492753623188406,0.1,room0,voxel_second_region_size_residual,sidecar_original_mask,0.5714285714285714,8,14,1.3333333333333333
0.05139261899117248,0.5868606701940036,0.44269696681725945,0.14285714285714285,2,69,27,0.391304347826087,0.1,room0,voxel_majority_entropy,sidecar_strict_mask,0.42857142857142855,6,14,3.0
-0.0003642636914873987,0.48589065255731917,0.3909400841345996,0.21428571428571427,3,69,27,0.391304347826087,0.1,room0,voxel_vote_entropy,sidecar_strict_mask,0.2857142857142857,4,14,1.3333333333333333
0.04335532916176282,0.5634920634920635,0.4346596769878498,0.2857142857142857,4,69,27,0.391304347826087,0.1,room0,voxel_mean_disagreement,sidecar_strict_mask,0.35714285714285715,5,14,1.25
0.053177891556910384,0.5903880070546736,0.44448223938299736,0.14285714285714285,2,69,27,0.391304347826087,0.1,room0,voxel_second_region,sidecar_strict_mask,0.5,7,14,3.5
0.1113043273907936,0.6164021164021164,0.5026086752168806,0.14285714285714285,2,69,27,0.391304347826087,0.1,room0,voxel_second_fraction,sidecar_strict_mask,0.6428571428571429,9,14,4.500000000000001
0.0,0.5,0.391304347826087,0.2857142857142857,4,69,27,0.391304347826087,0.1,room0,fragmentation,sidecar_strict_mask,0.5,7,14,1.75
0.013294997163991129,0.5101410934744268,0.4045993449900781,0.35714285714285715,5,69,27,0.391304347826087,0.1,room0,pair_conflict,sidecar_strict_mask,0.2857142857142857,4,14,0.7999999999999999
0.12808657825481523,0.6693121693121693,0.5193909260809022,0.14285714285714285,2,69,27,0.391304347826087,0.1,room0,nonspatial_owner_label_entropy,sidecar_strict_mask,0.5714285714285714,8,14,4.0
0.00021557001054123281,0.5299823633156966,0.3915199178366282,0.2857142857142857,4,69,27,0.391304347826087,0.1,room0,frozen_semantic_max,sidecar_strict_mask,0.2857142857142857,4,14,1.0
-0.01623360673203572,0.4898589065255732,0.37507074109405125,0.42857142857142855,6,69,27,0.391304347826087,0.1,room0,frozen_combined_max,sidecar_strict_mask,0.2857142857142857,4,14,0.6666666666666666
0.0666984703429973,0.5824514991181657,0.4580028181690843,0.14285714285714285,2,69,27,0.391304347826087,0.1,room0,framebalanced_majority_entropy,sidecar_strict_mask,0.42857142857142855,6,14,3.0
0.05174621405377411,0.5802469135802468,0.4430505618798611,0.2857142857142857,4,69,27,0.391304347826087,0.1,room0,framebalanced_mean_disagreement,sidecar_strict_mask,0.35714285714285715,5,14,1.25
0.022884871179830457,0.5758377425044091,0.41418921900591743,0.14285714285714285,2,69,27,0.391304347826087,0.1,room0,persistent_conflict_fraction,sidecar_strict_mask,0.35714285714285715,5,14,2.5
-0.09800930586720685,0.30467372134038795,0.2932950419588801,0.5,7,69,27,0.391304347826087,0.1,room0,multi_owner_voxel_fraction,sidecar_strict_mask,0.0,0,14,0.0
-0.05227164555303759,0.40432098765432095,0.3390327022730494,0.35714285714285715,5,69,27,0.391304347826087,0.1,room0,mean_owner_entropy,sidecar_strict_mask,0.2857142857142857,4,14,0.7999999999999999
-0.09322357652821783,0.3231922398589065,0.29808077129786914,0.5,7,69,27,0.391304347826087,0.1,room0,foreign_owner_link_fraction,sidecar_strict_mask,0.0,0,14,0.0
0.11342463218253168,0.5970017636684304,0.5047289800086187,0.2857142857142857,4,69,27,0.391304347826087,0.1,room0,semantic_mean,sidecar_strict_mask,0.5,7,14,1.75
0.05205047157935744,0.5577601410934745,0.4433548194054444,0.2857142857142857,4,69,27,0.391304347826087,0.1,room0,combined_mean,sidecar_strict_mask,0.35714285714285715,5,14,1.25
0.04336844532769146,0.5440917107583774,0.43467279315377844,0.35714285714285715,5,69,27,0.391304347826087,0.1,room0,combined_top2_mean,sidecar_strict_mask,0.35714285714285715,5,14,1.0
0.12203183173409243,0.6089065255731922,0.5133361795601794,0.21428571428571427,3,69,27,0.391304347826087,0.1,room0,framebalanced_semantic_mean,sidecar_strict_mask,0.5,7,14,2.3333333333333335
-0.09417160747669873,0.3165784832451499,0.29713274034938825,0.5,7,69,27,0.391304347826087,0.1,room0,owner_overlap_mean,sidecar_strict_mask,0.07142857142857142,1,14,0.14285714285714285
0.31747576985541665,0.7932098765432098,0.7087801176815036,0.0,0,69,27,0.391304347826087,0.1,room0,size_num_detections,sidecar_strict_mask,0.7142857142857143,10,14,
0.25457379944332187,0.7896825396825397,0.6458781472694088,0.07142857142857142,1,69,27,0.391304347826087,0.1,room0,size_object_voxels,sidecar_strict_mask,0.7142857142857143,10,14,10.0
-0.006611661843205274,0.5185185185185185,0.3846926859828817,0.2857142857142857,4,69,27,0.391304347826087,0.1,room0,framebalanced_mean_disagreement_size_residual,sidecar_strict_mask,0.2857142857142857,4,14,1.0
0.0675242337736317,0.5987654320987654,0.4588285815997187,0.14285714285714285,2,69,27,0.391304347826087,0.1,room0,framebalanced_majority_entropy_size_residual,sidecar_strict_mask,0.42857142857142855,6,14,3.0
0.0342040632308756,0.5052910052910052,0.4255084110569626,0.2857142857142857,4,69,27,0.391304347826087,0.1,room0,mean_owner_entropy_size_residual,sidecar_strict_mask,0.35714285714285715,5,14,1.25
0.0669585023345286,0.5758377425044091,0.4582628501606156,0.2857142857142857,4,69,27,0.391304347826087,0.1,room0,voxel_second_region_size_residual,sidecar_strict_mask,0.5714285714285714,8,14,2.0
0.03880035187295816,0.5446623093681917,0.6524367155093218,0.5555555555555556,5,44,27,0.6136363636363636,0.1,room0,voxel_majority_entropy,sidecar_original_association,0.6666666666666666,6,9,1.2
-0.1416240971771271,0.2407407407407407,0.47201226645923655,0.7777777777777778,7,44,27,0.6136363636363636,0.1,room0,voxel_vote_entropy,sidecar_original_association,0.2222222222222222,2,9,0.2857142857142857
-0.11421579269126275,0.3169934640522875,0.4994205709451009,0.5555555555555556,5,44,27,0.6136363636363636,0.1,room0,voxel_mean_disagreement,sidecar_original_association,0.1111111111111111,1,9,0.19999999999999998
0.056416764921057294,0.5501089324618735,0.6700531285574209,0.5555555555555556,5,44,27,0.6136363636363636,0.1,room0,voxel_second_region,sidecar_original_association,0.5555555555555556,5,9,1.0
0.048704403625765225,0.545751633986928,0.6623407672621289,0.5555555555555556,5,44,27,0.6136363636363636,0.1,room0,voxel_second_fraction,sidecar_original_association,0.5555555555555556,5,9,1.0
0.0,0.5,0.6136363636363636,0.7777777777777778,7,44,27,0.6136363636363636,0.1,room0,fragmentation,sidecar_original_association,0.5555555555555556,5,9,0.7142857142857143
0.009501691723914019,0.485838779956427,0.6231380553602777,0.6666666666666666,6,44,27,0.6136363636363636,0.1,room0,pair_conflict,sidecar_original_association,0.5555555555555556,5,9,0.8333333333333334
-0.10809757066316805,0.326797385620915,0.5055387929731956,0.6666666666666666,6,44,27,0.6136363636363636,0.1,room0,nonspatial_owner_label_entropy,sidecar_original_association,0.3333333333333333,3,9,0.5
-0.1034576428814411,0.32461873638344224,0.5101787207549225,0.7777777777777778,7,44,27,0.6136363636363636,0.1,room0,frozen_semantic_max,sidecar_original_association,0.2222222222222222,2,9,0.2857142857142857
-0.07045779741785607,0.3638344226579521,0.5431785662185076,0.7777777777777778,7,44,27,0.6136363636363636,0.1,room0,frozen_combined_max,sidecar_original_association,0.3333333333333333,3,9,0.42857142857142855
0.057569331750954356,0.55119825708061,0.671205695387318,0.6666666666666666,6,44,27,0.6136363636363636,0.1,room0,framebalanced_majority_entropy,sidecar_original_association,0.6666666666666666,6,9,1.0
-0.11453008745000198,0.31481481481481477,0.49910627618636166,0.6666666666666666,6,44,27,0.6136363636363636,0.1,room0,framebalanced_mean_disagreement,sidecar_original_association,0.1111111111111111,1,9,0.16666666666666666
-0.13033032859854027,0.27124183006535946,0.4833060350378234,0.6666666666666666,6,44,27,0.6136363636363636,0.1,room0,persistent_conflict_fraction,sidecar_original_association,0.2222222222222222,2,9,0.3333333333333333
0.02004775754685395,0.5010893246187363,0.6336841211832176,0.7777777777777778,7,44,27,0.6136363636363636,0.1,room0,multi_owner_voxel_fraction,sidecar_original_association,0.6666666666666666,6,9,0.8571428571428571
0.07310500881687354,0.5032679738562091,0.6867413724532372,0.7777777777777778,7,44,27,0.6136363636363636,0.1,room0,mean_owner_entropy,sidecar_original_association,0.5555555555555556,5,9,0.7142857142857143
-0.0341218785044628,0.45969498910675377,0.5795144851319008,0.7777777777777778,7,44,27,0.6136363636363636,0.1,room0,foreign_owner_link_fraction,sidecar_original_association,0.3333333333333333,3,9,0.42857142857142855
-0.02699882632089623,0.45533769063180823,0.5866375373154674,0.6666666666666666,6,44,27,0.6136363636363636,0.1,room0,semantic_mean,sidecar_original_association,0.5555555555555556,5,9,0.8333333333333334
-0.0009623142459568301,0.49346405228758167,0.6126740493904068,0.6666666666666666,6,44,27,0.6136363636363636,0.1,room0,combined_mean,sidecar_original_association,0.3333333333333333,3,9,0.5
-0.02381208101258203,0.4444444444444444,0.5898242826237816,0.6666666666666666,6,44,27,0.6136363636363636,0.1,room0,combined_top2_mean,sidecar_original_association,0.3333333333333333,3,9,0.5
-0.0550014687227508,0.4052287581699346,0.5586348949136128,0.7777777777777778,7,44,27,0.6136363636363636,0.1,room0,framebalanced_semantic_mean,sidecar_original_association,0.4444444444444444,4,9,0.5714285714285714
0.04482006970253727,0.49455337690631807,0.6584564333389009,0.6666666666666666,6,44,27,0.6136363636363636,0.1,room0,owner_overlap_mean,sidecar_original_association,0.5555555555555556,5,9,0.8333333333333334
0.09487794415602002,0.6176470588235294,0.7085143077923837,0.3333333333333333,3,44,27,0.6136363636363636,0.1,room0,size_num_detections,sidecar_original_association,0.5555555555555556,5,9,1.6666666666666667
0.026524858897796988,0.5217864923747277,0.6401612225341606,0.4444444444444444,4,44,27,0.6136363636363636,0.1,room0,size_object_voxels,sidecar_original_association,0.4444444444444444,4,9,1.0
-0.12829377948116016,0.27886710239651413,0.4853425841552035,0.6666666666666666,6,44,27,0.6136363636363636,0.1,room0,framebalanced_mean_disagreement_size_residual,sidecar_original_association,0.2222222222222222,2,9,0.3333333333333333
0.045932161508053015,0.5533769063180828,0.6595685251444167,0.6666666666666666,6,44,27,0.6136363636363636,0.1,room0,framebalanced_majority_entropy_size_residual,sidecar_original_association,0.6666666666666666,6,9,1.0
0.05531707242313577,0.5490196078431373,0.6689534360594994,0.7777777777777778,7,44,27,0.6136363636363636,0.1,room0,mean_owner_entropy_size_residual,sidecar_original_association,0.5555555555555556,5,9,0.7142857142857143
0.058562448150950464,0.5446623093681917,0.6721988117873141,0.6666666666666666,6,44,27,0.6136363636363636,0.1,room0,voxel_second_region_size_residual,sidecar_original_association,0.6666666666666666,6,9,1.0
0.1285714285714285,0.6153846153846153,0.4785714285714285,0.25,1,20,7,0.35,0.1,room0,voxel_majority_entropy,sidecar_strict_association,0.5,2,4,2.0
-0.037962793999945676,0.3736263736263736,0.3120372060000543,0.5,2,20,7,0.35,0.1,room0,voxel_vote_entropy,sidecar_strict_association,0.25,1,4,0.5
-0.06691284905570621,0.29670329670329665,0.28308715094429376,0.25,1,20,7,0.35,0.1,room0,voxel_mean_disagreement,sidecar_strict_association,0.0,0,4,0.0
0.25595238095238104,0.6703296703296703,0.605952380952381,0.25,1,20,7,0.35,0.1,room0,voxel_second_region,sidecar_strict_association,0.5,2,4,2.0
0.2137755102040816,0.6593406593406593,0.5637755102040816,0.25,1,20,7,0.35,0.1,room0,voxel_second_fraction,sidecar_strict_association,0.25,1,4,1.0
0.0,0.5,0.35,0.0,0,20,7,0.35,0.1,room0,fragmentation,sidecar_strict_association,0.5,2,4,
-0.03595650381364662,0.3626373626373626,0.31404349618635335,0.25,1,20,7,0.35,0.1,room0,pair_conflict,sidecar_strict_association,0.0,0,4,0.0
-0.027457066742780978,0.3791208791208791,0.322542933257219,0.25,1,20,7,0.35,0.1,room0,nonspatial_owner_label_entropy,sidecar_strict_association,0.25,1,4,1.0
-0.02269119769119765,0.39560439560439564,0.3273088023088023,0.25,1,20,7,0.35,0.1,room0,frozen_semantic_max,sidecar_strict_association,0.0,0,4,0.0
-0.04895104895104896,0.3626373626373626,0.301048951048951,0.25,1,20,7,0.35,0.1,room0,frozen_combined_max,sidecar_strict_association,0.0,0,4,0.0
0.11496598639455785,0.6043956043956044,0.46496598639455783,0.25,1,20,7,0.35,0.1,room0,framebalanced_majority_entropy,sidecar_strict_association,0.5,2,4,2.0
-0.07015960230245943,0.2857142857142857,0.27984039769754054,0.25,1,20,7,0.35,0.1,room0,framebalanced_mean_disagreement,sidecar_strict_association,0.0,0,4,0.0
-0.06438363224077509,0.29670329670329665,0.2856163677592249,0.25,1,20,7,0.35,0.1,room0,persistent_conflict_fraction,sidecar_strict_association,0.0,0,4,0.0
0.08534569023290828,0.6043956043956044,0.43534569023290826,0.25,1,20,7,0.35,0.1,room0,multi_owner_voxel_fraction,sidecar_strict_association,0.25,1,4,1.0
0.17052154195011338,0.6593406593406593,0.5205215419501134,0.25,1,20,7,0.35,0.1,room0,mean_owner_entropy,sidecar_strict_association,0.5,2,4,2.0
0.2108843537414966,0.6813186813186813,0.5608843537414966,0.25,1,20,7,0.35,0.1,room0,foreign_owner_link_fraction,sidecar_strict_association,0.5,2,4,2.0
-0.011147186147186128,0.44505494505494503,0.33885281385281385,0.25,1,20,7,0.35,0.1,room0,semantic_mean,sidecar_strict_association,0.0,0,4,0.0
-0.02418137418137417,0.41758241758241754,0.3258186258186258,0.25,1,20,7,0.35,0.1,room0,combined_mean,sidecar_strict_association,0.0,0,4,0.0
-0.04946799232513516,0.3516483516483516,0.3005320076748648,0.25,1,20,7,0.35,0.1,room0,combined_top2_mean,sidecar_strict_association,0.0,0,4,0.0
-0.03205247133818562,0.3956043956043956,0.31794752866181436,0.25,1,20,7,0.35,0.1,room0,framebalanced_semantic_mean,sidecar_strict_association,0.0,0,4,0.0
0.2024420024420025,0.6318681318681318,0.5524420024420025,0.25,1,20,7,0.35,0.1,room0,owner_overlap_mean,sidecar_strict_association,0.25,1,4,1.0
0.09886681945505477,0.4945054945054945,0.44886681945505474,0.25,1,20,7,0.35,0.1,room0,size_num_detections,sidecar_strict_association,0.25,1,4,1.0
-0.016317995729760393,0.41758241758241754,0.3336820042702396,0.25,1,20,7,0.35,0.1,room0,size_object_voxels,sidecar_strict_association,0.25,1,4,1.0
-0.07030420559832323,0.2747252747252747,0.27969579440167675,0.75,3,20,7,0.35,0.1,room0,framebalanced_mean_disagreement_size_residual,sidecar_strict_association,0.0,0,4,0.0
0.11496598639455785,0.6043956043956044,0.46496598639455783,0.25,1,20,7,0.35,0.1,room0,framebalanced_majority_entropy_size_residual,sidecar_strict_association,0.5,2,4,2.0
0.2537217586089766,0.6153846153846154,0.6037217586089766,0.25,1,20,7,0.35,0.1,room0,mean_owner_entropy_size_residual,sidecar_strict_association,0.5,2,4,2.0
0.25595238095238104,0.6703296703296703,0.605952380952381,0.25,1,20,7,0.35,0.1,room0,voxel_second_region_size_residual,sidecar_strict_association,0.5,2,4,2.0
0.12153113872261878,0.6614490161001789,0.49834273292551734,0.0,0,69,26,0.37681159420289856,0.1,room0,voxel_majority_entropy,sidecar_conservative_unified,0.5,7,14,
0.03454441093677446,0.5438282647584973,0.411356005139673,0.14285714285714285,2,69,26,0.37681159420289856,0.1,room0,voxel_vote_entropy,sidecar_conservative_unified,0.35714285714285715,5,14,2.5
0.08066191155396435,0.6189624329159213,0.4574735057568629,0.21428571428571427,3,69,26,0.37681159420289856,0.1,room0,voxel_mean_disagreement,sidecar_conservative_unified,0.42857142857142855,6,14,2.0
0.08524283898246898,0.6462432915921288,0.46205443318536754,0.0,0,69,26,0.37681159420289856,0.1,room0,voxel_second_region,sidecar_conservative_unified,0.5,7,14,
0.18340794343631484,0.689624329159213,0.5602195376392134,0.0,0,69,26,0.37681159420289856,0.1,room0,voxel_second_fraction,sidecar_conservative_unified,0.7142857142857143,10,14,
0.0,0.5,0.37681159420289856,0.21428571428571427,3,69,26,0.37681159420289856,0.1,room0,fragmentation,sidecar_conservative_unified,0.5,7,14,2.3333333333333335
0.0389506373204454,0.5460644007155635,0.41576223152334396,0.2857142857142857,4,69,26,0.37681159420289856,0.1,room0,pair_conflict,sidecar_conservative_unified,0.35714285714285715,5,14,1.25
0.14990111069454737,0.70304114490161,0.5267127048974459,0.07142857142857142,1,69,26,0.37681159420289856,0.1,room0,nonspatial_owner_label_entropy,sidecar_conservative_unified,0.5714285714285714,8,14,8.0
0.043785388279281134,0.5966010733452595,0.4205969824821797,0.14285714285714285,2,69,26,0.37681159420289856,0.1,room0,frozen_semantic_max,sidecar_conservative_unified,0.35714285714285715,5,14,2.5
0.019829872996955822,0.5460644007155635,0.3966414671998544,0.35714285714285715,5,69,26,0.37681159420289856,0.1,room0,frozen_combined_max,sidecar_conservative_unified,0.35714285714285715,5,14,1.0
0.12396971771799226,0.6551878354203935,0.5007813119208908,0.0,0,69,26,0.37681159420289856,0.1,room0,framebalanced_majority_entropy,sidecar_conservative_unified,0.5,7,14,
0.0903267434897056,0.6350626118067979,0.46713833769260416,0.21428571428571427,3,69,26,0.37681159420289856,0.1,room0,framebalanced_mean_disagreement,sidecar_conservative_unified,0.42857142857142855,6,14,2.0
0.031745931870144184,0.5881037567084079,0.40855752607304274,0.14285714285714285,2,69,26,0.37681159420289856,0.1,room0,persistent_conflict_fraction,sidecar_conservative_unified,0.35714285714285715,5,14,2.5
-0.08132534678972558,0.3474955277280859,0.295486247413173,0.42857142857142855,6,69,26,0.37681159420289856,0.1,room0,multi_owner_voxel_fraction,sidecar_conservative_unified,0.0,0,14,0.0
-0.03490353227512022,0.43515205724508055,0.34190806192777834,0.35714285714285715,5,69,26,0.37681159420289856,0.1,room0,mean_owner_entropy,sidecar_conservative_unified,0.2857142857142857,4,14,0.7999999999999999
-0.07813298155327325,0.3600178890876566,0.2986786126496253,0.42857142857142855,6,69,26,0.37681159420289856,0.1,room0,foreign_owner_link_fraction,sidecar_conservative_unified,0.0,0,14,0.0
0.172403268806135,0.665474060822898,0.5492148630090335,0.14285714285714285,2,69,26,0.37681159420289856,0.1,room0,semantic_mean,sidecar_conservative_unified,0.5714285714285714,8,14,4.0
0.12519564070985967,0.6229874776386405,0.5020072349127582,0.21428571428571427,3,69,26,0.37681159420289856,0.1,room0,combined_mean,sidecar_conservative_unified,0.42857142857142855,6,14,2.0
0.11260678407277425,0.6024150268336316,0.4894183782756728,0.2857142857142857,4,69,26,0.37681159420289856,0.1,room0,combined_top2_mean,sidecar_conservative_unified,0.42857142857142855,6,14,1.5
0.1713416059763152,0.6694991055456172,0.5481532001792138,0.14285714285714285,2,69,26,0.37681159420289856,0.1,room0,framebalanced_semantic_mean,sidecar_conservative_unified,0.5714285714285714,8,14,4.0
-0.07439887424250957,0.36001788908765653,0.302412719960389,0.42857142857142855,6,69,26,0.37681159420289856,0.1,room0,owner_overlap_mean,sidecar_conservative_unified,0.07142857142857142,1,14,0.16666666666666666
0.38174687040533906,0.84391771019678,0.7585584646082376,0.0,0,69,26,0.37681159420289856,0.1,room0,size_num_detections,sidecar_conservative_unified,0.7857142857142857,11,14,
0.2479136480055053,0.7728085867620752,0.6247252422084039,0.07142857142857142,1,69,26,0.37681159420289856,0.1,room0,size_object_voxels,sidecar_conservative_unified,0.7142857142857143,10,14,10.0
0.01404289986780427,0.5536672629695885,0.39085449407070283,0.2857142857142857,4,69,26,0.37681159420289856,0.1,room0,framebalanced_mean_disagreement_size_residual,sidecar_conservative_unified,0.2857142857142857,4,14,1.0
0.11727082027393104,0.6574239713774597,0.4940824144768296,0.14285714285714285,2,69,26,0.37681159420289856,0.1,room0,framebalanced_majority_entropy_size_residual,sidecar_conservative_unified,0.5,7,14,3.5
0.055733034694341765,0.5375670840787119,0.4325446288972403,0.2857142857142857,4,69,26,0.37681159420289856,0.1,room0,mean_owner_entropy_size_residual,sidecar_conservative_unified,0.35714285714285715,5,14,1.25
0.10223373076759934,0.6466905187835421,0.4790453249704979,0.14285714285714285,2,69,26,0.37681159420289856,0.1,room0,voxel_second_region_size_residual,sidecar_conservative_unified,0.5714285714285714,8,14,4.0
0.07849781483058826,0.624537037037037,0.42632390178711,0.0,0,69,24,0.34782608695652173,0.1,room0,voxel_majority_entropy,sidecar_conservative_mask,0.42857142857142855,6,14,
0.024713434681749247,0.5194444444444444,0.372539521638271,0.14285714285714285,2,69,24,0.34782608695652173,0.1,room0,voxel_vote_entropy,sidecar_conservative_mask,0.2857142857142857,4,14,2.0
0.06311756552049291,0.587962962962963,0.41094365247701464,0.21428571428571427,3,69,24,0.34782608695652173,0.1,room0,voxel_mean_disagreement,sidecar_conservative_mask,0.35714285714285715,5,14,1.6666666666666667
0.08563315467381177,0.6337962962962963,0.4334592416303335,0.0,0,69,24,0.34782608695652173,0.1,room0,voxel_second_region,sidecar_conservative_mask,0.5,7,14,
0.14840434521175128,0.6583333333333333,0.496230432168273,0.0,0,69,24,0.34782608695652173,0.1,room0,voxel_second_fraction,sidecar_conservative_mask,0.6428571428571429,9,14,
0.0,0.5,0.34782608695652173,0.14285714285714285,2,69,24,0.34782608695652173,0.1,room0,fragmentation,sidecar_conservative_mask,0.5,7,14,3.5
0.021178198249960367,0.5097222222222222,0.3690042852064821,0.2857142857142857,4,69,24,0.34782608695652173,0.1,room0,pair_conflict,sidecar_conservative_mask,0.2857142857142857,4,14,1.0
0.16135292827874848,0.7018518518518518,0.5091790152352702,0.07142857142857142,1,69,24,0.34782608695652173,0.1,room0,nonspatial_owner_label_entropy,sidecar_conservative_mask,0.5714285714285714,8,14,8.0
0.02731303667921381,0.5731481481481482,0.37513912363573554,0.14285714285714285,2,69,24,0.34782608695652173,0.1,room0,frozen_semantic_max,sidecar_conservative_mask,0.2857142857142857,4,14,2.0
0.008812000205501158,0.5273148148148148,0.3566380871620229,0.35714285714285715,5,69,24,0.34782608695652173,0.1,room0,frozen_combined_max,sidecar_conservative_mask,0.2857142857142857,4,14,0.7999999999999999
0.0946454254992784,0.6208333333333333,0.44247151245580013,0.0,0,69,24,0.34782608695652173,0.1,room0,framebalanced_majority_entropy,sidecar_conservative_mask,0.42857142857142855,6,14,
0.07034829041874613,0.6027777777777779,0.41817437737526786,0.21428571428571427,3,69,24,0.34782608695652173,0.1,room0,framebalanced_mean_disagreement,sidecar_conservative_mask,0.35714285714285715,5,14,1.6666666666666667
0.01597139741778586,0.5597222222222222,0.3637974843743076,0.14285714285714285,2,69,24,0.34782608695652173,0.1,room0,persistent_conflict_fraction,sidecar_conservative_mask,0.35714285714285715,5,14,2.5
-0.08694412420788267,0.3143518518518518,0.26088196274863906,0.42857142857142855,6,69,24,0.34782608695652173,0.1,room0,multi_owner_voxel_fraction,sidecar_conservative_mask,0.0,0,14,0.0
-0.055530972703555725,0.3902777777777778,0.292295114252966,0.35714285714285715,5,69,24,0.34782608695652173,0.1,room0,mean_owner_entropy,sidecar_conservative_mask,0.21428571428571427,3,14,0.6
-0.07752058483165097,0.3458333333333333,0.27030550212487076,0.42857142857142855,6,69,24,0.34782608695652173,0.1,room0,foreign_owner_link_fraction,sidecar_conservative_mask,0.0,0,14,0.0
0.1466504562218321,0.6333333333333333,0.4944765431783538,0.14285714285714285,2,69,24,0.34782608695652173,0.1,room0,semantic_mean,sidecar_conservative_mask,0.5,7,14,3.5
0.07082013095880729,0.5800925925925926,0.418646217915329,0.21428571428571427,3,69,24,0.34782608695652173,0.1,room0,combined_mean,sidecar_conservative_mask,0.35714285714285715,5,14,1.6666666666666667
0.05997337576356798,0.5597222222222222,0.4077994627200897,0.2857142857142857,4,69,24,0.34782608695652173,0.1,room0,combined_top2_mean,sidecar_conservative_mask,0.35714285714285715,5,14,1.25
0.14885779889278433,0.6356481481481482,0.49668388584930606,0.14285714285714285,2,69,24,0.34782608695652173,0.1,room0,framebalanced_semantic_mean,sidecar_conservative_mask,0.5,7,14,3.5
-0.0835455608815241,0.32268518518518524,0.26428052607499763,0.42857142857142855,6,69,24,0.34782608695652173,0.1,room0,owner_overlap_mean,sidecar_conservative_mask,0.07142857142857142,1,14,0.16666666666666666
0.36927977400891165,0.8254629629629631,0.7171058609654334,0.0,0,69,24,0.34782608695652173,0.1,room0,size_num_detections,sidecar_conservative_mask,0.7142857142857143,10,14,
0.27851377248135156,0.7944444444444444,0.6263398594378733,0.07142857142857142,1,69,24,0.34782608695652173,0.1,room0,size_object_voxels,sidecar_conservative_mask,0.7142857142857143,10,14,10.0
0.0068117580751702045,0.5324074074074074,0.35463784503169193,0.2857142857142857,4,69,24,0.34782608695652173,0.1,room0,framebalanced_mean_disagreement_size_residual,sidecar_conservative_mask,0.2857142857142857,4,14,1.0
0.08934216745409357,0.624074074074074,0.4371682544106153,0.14285714285714285,2,69,24,0.34782608695652173,0.1,room0,framebalanced_majority_entropy_size_residual,sidecar_conservative_mask,0.42857142857142855,6,14,3.0
0.028983803695791233,0.4944444444444444,0.37680989065231296,0.2857142857142857,4,69,24,0.34782608695652173,0.1,room0,mean_owner_entropy_size_residual,sidecar_conservative_mask,0.2857142857142857,4,14,1.0
0.10309734720584163,0.6333333333333333,0.45092343416236336,0.14285714285714285,2,69,24,0.34782608695652173,0.1,room0,voxel_second_region_size_residual,sidecar_conservative_mask,0.5714285714285714,8,14,4.0
0.1416666666666666,0.6833333333333333,0.5166666666666666,0.0,0,16,6,0.375,0.1,room0,voxel_majority_entropy,sidecar_conservative_association,0.5,2,4,
-0.007178932178932229,0.43333333333333335,0.36782106782106777,0.25,1,16,6,0.375,0.1,room0,voxel_vote_entropy,sidecar_conservative_association,0.25,1,4,1.0
-0.03141025641025641,0.4,0.3435897435897436,0.25,1,16,6,0.375,0.1,room0,voxel_mean_disagreement,sidecar_conservative_association,0.0,0,4,0.0
0.285515873015873,0.75,0.660515873015873,0.0,0,16,6,0.375,0.1,room0,voxel_second_region,sidecar_conservative_association,0.5,2,4,
0.23198051948051956,0.7166666666666667,0.6069805194805196,0.0,0,16,6,0.375,0.1,room0,voxel_second_fraction,sidecar_conservative_association,0.25,1,4,
0.0,0.5,0.375,0.25,1,16,6,0.375,0.1,room0,fragmentation,sidecar_conservative_association,0.25,1,4,1.0
0.06944444444444453,0.5833333333333333,0.44444444444444453,0.0,0,16,6,0.375,0.1,room0,pair_conflict,sidecar_conservative_association,0.25,1,4,
0.0020743145743146174,0.3833333333333333,0.3770743145743146,0.5,2,16,6,0.375,0.1,room0,nonspatial_owner_label_entropy,sidecar_conservative_association,0.25,1,4,0.5
0.036579161579161634,0.5166666666666666,0.41157916157916163,0.25,1,16,6,0.375,0.1,room0,frozen_semantic_max,sidecar_conservative_association,0.25,1,4,1.0
0.017526455026455057,0.5166666666666666,0.39252645502645506,0.0,0,16,6,0.375,0.1,room0,frozen_combined_max,sidecar_conservative_association,0.25,1,4,
0.1257936507936508,0.6666666666666666,0.5007936507936508,0.0,0,16,6,0.375,0.1,room0,framebalanced_majority_entropy,sidecar_conservative_association,0.5,2,4,
-0.03141025641025641,0.4,0.3435897435897436,0.25,1,16,6,0.375,0.1,room0,framebalanced_mean_disagreement,sidecar_conservative_association,0.0,0,4,0.0
-0.0409340659340659,0.3666666666666667,0.3340659340659341,0.25,1,16,6,0.375,0.1,room0,persistent_conflict_fraction,sidecar_conservative_association,0.0,0,4,0.0
0.33293650793650786,0.8166666666666667,0.7079365079365079,0.0,0,16,6,0.375,0.1,room0,multi_owner_voxel_fraction,sidecar_conservative_association,0.5,2,4,
0.23472222222222217,0.7833333333333333,0.6097222222222222,0.0,0,16,6,0.375,0.1,room0,mean_owner_entropy,sidecar_conservative_association,0.5,2,4,
0.4388888888888889,0.8500000000000001,0.8138888888888889,0.0,0,16,6,0.375,0.1,room0,foreign_owner_link_fraction,sidecar_conservative_association,0.75,3,4,
0.010719373219373218,0.5,0.3857193732193732,0.25,1,16,6,0.375,0.1,room0,semantic_mean,sidecar_conservative_association,0.0,0,4,0.0
0.06957671957671963,0.6166666666666667,0.4445767195767196,0.0,0,16,6,0.375,0.1,room0,combined_mean,sidecar_conservative_association,0.25,1,4,
0.019408369408369375,0.5166666666666667,0.3944083694083694,0.0,0,16,6,0.375,0.1,room0,combined_top2_mean,sidecar_conservative_association,0.25,1,4,
0.0031436156436156493,0.48333333333333334,0.37814361564361565,0.25,1,16,6,0.375,0.1,room0,framebalanced_semantic_mean,sidecar_conservative_association,0.0,0,4,0.0
0.3218253968253968,0.8,0.6968253968253968,0.0,0,16,6,0.375,0.1,room0,owner_overlap_mean,sidecar_conservative_association,0.5,2,4,
0.10398351648351645,0.4666666666666666,0.47898351648351645,0.5,2,16,6,0.375,0.1,room0,size_num_detections,sidecar_conservative_association,0.25,1,4,0.5
-0.030846930846930853,0.36666666666666664,0.34415306915306915,0.5,2,16,6,0.375,0.1,room0,size_object_voxels,sidecar_conservative_association,0.25,1,4,0.5
-0.029365079365079372,0.36666666666666664,0.34563492063492063,0.5,2,16,6,0.375,0.1,room0,framebalanced_mean_disagreement_size_residual,sidecar_conservative_association,0.25,1,4,0.5
0.1257936507936508,0.6666666666666666,0.5007936507936508,0.0,0,16,6,0.375,0.1,room0,framebalanced_majority_entropy_size_residual,sidecar_conservative_association,0.5,2,4,
0.3007575757575758,0.7,0.6757575757575758,0.0,0,16,6,0.375,0.1,room0,mean_owner_entropy_size_residual,sidecar_conservative_association,0.5,2,4,
0.285515873015873,0.75,0.660515873015873,0.0,0,16,6,0.375,0.1,room0,voxel_second_region_size_residual,sidecar_conservative_association,0.5,2,4,
0.08928571428571419,0.7142857142857143,0.9642857142857142,1.0,2,8,7,0.875,0.1,room0,voxel_majority_entropy,geometry_partition_2cm,1.0,2,2,1.0
0.125,1.0,1.0,0.5,1,8,7,0.875,0.1,room0,voxel_vote_entropy,geometry_partition_2cm,1.0,2,2,2.0
0.125,1.0,1.0,0.5,1,8,7,0.875,0.1,room0,voxel_mean_disagreement,geometry_partition_2cm,1.0,2,2,2.0
0.08928571428571419,0.7142857142857143,0.9642857142857142,1.0,2,8,7,0.875,0.1,room0,voxel_second_region,geometry_partition_2cm,1.0,2,2,1.0
0.08928571428571419,0.7142857142857143,0.9642857142857142,1.0,2,8,7,0.875,0.1,room0,voxel_second_fraction,geometry_partition_2cm,1.0,2,2,1.0
0.0,0.5,0.875,0.5,1,8,7,0.875,0.1,room0,fragmentation,geometry_partition_2cm,1.0,2,2,2.0
0.125,1.0,1.0,0.5,1,8,7,0.875,0.1,room0,pair_conflict,geometry_partition_2cm,1.0,2,2,2.0
-0.029761904761904878,0.14285714285714285,0.8452380952380951,1.0,2,8,7,0.875,0.1,room0,nonspatial_owner_label_entropy,geometry_partition_2cm,0.5,1,2,0.5
0.125,1.0,1.0,0.5,1,8,7,0.875,0.1,room0,frozen_semantic_max,geometry_partition_2cm,1.0,2,2,2.0
0.125,1.0,1.0,0.5,1,8,7,0.875,0.1,room0,frozen_combined_max,geometry_partition_2cm,1.0,2,2,2.0
0.1071428571428572,0.8571428571428571,0.9821428571428572,0.5,1,8,7,0.875,0.1,room0,framebalanced_majority_entropy,geometry_partition_2cm,1.0,2,2,2.0
0.125,1.0,1.0,0.5,1,8,7,0.875,0.1,room0,framebalanced_mean_disagreement,geometry_partition_2cm,1.0,2,2,2.0
0.1071428571428572,0.8571428571428571,0.9821428571428572,0.5,1,8,7,0.875,0.1,room0,persistent_conflict_fraction,geometry_partition_2cm,1.0,2,2,2.0
0.125,1.0,1.0,0.5,1,8,7,0.875,0.1,room0,multi_owner_voxel_fraction,geometry_partition_2cm,1.0,2,2,2.0
0.08673469387755106,0.7142857142857143,0.9617346938775511,1.0,2,8,7,0.875,0.1,room0,mean_owner_entropy,geometry_partition_2cm,1.0,2,2,1.0
0.1071428571428572,0.8571428571428571,0.9821428571428572,0.5,1,8,7,0.875,0.1,room0,foreign_owner_link_fraction,geometry_partition_2cm,1.0,2,2,2.0
0.1071428571428572,0.8571428571428571,0.9821428571428572,0.5,1,8,7,0.875,0.1,room0,semantic_mean,geometry_partition_2cm,1.0,2,2,2.0
0.125,1.0,1.0,0.5,1,8,7,0.875,0.1,room0,combined_mean,geometry_partition_2cm,1.0,2,2,2.0
0.125,1.0,1.0,0.5,1,8,7,0.875,0.1,room0,combined_top2_mean,geometry_partition_2cm,1.0,2,2,2.0
0.125,1.0,1.0,0.5,1,8,7,0.875,0.1,room0,framebalanced_semantic_mean,geometry_partition_2cm,1.0,2,2,2.0
0.1071428571428572,0.8571428571428571,0.9821428571428572,0.5,1,8,7,0.875,0.1,room0,owner_overlap_mean,geometry_partition_2cm,1.0,2,2,2.0
0.05357142857142838,0.42857142857142855,0.9285714285714284,1.0,2,8,7,0.875,0.1,room0,size_num_detections,geometry_partition_2cm,1.0,2,2,1.0
-0.04421768707482987,0.14285714285714285,0.8307823129251701,1.0,2,8,7,0.875,0.1,room0,size_object_voxels,geometry_partition_2cm,0.5,1,2,0.5
0.125,1.0,1.0,0.5,1,8,7,0.875,0.1,room0,framebalanced_mean_disagreement_size_residual,geometry_partition_2cm,1.0,2,2,2.0
0.1071428571428572,0.8571428571428571,0.9821428571428572,0.5,1,8,7,0.875,0.1,room0,framebalanced_majority_entropy_size_residual,geometry_partition_2cm,1.0,2,2,2.0
0.06292517006802723,0.5714285714285714,0.9379251700680272,1.0,2,8,7,0.875,0.1,room0,mean_owner_entropy_size_residual,geometry_partition_2cm,1.0,2,2,1.0
0.08673469387755106,0.7142857142857143,0.9617346938775511,1.0,2,8,7,0.875,0.1,room0,voxel_second_region_size_residual,geometry_partition_2cm,1.0,2,2,1.0
0.375,0.8571428571428571,0.5,0.0,0,8,1,0.125,0.1,room0,voxel_majority_entropy,geometry_overmerge_2cm,0.5,1,2,
0.04166666666666666,0.2857142857142857,0.16666666666666666,0.0,0,8,1,0.125,0.1,room0,voxel_vote_entropy,geometry_overmerge_2cm,0.0,0,2,
0.01785714285714285,0.1428571428571429,0.14285714285714285,0.5,1,8,1,0.125,0.1,room0,voxel_mean_disagreement,geometry_overmerge_2cm,0.0,0,2,0.0
0.375,0.8571428571428571,0.5,0.0,0,8,1,0.125,0.1,room0,voxel_second_region,geometry_overmerge_2cm,0.5,1,2,
0.20833333333333331,0.7142857142857143,0.3333333333333333,0.0,0,8,1,0.125,0.1,room0,voxel_second_fraction,geometry_overmerge_2cm,0.0,0,2,
0.0,0.5,0.125,0.0,0,8,1,0.125,0.1,room0,fragmentation,geometry_overmerge_2cm,0.5,1,2,
0.07500000000000001,0.4285714285714286,0.2,0.0,0,8,1,0.125,0.1,room0,pair_conflict,geometry_overmerge_2cm,0.0,0,2,
0.0,0.2142857142857143,0.125,0.0,0,8,1,0.125,0.1,room0,nonspatial_owner_label_entropy,geometry_overmerge_2cm,0.0,0,2,
0.04166666666666666,0.2857142857142857,0.16666666666666666,0.0,0,8,1,0.125,0.1,room0,frozen_semantic_max,geometry_overmerge_2cm,0.0,0,2,
0.04166666666666666,0.2857142857142857,0.16666666666666666,0.0,0,8,1,0.125,0.1,room0,frozen_combined_max,geometry_overmerge_2cm,0.0,0,2,
0.375,0.8571428571428572,0.5,0.0,0,8,1,0.125,0.1,room0,framebalanced_majority_entropy,geometry_overmerge_2cm,0.5,1,2,
0.01785714285714285,0.1428571428571429,0.14285714285714285,0.5,1,8,1,0.125,0.1,room0,framebalanced_mean_disagreement,geometry_overmerge_2cm,0.0,0,2,0.0
0.0,0.0,0.125,0.5,1,8,1,0.125,0.1,room0,persistent_conflict_fraction,geometry_overmerge_2cm,0.0,0,2,0.0
0.125,0.7857142857142857,0.25,0.0,0,8,1,0.125,0.1,room0,multi_owner_voxel_fraction,geometry_overmerge_2cm,0.5,1,2,
0.07500000000000001,0.4285714285714286,0.2,0.0,0,8,1,0.125,0.1,room0,mean_owner_entropy,geometry_overmerge_2cm,0.0,0,2,
0.20833333333333331,0.7142857142857143,0.3333333333333333,0.0,0,8,1,0.125,0.1,room0,foreign_owner_link_fraction,geometry_overmerge_2cm,0.0,0,2,
0.125,0.5714285714285714,0.25,0.0,0,8,1,0.125,0.1,room0,semantic_mean,geometry_overmerge_2cm,0.0,0,2,
0.07500000000000001,0.4285714285714286,0.2,0.0,0,8,1,0.125,0.1,room0,combined_mean,geometry_overmerge_2cm,0.0,0,2,
0.07500000000000001,0.4285714285714286,0.2,0.0,0,8,1,0.125,0.1,room0,combined_top2_mean,geometry_overmerge_2cm,0.0,0,2,
0.07500000000000001,0.4285714285714286,0.2,0.0,0,8,1,0.125,0.1,room0,framebalanced_semantic_mean,geometry_overmerge_2cm,0.0,0,2,
0.20833333333333331,0.7142857142857143,0.3333333333333333,0.0,0,8,1,0.125,0.1,room0,owner_overlap_mean,geometry_overmerge_2cm,0.0,0,2,
0.0,0.2142857142857143,0.125,0.0,0,8,1,0.125,0.1,room0,size_num_detections,geometry_overmerge_2cm,0.0,0,2,
0.04166666666666666,0.35714285714285715,0.16666666666666666,0.0,0,8,1,0.125,0.1,room0,size_object_voxels,geometry_overmerge_2cm,0.0,0,2,
0.01785714285714285,0.1428571428571429,0.14285714285714285,0.5,1,8,1,0.125,0.1,room0,framebalanced_mean_disagreement_size_residual,geometry_overmerge_2cm,0.0,0,2,0.0
0.375,0.8571428571428572,0.5,0.0,0,8,1,0.125,0.1,room0,framebalanced_majority_entropy_size_residual,geometry_overmerge_2cm,0.5,1,2,
0.01785714285714285,0.1428571428571429,0.14285714285714285,0.5,1,8,1,0.125,0.1,room0,mean_owner_entropy_size_residual,geometry_overmerge_2cm,0.0,0,2,0.0
0.375,0.8571428571428572,0.5,0.0,0,8,1,0.125,0.1,room0,voxel_second_region_size_residual,geometry_overmerge_2cm,0.5,1,2,
0.08928571428571419,0.7142857142857143,0.9642857142857142,1.0,2,8,7,0.875,0.1,room0,voxel_majority_entropy,geometry_partition_5cm,1.0,2,2,1.0
0.125,1.0,1.0,0.5,1,8,7,0.875,0.1,room0,voxel_vote_entropy,geometry_partition_5cm,1.0,2,2,2.0
0.125,1.0,1.0,0.5,1,8,7,0.875,0.1,room0,voxel_mean_disagreement,geometry_partition_5cm,1.0,2,2,2.0
0.08928571428571419,0.7142857142857143,0.9642857142857142,1.0,2,8,7,0.875,0.1,room0,voxel_second_region,geometry_partition_5cm,1.0,2,2,1.0
0.08928571428571419,0.7142857142857143,0.9642857142857142,1.0,2,8,7,0.875,0.1,room0,voxel_second_fraction,geometry_partition_5cm,1.0,2,2,1.0
0.0,0.5,0.875,0.5,1,8,7,0.875,0.1,room0,fragmentation,geometry_partition_5cm,1.0,2,2,2.0
0.125,1.0,1.0,0.5,1,8,7,0.875,0.1,room0,pair_conflict,geometry_partition_5cm,1.0,2,2,2.0
-0.029761904761904878,0.14285714285714285,0.8452380952380951,1.0,2,8,7,0.875,0.1,room0,nonspatial_owner_label_entropy,geometry_partition_5cm,0.5,1,2,0.5
0.125,1.0,1.0,0.5,1,8,7,0.875,0.1,room0,frozen_semantic_max,geometry_partition_5cm,1.0,2,2,2.0
0.125,1.0,1.0,0.5,1,8,7,0.875,0.1,room0,frozen_combined_max,geometry_partition_5cm,1.0,2,2,2.0
0.1071428571428572,0.8571428571428571,0.9821428571428572,0.5,1,8,7,0.875,0.1,room0,framebalanced_majority_entropy,geometry_partition_5cm,1.0,2,2,2.0
0.125,1.0,1.0,0.5,1,8,7,0.875,0.1,room0,framebalanced_mean_disagreement,geometry_partition_5cm,1.0,2,2,2.0
0.1071428571428572,0.8571428571428571,0.9821428571428572,0.5,1,8,7,0.875,0.1,room0,persistent_conflict_fraction,geometry_partition_5cm,1.0,2,2,2.0
0.125,1.0,1.0,0.5,1,8,7,0.875,0.1,room0,multi_owner_voxel_fraction,geometry_partition_5cm,1.0,2,2,2.0
0.08673469387755106,0.7142857142857143,0.9617346938775511,1.0,2,8,7,0.875,0.1,room0,mean_owner_entropy,geometry_partition_5cm,1.0,2,2,1.0
0.1071428571428572,0.8571428571428571,0.9821428571428572,0.5,1,8,7,0.875,0.1,room0,foreign_owner_link_fraction,geometry_partition_5cm,1.0,2,2,2.0
0.1071428571428572,0.8571428571428571,0.9821428571428572,0.5,1,8,7,0.875,0.1,room0,semantic_mean,geometry_partition_5cm,1.0,2,2,2.0
0.125,1.0,1.0,0.5,1,8,7,0.875,0.1,room0,combined_mean,geometry_partition_5cm,1.0,2,2,2.0
0.125,1.0,1.0,0.5,1,8,7,0.875,0.1,room0,combined_top2_mean,geometry_partition_5cm,1.0,2,2,2.0
0.125,1.0,1.0,0.5,1,8,7,0.875,0.1,room0,framebalanced_semantic_mean,geometry_partition_5cm,1.0,2,2,2.0
0.1071428571428572,0.8571428571428571,0.9821428571428572,0.5,1,8,7,0.875,0.1,room0,owner_overlap_mean,geometry_partition_5cm,1.0,2,2,2.0
0.05357142857142838,0.42857142857142855,0.9285714285714284,1.0,2,8,7,0.875,0.1,room0,size_num_detections,geometry_partition_5cm,1.0,2,2,1.0
-0.04421768707482987,0.14285714285714285,0.8307823129251701,1.0,2,8,7,0.875,0.1,room0,size_object_voxels,geometry_partition_5cm,0.5,1,2,0.5
0.125,1.0,1.0,0.5,1,8,7,0.875,0.1,room0,framebalanced_mean_disagreement_size_residual,geometry_partition_5cm,1.0,2,2,2.0
0.1071428571428572,0.8571428571428571,0.9821428571428572,0.5,1,8,7,0.875,0.1,room0,framebalanced_majority_entropy_size_residual,geometry_partition_5cm,1.0,2,2,2.0
0.06292517006802723,0.5714285714285714,0.9379251700680272,1.0,2,8,7,0.875,0.1,room0,mean_owner_entropy_size_residual,geometry_partition_5cm,1.0,2,2,1.0
0.08673469387755106,0.7142857142857143,0.9617346938775511,1.0,2,8,7,0.875,0.1,room0,voxel_second_region_size_residual,geometry_partition_5cm,1.0,2,2,1.0
0.375,0.8571428571428571,0.5,0.0,0,8,1,0.125,0.1,room0,voxel_majority_entropy,geometry_overmerge_5cm,0.5,1,2,
0.04166666666666666,0.2857142857142857,0.16666666666666666,0.0,0,8,1,0.125,0.1,room0,voxel_vote_entropy,geometry_overmerge_5cm,0.0,0,2,
0.01785714285714285,0.1428571428571429,0.14285714285714285,0.5,1,8,1,0.125,0.1,room0,voxel_mean_disagreement,geometry_overmerge_5cm,0.0,0,2,0.0
0.375,0.8571428571428571,0.5,0.0,0,8,1,0.125,0.1,room0,voxel_second_region,geometry_overmerge_5cm,0.5,1,2,
0.20833333333333331,0.7142857142857143,0.3333333333333333,0.0,0,8,1,0.125,0.1,room0,voxel_second_fraction,geometry_overmerge_5cm,0.0,0,2,
0.0,0.5,0.125,0.0,0,8,1,0.125,0.1,room0,fragmentation,geometry_overmerge_5cm,0.5,1,2,
0.07500000000000001,0.4285714285714286,0.2,0.0,0,8,1,0.125,0.1,room0,pair_conflict,geometry_overmerge_5cm,0.0,0,2,
0.0,0.2142857142857143,0.125,0.0,0,8,1,0.125,0.1,room0,nonspatial_owner_label_entropy,geometry_overmerge_5cm,0.0,0,2,
0.04166666666666666,0.2857142857142857,0.16666666666666666,0.0,0,8,1,0.125,0.1,room0,frozen_semantic_max,geometry_overmerge_5cm,0.0,0,2,
0.04166666666666666,0.2857142857142857,0.16666666666666666,0.0,0,8,1,0.125,0.1,room0,frozen_combined_max,geometry_overmerge_5cm,0.0,0,2,
0.375,0.8571428571428572,0.5,0.0,0,8,1,0.125,0.1,room0,framebalanced_majority_entropy,geometry_overmerge_5cm,0.5,1,2,
0.01785714285714285,0.1428571428571429,0.14285714285714285,0.5,1,8,1,0.125,0.1,room0,framebalanced_mean_disagreement,geometry_overmerge_5cm,0.0,0,2,0.0
0.0,0.0,0.125,0.5,1,8,1,0.125,0.1,room0,persistent_conflict_fraction,geometry_overmerge_5cm,0.0,0,2,0.0
0.125,0.7857142857142857,0.25,0.0,0,8,1,0.125,0.1,room0,multi_owner_voxel_fraction,geometry_overmerge_5cm,0.5,1,2,
0.07500000000000001,0.4285714285714286,0.2,0.0,0,8,1,0.125,0.1,room0,mean_owner_entropy,geometry_overmerge_5cm,0.0,0,2,
0.20833333333333331,0.7142857142857143,0.3333333333333333,0.0,0,8,1,0.125,0.1,room0,foreign_owner_link_fraction,geometry_overmerge_5cm,0.0,0,2,
0.125,0.5714285714285714,0.25,0.0,0,8,1,0.125,0.1,room0,semantic_mean,geometry_overmerge_5cm,0.0,0,2,
0.07500000000000001,0.4285714285714286,0.2,0.0,0,8,1,0.125,0.1,room0,combined_mean,geometry_overmerge_5cm,0.0,0,2,
0.07500000000000001,0.4285714285714286,0.2,0.0,0,8,1,0.125,0.1,room0,combined_top2_mean,geometry_overmerge_5cm,0.0,0,2,
0.07500000000000001,0.4285714285714286,0.2,0.0,0,8,1,0.125,0.1,room0,framebalanced_semantic_mean,geometry_overmerge_5cm,0.0,0,2,
0.20833333333333331,0.7142857142857143,0.3333333333333333,0.0,0,8,1,0.125,0.1,room0,owner_overlap_mean,geometry_overmerge_5cm,0.0,0,2,
0.0,0.2142857142857143,0.125,0.0,0,8,1,0.125,0.1,room0,size_num_detections,geometry_overmerge_5cm,0.0,0,2,
0.04166666666666666,0.35714285714285715,0.16666666666666666,0.0,0,8,1,0.125,0.1,room0,size_object_voxels,geometry_overmerge_5cm,0.0,0,2,
0.01785714285714285,0.1428571428571429,0.14285714285714285,0.5,1,8,1,0.125,0.1,room0,framebalanced_mean_disagreement_size_residual,geometry_overmerge_5cm,0.0,0,2,0.0
0.375,0.8571428571428572,0.5,0.0,0,8,1,0.125,0.1,room0,framebalanced_majority_entropy_size_residual,geometry_overmerge_5cm,0.5,1,2,
0.01785714285714285,0.1428571428571429,0.14285714285714285,0.5,1,8,1,0.125,0.1,room0,mean_owner_entropy_size_residual,geometry_overmerge_5cm,0.0,0,2,0.0
0.375,0.8571428571428572,0.5,0.0,0,8,1,0.125,0.1,room0,voxel_second_region_size_residual,geometry_overmerge_5cm,0.5,1,2,
0.08928571428571419,0.7142857142857143,0.9642857142857142,1.0,2,8,7,0.875,0.1,room0,voxel_majority_entropy,geometry_partition_7cm,1.0,2,2,1.0
0.125,1.0,1.0,0.5,1,8,7,0.875,0.1,room0,voxel_vote_entropy,geometry_partition_7cm,1.0,2,2,2.0
0.125,1.0,1.0,0.5,1,8,7,0.875,0.1,room0,voxel_mean_disagreement,geometry_partition_7cm,1.0,2,2,2.0
0.08928571428571419,0.7142857142857143,0.9642857142857142,1.0,2,8,7,0.875,0.1,room0,voxel_second_region,geometry_partition_7cm,1.0,2,2,1.0
0.08928571428571419,0.7142857142857143,0.9642857142857142,1.0,2,8,7,0.875,0.1,room0,voxel_second_fraction,geometry_partition_7cm,1.0,2,2,1.0
0.0,0.5,0.875,0.5,1,8,7,0.875,0.1,room0,fragmentation,geometry_partition_7cm,1.0,2,2,2.0
0.125,1.0,1.0,0.5,1,8,7,0.875,0.1,room0,pair_conflict,geometry_partition_7cm,1.0,2,2,2.0
-0.029761904761904878,0.14285714285714285,0.8452380952380951,1.0,2,8,7,0.875,0.1,room0,nonspatial_owner_label_entropy,geometry_partition_7cm,0.5,1,2,0.5
0.125,1.0,1.0,0.5,1,8,7,0.875,0.1,room0,frozen_semantic_max,geometry_partition_7cm,1.0,2,2,2.0
0.125,1.0,1.0,0.5,1,8,7,0.875,0.1,room0,frozen_combined_max,geometry_partition_7cm,1.0,2,2,2.0
0.1071428571428572,0.8571428571428571,0.9821428571428572,0.5,1,8,7,0.875,0.1,room0,framebalanced_majority_entropy,geometry_partition_7cm,1.0,2,2,2.0
0.125,1.0,1.0,0.5,1,8,7,0.875,0.1,room0,framebalanced_mean_disagreement,geometry_partition_7cm,1.0,2,2,2.0
0.1071428571428572,0.8571428571428571,0.9821428571428572,0.5,1,8,7,0.875,0.1,room0,persistent_conflict_fraction,geometry_partition_7cm,1.0,2,2,2.0
0.125,1.0,1.0,0.5,1,8,7,0.875,0.1,room0,multi_owner_voxel_fraction,geometry_partition_7cm,1.0,2,2,2.0
0.08673469387755106,0.7142857142857143,0.9617346938775511,1.0,2,8,7,0.875,0.1,room0,mean_owner_entropy,geometry_partition_7cm,1.0,2,2,1.0
0.1071428571428572,0.8571428571428571,0.9821428571428572,0.5,1,8,7,0.875,0.1,room0,foreign_owner_link_fraction,geometry_partition_7cm,1.0,2,2,2.0
0.1071428571428572,0.8571428571428571,0.9821428571428572,0.5,1,8,7,0.875,0.1,room0,semantic_mean,geometry_partition_7cm,1.0,2,2,2.0
0.125,1.0,1.0,0.5,1,8,7,0.875,0.1,room0,combined_mean,geometry_partition_7cm,1.0,2,2,2.0
0.125,1.0,1.0,0.5,1,8,7,0.875,0.1,room0,combined_top2_mean,geometry_partition_7cm,1.0,2,2,2.0
0.125,1.0,1.0,0.5,1,8,7,0.875,0.1,room0,framebalanced_semantic_mean,geometry_partition_7cm,1.0,2,2,2.0
0.1071428571428572,0.8571428571428571,0.9821428571428572,0.5,1,8,7,0.875,0.1,room0,owner_overlap_mean,geometry_partition_7cm,1.0,2,2,2.0
0.05357142857142838,0.42857142857142855,0.9285714285714284,1.0,2,8,7,0.875,0.1,room0,size_num_detections,geometry_partition_7cm,1.0,2,2,1.0
-0.04421768707482987,0.14285714285714285,0.8307823129251701,1.0,2,8,7,0.875,0.1,room0,size_object_voxels,geometry_partition_7cm,0.5,1,2,0.5
0.125,1.0,1.0,0.5,1,8,7,0.875,0.1,room0,framebalanced_mean_disagreement_size_residual,geometry_partition_7cm,1.0,2,2,2.0
0.1071428571428572,0.8571428571428571,0.9821428571428572,0.5,1,8,7,0.875,0.1,room0,framebalanced_majority_entropy_size_residual,geometry_partition_7cm,1.0,2,2,2.0
0.06292517006802723,0.5714285714285714,0.9379251700680272,1.0,2,8,7,0.875,0.1,room0,mean_owner_entropy_size_residual,geometry_partition_7cm,1.0,2,2,1.0
0.08673469387755106,0.7142857142857143,0.9617346938775511,1.0,2,8,7,0.875,0.1,room0,voxel_second_region_size_residual,geometry_partition_7cm,1.0,2,2,1.0
0.375,0.8571428571428571,0.5,0.0,0,8,1,0.125,0.1,room0,voxel_majority_entropy,geometry_overmerge_7cm,0.5,1,2,
0.04166666666666666,0.2857142857142857,0.16666666666666666,0.0,0,8,1,0.125,0.1,room0,voxel_vote_entropy,geometry_overmerge_7cm,0.0,0,2,
0.01785714285714285,0.1428571428571429,0.14285714285714285,0.5,1,8,1,0.125,0.1,room0,voxel_mean_disagreement,geometry_overmerge_7cm,0.0,0,2,0.0
0.375,0.8571428571428571,0.5,0.0,0,8,1,0.125,0.1,room0,voxel_second_region,geometry_overmerge_7cm,0.5,1,2,
0.20833333333333331,0.7142857142857143,0.3333333333333333,0.0,0,8,1,0.125,0.1,room0,voxel_second_fraction,geometry_overmerge_7cm,0.0,0,2,
0.0,0.5,0.125,0.0,0,8,1,0.125,0.1,room0,fragmentation,geometry_overmerge_7cm,0.5,1,2,
0.07500000000000001,0.4285714285714286,0.2,0.0,0,8,1,0.125,0.1,room0,pair_conflict,geometry_overmerge_7cm,0.0,0,2,
0.0,0.2142857142857143,0.125,0.0,0,8,1,0.125,0.1,room0,nonspatial_owner_label_entropy,geometry_overmerge_7cm,0.0,0,2,
0.04166666666666666,0.2857142857142857,0.16666666666666666,0.0,0,8,1,0.125,0.1,room0,frozen_semantic_max,geometry_overmerge_7cm,0.0,0,2,
0.04166666666666666,0.2857142857142857,0.16666666666666666,0.0,0,8,1,0.125,0.1,room0,frozen_combined_max,geometry_overmerge_7cm,0.0,0,2,
0.375,0.8571428571428572,0.5,0.0,0,8,1,0.125,0.1,room0,framebalanced_majority_entropy,geometry_overmerge_7cm,0.5,1,2,
0.01785714285714285,0.1428571428571429,0.14285714285714285,0.5,1,8,1,0.125,0.1,room0,framebalanced_mean_disagreement,geometry_overmerge_7cm,0.0,0,2,0.0
0.0,0.0,0.125,0.5,1,8,1,0.125,0.1,room0,persistent_conflict_fraction,geometry_overmerge_7cm,0.0,0,2,0.0
0.125,0.7857142857142857,0.25,0.0,0,8,1,0.125,0.1,room0,multi_owner_voxel_fraction,geometry_overmerge_7cm,0.5,1,2,
0.07500000000000001,0.4285714285714286,0.2,0.0,0,8,1,0.125,0.1,room0,mean_owner_entropy,geometry_overmerge_7cm,0.0,0,2,
0.20833333333333331,0.7142857142857143,0.3333333333333333,0.0,0,8,1,0.125,0.1,room0,foreign_owner_link_fraction,geometry_overmerge_7cm,0.0,0,2,
0.125,0.5714285714285714,0.25,0.0,0,8,1,0.125,0.1,room0,semantic_mean,geometry_overmerge_7cm,0.0,0,2,
0.07500000000000001,0.4285714285714286,0.2,0.0,0,8,1,0.125,0.1,room0,combined_mean,geometry_overmerge_7cm,0.0,0,2,
0.07500000000000001,0.4285714285714286,0.2,0.0,0,8,1,0.125,0.1,room0,combined_top2_mean,geometry_overmerge_7cm,0.0,0,2,
0.07500000000000001,0.4285714285714286,0.2,0.0,0,8,1,0.125,0.1,room0,framebalanced_semantic_mean,geometry_overmerge_7cm,0.0,0,2,
0.20833333333333331,0.7142857142857143,0.3333333333333333,0.0,0,8,1,0.125,0.1,room0,owner_overlap_mean,geometry_overmerge_7cm,0.0,0,2,
0.0,0.2142857142857143,0.125,0.0,0,8,1,0.125,0.1,room0,size_num_detections,geometry_overmerge_7cm,0.0,0,2,
0.04166666666666666,0.35714285714285715,0.16666666666666666,0.0,0,8,1,0.125,0.1,room0,size_object_voxels,geometry_overmerge_7cm,0.0,0,2,
0.01785714285714285,0.1428571428571429,0.14285714285714285,0.5,1,8,1,0.125,0.1,room0,framebalanced_mean_disagreement_size_residual,geometry_overmerge_7cm,0.0,0,2,0.0
0.375,0.8571428571428572,0.5,0.0,0,8,1,0.125,0.1,room0,framebalanced_majority_entropy_size_residual,geometry_overmerge_7cm,0.5,1,2,
0.01785714285714285,0.1428571428571429,0.14285714285714285,0.5,1,8,1,0.125,0.1,room0,mean_owner_entropy_size_residual,geometry_overmerge_7cm,0.0,0,2,0.0
0.375,0.8571428571428572,0.5,0.0,0,8,1,0.125,0.1,room0,voxel_second_region_size_residual,geometry_overmerge_7cm,0.5,1,2,
0.12066033929520759,0.6365740740740741,0.8479330665679349,0.5714285714285714,4,33,24,0.7272727272727273,0.025,office0,voxel_majority_entropy,sidecar_original_unified,0.8571428571428571,6,7,1.5
0.1642183925465659,0.7407407407407407,0.8914911198192932,0.42857142857142855,3,33,24,0.7272727272727273,0.025,office0,voxel_vote_entropy,sidecar_original_unified,1.0,7,7,2.3333333333333335
0.05014571588816086,0.6018518518518519,0.7774184431608882,0.2857142857142857,2,33,24,0.7272727272727273,0.025,office0,voxel_mean_disagreement,sidecar_original_unified,0.5714285714285714,4,7,2.0
-0.0714550638833853,0.42592592592592593,0.655817663389342,0.5714285714285714,4,33,24,0.7272727272727273,0.025,office0,voxel_second_region,sidecar_original_unified,0.42857142857142855,3,7,0.75
0.13644182233296676,0.6550925925925926,0.863714549605694,0.5714285714285714,4,33,24,0.7272727272727273,0.025,office0,voxel_second_fraction,sidecar_original_unified,1.0,7,7,1.75
0.09484485421985411,0.6365740740740741,0.8221175814925814,0.2857142857142857,2,33,24,0.7272727272727273,0.025,office0,fragmentation,sidecar_original_unified,0.8571428571428571,6,7,3.0
0.1394964684438369,0.6689814814814814,0.8667691957165642,0.42857142857142855,3,33,24,0.7272727272727273,0.025,office0,pair_conflict,sidecar_original_unified,1.0,7,7,2.3333333333333335
0.2386363636363633,0.9375,0.9659090909090906,0.0,0,33,24,0.7272727272727273,0.025,office0,nonspatial_owner_label_entropy,sidecar_original_unified,1.0,7,7,
-0.004847727665065027,0.5439814814814815,0.7224249996076623,0.5714285714285714,4,33,24,0.7272727272727273,0.025,office0,frozen_semantic_max,sidecar_original_unified,0.7142857142857143,5,7,1.25
0.030271351122491907,0.5810185185185186,0.7575440783952192,0.5714285714285714,4,33,24,0.7272727272727273,0.025,office0,frozen_combined_max,sidecar_original_unified,0.8571428571428571,6,7,1.5
0.12305674429971936,0.6712962962962963,0.8503294715724466,0.42857142857142855,3,33,24,0.7272727272727273,0.025,office0,framebalanced_majority_entropy,sidecar_original_unified,0.8571428571428571,6,7,2.0
0.24999999999999978,0.9305555555555556,0.9772727272727271,0.2857142857142857,2,33,24,0.7272727272727273,0.025,office0,framebalanced_mean_disagreement,sidecar_original_unified,1.0,7,7,3.5
-0.07730700372269728,0.4398148148148149,0.64996572355003,0.42857142857142855,3,33,24,0.7272727272727273,0.025,office0,persistent_conflict_fraction,sidecar_original_unified,0.42857142857142855,3,7,1.0
0.1477858946608943,0.6481481481481481,0.8750586219336216,0.5714285714285714,4,33,24,0.7272727272727273,0.025,office0,multi_owner_voxel_fraction,sidecar_original_unified,1.0,7,7,1.75
0.13102170501067545,0.6203703703703703,0.8582944322834027,0.5714285714285714,4,33,24,0.7272727272727273,0.025,office0,mean_owner_entropy,sidecar_original_unified,1.0,7,7,1.75
0.0005768794758731488,0.4305555555555556,0.7278496067486004,0.5714285714285714,4,33,24,0.7272727272727273,0.025,office0,foreign_owner_link_fraction,sidecar_original_unified,0.7142857142857143,5,7,1.25
0.006642701840070209,0.5231481481481481,0.7339154291127975,0.5714285714285714,4,33,24,0.7272727272727273,0.025,office0,semantic_mean,sidecar_original_unified,0.42857142857142855,3,7,0.75
0.11989193200590242,0.6574074074074074,0.8471646592786297,0.5714285714285714,4,33,24,0.7272727272727273,0.025,office0,combined_mean,sidecar_original_unified,0.8571428571428571,6,7,1.5
0.13486143814388685,0.662037037037037,0.8621341654166141,0.5714285714285714,4,33,24,0.7272727272727273,0.025,office0,combined_top2_mean,sidecar_original_unified,1.0,7,7,1.75
0.1332854354680979,0.6666666666666667,0.8605581627408252,0.5714285714285714,4,33,24,0.7272727272727273,0.025,office0,framebalanced_semantic_mean,sidecar_original_unified,1.0,7,7,1.75
0.11386090761090739,0.5902777777777777,0.8411336348836347,0.5714285714285714,4,33,24,0.7272727272727273,0.025,office0,owner_overlap_mean,sidecar_original_unified,1.0,7,7,1.75
0.2727272727272727,1.0,1.0,0.0,0,33,24,0.7272727272727273,0.025,office0,size_num_detections,sidecar_original_unified,1.0,7,7,
0.14606969072080456,0.7291666666666667,0.8733424179935318,0.42857142857142855,3,33,24,0.7272727272727273,0.025,office0,size_object_voxels,sidecar_original_unified,0.8571428571428571,6,7,2.0
0.12107265503261366,0.6157407407407407,0.848345382305341,0.5714285714285714,4,33,24,0.7272727272727273,0.025,office0,framebalanced_mean_disagreement_size_residual,sidecar_original_unified,1.0,7,7,1.75
-0.03075127801695654,0.40740740740740744,0.6965214492557708,1.0,7,33,24,0.7272727272727273,0.025,office0,framebalanced_majority_entropy_size_residual,sidecar_original_unified,0.5714285714285714,4,7,0.5714285714285714
0.10468882987305206,0.5555555555555556,0.8319615571457794,0.8571428571428571,6,33,24,0.7272727272727273,0.025,office0,mean_owner_entropy_size_residual,sidecar_original_unified,1.0,7,7,1.1666666666666667
-0.05232147088149297,0.425925925925926,0.6749512563912343,0.5714285714285714,4,33,24,0.7272727272727273,0.025,office0,voxel_second_region_size_residual,sidecar_original_unified,0.42857142857142855,3,7,0.75
0.12066033929520759,0.6365740740740741,0.8479330665679349,0.5714285714285714,4,33,24,0.7272727272727273,0.025,office0,voxel_majority_entropy,sidecar_strict_unified,0.8571428571428571,6,7,1.5
0.1642183925465659,0.7407407407407407,0.8914911198192932,0.42857142857142855,3,33,24,0.7272727272727273,0.025,office0,voxel_vote_entropy,sidecar_strict_unified,1.0,7,7,2.3333333333333335
0.05014571588816086,0.6018518518518519,0.7774184431608882,0.2857142857142857,2,33,24,0.7272727272727273,0.025,office0,voxel_mean_disagreement,sidecar_strict_unified,0.5714285714285714,4,7,2.0
-0.0714550638833853,0.42592592592592593,0.655817663389342,0.5714285714285714,4,33,24,0.7272727272727273,0.025,office0,voxel_second_region,sidecar_strict_unified,0.42857142857142855,3,7,0.75
0.13644182233296676,0.6550925925925926,0.863714549605694,0.5714285714285714,4,33,24,0.7272727272727273,0.025,office0,voxel_second_fraction,sidecar_strict_unified,1.0,7,7,1.75
0.09484485421985411,0.6365740740740741,0.8221175814925814,0.2857142857142857,2,33,24,0.7272727272727273,0.025,office0,fragmentation,sidecar_strict_unified,0.8571428571428571,6,7,3.0
0.1394964684438369,0.6689814814814814,0.8667691957165642,0.42857142857142855,3,33,24,0.7272727272727273,0.025,office0,pair_conflict,sidecar_strict_unified,1.0,7,7,2.3333333333333335
0.2386363636363633,0.9375,0.9659090909090906,0.0,0,33,24,0.7272727272727273,0.025,office0,nonspatial_owner_label_entropy,sidecar_strict_unified,1.0,7,7,
-0.004847727665065027,0.5439814814814815,0.7224249996076623,0.5714285714285714,4,33,24,0.7272727272727273,0.025,office0,frozen_semantic_max,sidecar_strict_unified,0.7142857142857143,5,7,1.25
0.030271351122491907,0.5810185185185186,0.7575440783952192,0.5714285714285714,4,33,24,0.7272727272727273,0.025,office0,frozen_combined_max,sidecar_strict_unified,0.8571428571428571,6,7,1.5
0.12305674429971936,0.6712962962962963,0.8503294715724466,0.42857142857142855,3,33,24,0.7272727272727273,0.025,office0,framebalanced_majority_entropy,sidecar_strict_unified,0.8571428571428571,6,7,2.0
0.24999999999999978,0.9305555555555556,0.9772727272727271,0.2857142857142857,2,33,24,0.7272727272727273,0.025,office0,framebalanced_mean_disagreement,sidecar_strict_unified,1.0,7,7,3.5
-0.07730700372269728,0.4398148148148149,0.64996572355003,0.42857142857142855,3,33,24,0.7272727272727273,0.025,office0,persistent_conflict_fraction,sidecar_strict_unified,0.42857142857142855,3,7,1.0
0.1477858946608943,0.6481481481481481,0.8750586219336216,0.5714285714285714,4,33,24,0.7272727272727273,0.025,office0,multi_owner_voxel_fraction,sidecar_strict_unified,1.0,7,7,1.75
0.13102170501067545,0.6203703703703703,0.8582944322834027,0.5714285714285714,4,33,24,0.7272727272727273,0.025,office0,mean_owner_entropy,sidecar_strict_unified,1.0,7,7,1.75
0.0005768794758731488,0.4305555555555556,0.7278496067486004,0.5714285714285714,4,33,24,0.7272727272727273,0.025,office0,foreign_owner_link_fraction,sidecar_strict_unified,0.7142857142857143,5,7,1.25
0.006642701840070209,0.5231481481481481,0.7339154291127975,0.5714285714285714,4,33,24,0.7272727272727273,0.025,office0,semantic_mean,sidecar_strict_unified,0.42857142857142855,3,7,0.75
0.11989193200590242,0.6574074074074074,0.8471646592786297,0.5714285714285714,4,33,24,0.7272727272727273,0.025,office0,combined_mean,sidecar_strict_unified,0.8571428571428571,6,7,1.5
0.13486143814388685,0.662037037037037,0.8621341654166141,0.5714285714285714,4,33,24,0.7272727272727273,0.025,office0,combined_top2_mean,sidecar_strict_unified,1.0,7,7,1.75
0.1332854354680979,0.6666666666666667,0.8605581627408252,0.5714285714285714,4,33,24,0.7272727272727273,0.025,office0,framebalanced_semantic_mean,sidecar_strict_unified,1.0,7,7,1.75
0.11386090761090739,0.5902777777777777,0.8411336348836347,0.5714285714285714,4,33,24,0.7272727272727273,0.025,office0,owner_overlap_mean,sidecar_strict_unified,1.0,7,7,1.75
0.2727272727272727,1.0,1.0,0.0,0,33,24,0.7272727272727273,0.025,office0,size_num_detections,sidecar_strict_unified,1.0,7,7,
0.14606969072080456,0.7291666666666667,0.8733424179935318,0.42857142857142855,3,33,24,0.7272727272727273,0.025,office0,size_object_voxels,sidecar_strict_unified,0.8571428571428571,6,7,2.0
0.12107265503261366,0.6157407407407407,0.848345382305341,0.5714285714285714,4,33,24,0.7272727272727273,0.025,office0,framebalanced_mean_disagreement_size_residual,sidecar_strict_unified,1.0,7,7,1.75
-0.03075127801695654,0.40740740740740744,0.6965214492557708,1.0,7,33,24,0.7272727272727273,0.025,office0,framebalanced_majority_entropy_size_residual,sidecar_strict_unified,0.5714285714285714,4,7,0.5714285714285714
0.10468882987305206,0.5555555555555556,0.8319615571457794,0.8571428571428571,6,33,24,0.7272727272727273,0.025,office0,mean_owner_entropy_size_residual,sidecar_strict_unified,1.0,7,7,1.1666666666666667
-0.05232147088149297,0.425925925925926,0.6749512563912343,0.5714285714285714,4,33,24,0.7272727272727273,0.025,office0,voxel_second_region_size_residual,sidecar_strict_unified,0.42857142857142855,3,7,0.75
0.16858547021824521,0.6776859504132233,0.8352521368849118,0.42857142857142855,3,33,22,0.6666666666666666,0.025,office0,voxel_majority_entropy,sidecar_original_mask,0.8571428571428571,6,7,2.0
0.15758924101979266,0.71900826446281,0.8242559076864593,0.2857142857142857,2,33,22,0.6666666666666666,0.025,office0,voxel_vote_entropy,sidecar_original_mask,0.8571428571428571,6,7,3.0
0.08574336715351949,0.6363636363636365,0.7524100338201861,0.14285714285714285,1,33,22,0.6666666666666666,0.025,office0,voxel_mean_disagreement,sidecar_original_mask,0.5714285714285714,4,7,4.0
-0.03965483643174872,0.49173553719008256,0.6270118302349179,0.42857142857142855,3,33,22,0.6666666666666666,0.025,office0,voxel_second_region,sidecar_original_mask,0.42857142857142855,3,7,1.0
0.18575855662201846,0.6942148760330579,0.8524252232886851,0.42857142857142855,3,33,22,0.6666666666666666,0.025,office0,voxel_second_fraction,sidecar_original_mask,1.0,7,7,2.3333333333333335
0.1337701439974167,0.6756198347107437,0.8004368106640833,0.14285714285714285,1,33,22,0.6666666666666666,0.025,office0,fragmentation,sidecar_original_mask,0.8571428571428571,6,7,6.0
0.16796251993620426,0.6673553719008265,0.8346291866028709,0.42857142857142855,3,33,22,0.6666666666666666,0.025,office0,pair_conflict,sidecar_original_mask,1.0,7,7,2.3333333333333335
0.24112005887442123,0.884297520661157,0.9077867255410879,0.0,0,33,22,0.6666666666666666,0.025,office0,nonspatial_owner_label_entropy,sidecar_original_mask,0.8571428571428571,6,7,
0.036639237668649405,0.6053719008264463,0.703305904335316,0.42857142857142855,3,33,22,0.6666666666666666,0.025,office0,frozen_semantic_max,sidecar_original_mask,0.7142857142857143,5,7,1.6666666666666667
0.0725802550029474,0.634297520661157,0.739246921669614,0.42857142857142855,3,33,22,0.6666666666666666,0.025,office0,frozen_combined_max,sidecar_original_mask,0.8571428571428571,6,7,2.0
0.16633041101386892,0.6983471074380165,0.8329970776805355,0.2857142857142857,2,33,22,0.6666666666666666,0.025,office0,framebalanced_majority_entropy,sidecar_original_mask,0.8571428571428571,6,7,3.0
0.2790070456250443,0.9090909090909091,0.9456737122917109,0.14285714285714285,1,33,22,0.6666666666666666,0.025,office0,framebalanced_mean_disagreement,sidecar_original_mask,1.0,7,7,7.0
-0.051862548261274566,0.4896694214876034,0.6148041184053921,0.2857142857142857,2,33,22,0.6666666666666666,0.025,office0,persistent_conflict_fraction,sidecar_original_mask,0.42857142857142855,3,7,1.5
0.16757920110192803,0.6446280991735537,0.8342458677685947,0.42857142857142855,3,33,22,0.6666666666666666,0.025,office0,multi_owner_voxel_fraction,sidecar_original_mask,1.0,7,7,2.3333333333333335
0.14577384884871492,0.6157024793388429,0.8124405155153815,0.42857142857142855,3,33,22,0.6666666666666666,0.025,office0,mean_owner_entropy,sidecar_original_mask,1.0,7,7,2.3333333333333335
0.034176781485393826,0.4834710743801653,0.7008434481520605,0.42857142857142855,3,33,22,0.6666666666666666,0.025,office0,foreign_owner_link_fraction,sidecar_original_mask,0.7142857142857143,5,7,1.6666666666666667
0.04468006165374583,0.5805785123966942,0.7113467283204125,0.42857142857142855,3,33,22,0.6666666666666666,0.025,office0,semantic_mean,sidecar_original_mask,0.42857142857142855,3,7,1.0
0.1690949244358334,0.6983471074380165,0.8357615911025,0.42857142857142855,3,33,22,0.6666666666666666,0.025,office0,combined_mean,sidecar_original_mask,0.8571428571428571,6,7,2.0
0.18097756476389348,0.6942148760330578,0.8476442314305601,0.42857142857142855,3,33,22,0.6666666666666666,0.025,office0,combined_top2_mean,sidecar_original_mask,1.0,7,7,2.3333333333333335
0.1791518732645948,0.6983471074380165,0.8458185399312614,0.42857142857142855,3,33,22,0.6666666666666666,0.025,office0,framebalanced_semantic_mean,sidecar_original_mask,1.0,7,7,2.3333333333333335
0.1419037401991946,0.5991735537190083,0.8085704068658612,0.42857142857142855,3,33,22,0.6666666666666666,0.025,office0,owner_overlap_mean,sidecar_original_mask,1.0,7,7,2.3333333333333335
0.32559288537549413,0.9855371900826446,0.9922595520421608,0.0,0,33,22,0.6666666666666666,0.025,office0,size_num_detections,sidecar_original_mask,1.0,7,7,
0.17897135453187296,0.7210743801652892,0.8456380211985396,0.42857142857142855,3,33,22,0.6666666666666666,0.025,office0,size_object_voxels,sidecar_original_mask,0.8571428571428571,6,7,2.0
0.11426671209560368,0.6115702479338843,0.7809333787622703,0.42857142857142855,3,33,22,0.6666666666666666,0.025,office0,framebalanced_mean_disagreement_size_residual,sidecar_original_mask,0.8571428571428571,6,7,2.0
-0.0024093520678504232,0.45867768595041325,0.6642573145988162,0.8571428571428571,6,33,22,0.6666666666666666,0.025,office0,framebalanced_majority_entropy_size_residual,sidecar_original_mask,0.5714285714285714,4,7,0.6666666666666666
0.12228106596475263,0.5578512396694215,0.7889477326314193,0.7142857142857143,5,33,22,0.6666666666666666,0.025,office0,mean_owner_entropy_size_residual,sidecar_original_mask,1.0,7,7,1.4
-0.018602196710554297,0.49173553719008267,0.6480644699561123,0.42857142857142855,3,33,22,0.6666666666666666,0.025,office0,voxel_second_region_size_residual,sidecar_original_mask,0.42857142857142855,3,7,1.0
0.16858547021824521,0.6776859504132233,0.8352521368849118,0.42857142857142855,3,33,22,0.6666666666666666,0.025,office0,voxel_majority_entropy,sidecar_strict_mask,0.8571428571428571,6,7,2.0
0.15758924101979266,0.71900826446281,0.8242559076864593,0.2857142857142857,2,33,22,0.6666666666666666,0.025,office0,voxel_vote_entropy,sidecar_strict_mask,0.8571428571428571,6,7,3.0
0.08574336715351949,0.6363636363636365,0.7524100338201861,0.14285714285714285,1,33,22,0.6666666666666666,0.025,office0,voxel_mean_disagreement,sidecar_strict_mask,0.5714285714285714,4,7,4.0
-0.03965483643174872,0.49173553719008256,0.6270118302349179,0.42857142857142855,3,33,22,0.6666666666666666,0.025,office0,voxel_second_region,sidecar_strict_mask,0.42857142857142855,3,7,1.0
0.18575855662201846,0.6942148760330579,0.8524252232886851,0.42857142857142855,3,33,22,0.6666666666666666,0.025,office0,voxel_second_fraction,sidecar_strict_mask,1.0,7,7,2.3333333333333335
0.1337701439974167,0.6756198347107437,0.8004368106640833,0.14285714285714285,1,33,22,0.6666666666666666,0.025,office0,fragmentation,sidecar_strict_mask,0.8571428571428571,6,7,6.0
0.16796251993620426,0.6673553719008265,0.8346291866028709,0.42857142857142855,3,33,22,0.6666666666666666,0.025,office0,pair_conflict,sidecar_strict_mask,1.0,7,7,2.3333333333333335
0.24112005887442123,0.884297520661157,0.9077867255410879,0.0,0,33,22,0.6666666666666666,0.025,office0,nonspatial_owner_label_entropy,sidecar_strict_mask,0.8571428571428571,6,7,
0.036639237668649405,0.6053719008264463,0.703305904335316,0.42857142857142855,3,33,22,0.6666666666666666,0.025,office0,frozen_semantic_max,sidecar_strict_mask,0.7142857142857143,5,7,1.6666666666666667
0.0725802550029474,0.634297520661157,0.739246921669614,0.42857142857142855,3,33,22,0.6666666666666666,0.025,office0,frozen_combined_max,sidecar_strict_mask,0.8571428571428571,6,7,2.0
0.16633041101386892,0.6983471074380165,0.8329970776805355,0.2857142857142857,2,33,22,0.6666666666666666,0.025,office0,framebalanced_majority_entropy,sidecar_strict_mask,0.8571428571428571,6,7,3.0
0.2790070456250443,0.9090909090909091,0.9456737122917109,0.14285714285714285,1,33,22,0.6666666666666666,0.025,office0,framebalanced_mean_disagreement,sidecar_strict_mask,1.0,7,7,7.0
-0.051862548261274566,0.4896694214876034,0.6148041184053921,0.2857142857142857,2,33,22,0.6666666666666666,0.025,office0,persistent_conflict_fraction,sidecar_strict_mask,0.42857142857142855,3,7,1.5
0.16757920110192803,0.6446280991735537,0.8342458677685947,0.42857142857142855,3,33,22,0.6666666666666666,0.025,office0,multi_owner_voxel_fraction,sidecar_strict_mask,1.0,7,7,2.3333333333333335
0.14577384884871492,0.6157024793388429,0.8124405155153815,0.42857142857142855,3,33,22,0.6666666666666666,0.025,office0,mean_owner_entropy,sidecar_strict_mask,1.0,7,7,2.3333333333333335
0.034176781485393826,0.4834710743801653,0.7008434481520605,0.42857142857142855,3,33,22,0.6666666666666666,0.025,office0,foreign_owner_link_fraction,sidecar_strict_mask,0.7142857142857143,5,7,1.6666666666666667
0.04468006165374583,0.5805785123966942,0.7113467283204125,0.42857142857142855,3,33,22,0.6666666666666666,0.025,office0,semantic_mean,sidecar_strict_mask,0.42857142857142855,3,7,1.0
0.1690949244358334,0.6983471074380165,0.8357615911025,0.42857142857142855,3,33,22,0.6666666666666666,0.025,office0,combined_mean,sidecar_strict_mask,0.8571428571428571,6,7,2.0
0.18097756476389348,0.6942148760330578,0.8476442314305601,0.42857142857142855,3,33,22,0.6666666666666666,0.025,office0,combined_top2_mean,sidecar_strict_mask,1.0,7,7,2.3333333333333335
0.1791518732645948,0.6983471074380165,0.8458185399312614,0.42857142857142855,3,33,22,0.6666666666666666,0.025,office0,framebalanced_semantic_mean,sidecar_strict_mask,1.0,7,7,2.3333333333333335
0.1419037401991946,0.5991735537190083,0.8085704068658612,0.42857142857142855,3,33,22,0.6666666666666666,0.025,office0,owner_overlap_mean,sidecar_strict_mask,1.0,7,7,2.3333333333333335
0.32559288537549413,0.9855371900826446,0.9922595520421608,0.0,0,33,22,0.6666666666666666,0.025,office0,size_num_detections,sidecar_strict_mask,1.0,7,7,
0.17897135453187296,0.7210743801652892,0.8456380211985396,0.42857142857142855,3,33,22,0.6666666666666666,0.025,office0,size_object_voxels,sidecar_strict_mask,0.8571428571428571,6,7,2.0
0.11426671209560368,0.6115702479338843,0.7809333787622703,0.42857142857142855,3,33,22,0.6666666666666666,0.025,office0,framebalanced_mean_disagreement_size_residual,sidecar_strict_mask,0.8571428571428571,6,7,2.0
-0.0024093520678504232,0.45867768595041325,0.6642573145988162,0.8571428571428571,6,33,22,0.6666666666666666,0.025,office0,framebalanced_majority_entropy_size_residual,sidecar_strict_mask,0.5714285714285714,4,7,0.6666666666666666
0.12228106596475263,0.5578512396694215,0.7889477326314193,0.7142857142857143,5,33,22,0.6666666666666666,0.025,office0,mean_owner_entropy_size_residual,sidecar_strict_mask,1.0,7,7,1.4
-0.018602196710554297,0.49173553719008267,0.6480644699561123,0.42857142857142855,3,33,22,0.6666666666666666,0.025,office0,voxel_second_region_size_residual,sidecar_strict_mask,0.42857142857142855,3,7,1.0
0.1698288911524206,0.7685185185185187,0.9198288911524206,0.6,3,24,18,0.75,0.025,office0,voxel_majority_entropy,sidecar_original_association,1.0,5,5,1.6666666666666667
0.15345156386823067,0.7731481481481481,0.9034515638682307,0.6,3,24,18,0.75,0.025,office0,voxel_vote_entropy,sidecar_original_association,0.8,4,5,1.3333333333333335
0.11227222663626168,0.7546296296296297,0.8622722266362617,0.4,2,24,18,0.75,0.025,office0,voxel_mean_disagreement,sidecar_original_association,0.8,4,5,2.0
0.17693104825457784,0.800925925925926,0.9269310482545778,0.4,2,24,18,0.75,0.025,office0,voxel_second_region,sidecar_original_association,1.0,5,5,2.5
0.1713754926990223,0.7777777777777779,0.9213754926990223,0.6,3,24,18,0.75,0.025,office0,voxel_second_fraction,sidecar_original_association,1.0,5,5,1.6666666666666667
0.026673480840147534,0.6481481481481481,0.7766734808401475,0.4,2,24,18,0.75,0.025,office0,fragmentation,sidecar_original_association,0.8,4,5,2.0
0.09458149874816557,0.7175925925925927,0.8445814987481656,0.4,2,24,18,0.75,0.025,office0,pair_conflict,sidecar_original_association,0.8,4,5,2.0
0.18477872436205778,0.837962962962963,0.9347787243620578,0.4,2,24,18,0.75,0.025,office0,nonspatial_owner_label_entropy,sidecar_original_association,1.0,5,5,2.5
0.1584048667382001,0.7824074074074073,0.9084048667382001,0.4,2,24,18,0.75,0.025,office0,frozen_semantic_max,sidecar_original_association,0.8,4,5,2.0
0.05247957380310331,0.6712962962962963,0.8024795738031033,0.4,2,24,18,0.75,0.025,office0,frozen_combined_max,sidecar_original_association,0.8,4,5,2.0
0.18323551448551467,0.8194444444444445,0.9332355144855147,0.4,2,24,18,0.75,0.025,office0,framebalanced_majority_entropy,sidecar_original_association,1.0,5,5,2.5
0.0844944488584839,0.7453703703703705,0.8344944488584839,0.4,2,24,18,0.75,0.025,office0,framebalanced_mean_disagreement,sidecar_original_association,0.8,4,5,2.0
0.0072037158079469865,0.6111111111111112,0.757203715807947,0.4,2,24,18,0.75,0.025,office0,persistent_conflict_fraction,sidecar_original_association,0.6,3,5,1.4999999999999998
0.07917144583811253,0.6944444444444445,0.8291714458381125,0.4,2,24,18,0.75,0.025,office0,multi_owner_voxel_fraction,sidecar_original_association,0.8,4,5,2.0
0.0704172370839038,0.675925925925926,0.8204172370839038,0.4,2,24,18,0.75,0.025,office0,mean_owner_entropy,sidecar_original_association,0.8,4,5,2.0
0.026347572180905554,0.638888888888889,0.7763475721809056,0.4,2,24,18,0.75,0.025,office0,foreign_owner_link_fraction,sidecar_original_association,0.8,4,5,2.0
0.16201475993142678,0.7824074074074074,0.9120147599314268,0.6,3,24,18,0.75,0.025,office0,semantic_mean,sidecar_original_association,1.0,5,5,1.6666666666666667
0.1539779745920098,0.7592592592592593,0.9039779745920098,0.4,2,24,18,0.75,0.025,office0,combined_mean,sidecar_original_association,1.0,5,5,2.5
0.07144395088151534,0.7175925925925926,0.8214439508815153,0.4,2,24,18,0.75,0.025,office0,combined_top2_mean,sidecar_original_association,0.8,4,5,2.0
0.14263538199941705,0.7685185185185186,0.892635381999417,0.4,2,24,18,0.75,0.025,office0,framebalanced_semantic_mean,sidecar_original_association,0.8,4,5,2.0
0.042639459306126004,0.6666666666666667,0.792639459306126,0.4,2,24,18,0.75,0.025,office0,owner_overlap_mean,sidecar_original_association,0.8,4,5,2.0
0.14449575932419068,0.8194444444444444,0.8944957593241907,0.2,1,24,18,0.75,0.025,office0,size_num_detections,sidecar_original_association,0.8,4,5,4.0
0.13694207934404012,0.6944444444444443,0.8869420793440401,0.6,3,24,18,0.75,0.025,office0,size_object_voxels,sidecar_original_association,1.0,5,5,1.6666666666666667
0.06439712845156609,0.5,0.8143971284515661,0.8,4,24,18,0.75,0.025,office0,framebalanced_mean_disagreement_size_residual,sidecar_original_association,0.8,4,5,1.0
0.16283389146661453,0.7314814814814815,0.9128338914666145,0.6,3,24,18,0.75,0.025,office0,framebalanced_majority_entropy_size_residual,sidecar_original_association,1.0,5,5,1.6666666666666667
0.10115517198850532,0.6574074074074073,0.8511551719885053,0.6,3,24,18,0.75,0.025,office0,mean_owner_entropy_size_residual,sidecar_original_association,0.8,4,5,1.3333333333333335
0.17277209804299587,0.7962962962962963,0.9227720980429959,0.4,2,24,18,0.75,0.025,office0,voxel_second_region_size_residual,sidecar_original_association,1.0,5,5,2.5
0.22016603454622952,0.8035714285714286,0.915818208459273,0.4,2,23,16,0.6956521739130435,0.025,office0,voxel_majority_entropy,sidecar_strict_association,1.0,5,5,2.5
0.058582257868942667,0.5580357142857143,0.7542344317819861,0.6,3,23,16,0.6956521739130435,0.025,office0,voxel_vote_entropy,sidecar_strict_association,0.6,3,5,1.0
0.1185385342314691,0.7008928571428572,0.8141907081445126,0.4,2,23,16,0.6956521739130435,0.025,office0,voxel_mean_disagreement,sidecar_strict_association,0.8,4,5,2.0
0.2278583422385373,0.8303571428571428,0.9235105161515808,0.4,2,23,16,0.6956521739130435,0.025,office0,voxel_second_region,sidecar_strict_association,1.0,5,5,2.5
0.2216083422385372,0.8125,0.9172605161515807,0.4,2,23,16,0.6956521739130435,0.025,office0,voxel_second_fraction,sidecar_strict_association,1.0,5,5,2.5
0.1902173913043479,0.8125,0.8858695652173914,0.2,1,23,16,0.6956521739130435,0.025,office0,fragmentation,sidecar_strict_association,1.0,5,5,5.0
0.17459023464458245,0.7276785714285714,0.8702424085576259,0.4,2,23,16,0.6956521739130435,0.025,office0,pair_conflict,sidecar_strict_association,1.0,5,5,2.5
0.0157499165991013,0.5803571428571428,0.7114020905121448,0.4,2,23,16,0.6956521739130435,0.025,office0,nonspatial_owner_label_entropy,sidecar_strict_association,0.6,3,5,1.4999999999999998
0.1978501947931296,0.78125,0.8935023687061731,0.4,2,23,16,0.6956521739130435,0.025,office0,frozen_semantic_max,sidecar_strict_association,0.8,4,5,2.0
0.20681037978432482,0.7857142857142858,0.9024625536973683,0.4,2,23,16,0.6956521739130435,0.025,office0,frozen_combined_max,sidecar_strict_association,1.0,5,5,2.5
0.23033979154903061,0.8392857142857142,0.9259919654620741,0.4,2,23,16,0.6956521739130435,0.025,office0,framebalanced_majority_entropy,sidecar_strict_association,1.0,5,5,2.5
0.07047782757701238,0.65625,0.7661300014900558,0.4,2,23,16,0.6956521739130435,0.025,office0,framebalanced_mean_disagreement,sidecar_strict_association,0.8,4,5,2.0
-0.0008140525643722807,0.5446428571428572,0.6948381213486712,0.4,2,23,16,0.6956521739130435,0.025,office0,persistent_conflict_fraction,sidecar_strict_association,0.6,3,5,1.4999999999999998
0.0709310466103944,0.625,0.7665832205234379,0.4,2,23,16,0.6956521739130435,0.025,office0,multi_owner_voxel_fraction,sidecar_strict_association,0.8,4,5,2.0
0.09054233809668599,0.6160714285714286,0.7861945120097295,0.4,2,23,16,0.6956521739130435,0.025,office0,mean_owner_entropy,sidecar_strict_association,0.8,4,5,2.0
0.13853340952525728,0.6696428571428572,0.8341855834383007,0.4,2,23,16,0.6956521739130435,0.025,office0,foreign_owner_link_fraction,sidecar_strict_association,1.0,5,5,2.5
0.1982778920958268,0.7857142857142858,0.8939300660088703,0.4,2,23,16,0.6956521739130435,0.025,office0,semantic_mean,sidecar_strict_association,1.0,5,5,2.5
0.24043902956946428,0.8303571428571429,0.9360912034825077,0.4,2,23,16,0.6956521739130435,0.025,office0,combined_mean,sidecar_strict_association,1.0,5,5,2.5
0.22994522084196,0.8169642857142856,0.9255973947550035,0.4,2,23,16,0.6956521739130435,0.025,office0,combined_top2_mean,sidecar_strict_association,1.0,5,5,2.5
0.16951030551574042,0.75,0.8651624794287839,0.4,2,23,16,0.6956521739130435,0.025,office0,framebalanced_semantic_mean,sidecar_strict_association,0.8,4,5,2.0
0.11717924285859072,0.6428571428571428,0.8128314167716342,0.4,2,23,16,0.6956521739130435,0.025,office0,owner_overlap_mean,sidecar_strict_association,0.8,4,5,2.0
0.20395912675524264,0.875,0.8996113006682861,0.0,0,23,16,0.6956521739130435,0.025,office0,size_num_detections,sidecar_strict_association,0.8,4,5,
0.21835019449383353,0.8035714285714286,0.914002368406877,0.4,2,23,16,0.6956521739130435,0.025,office0,size_object_voxels,sidecar_strict_association,1.0,5,5,2.5
0.0008907693071947831,0.38392857142857145,0.6965429432202382,0.8,4,23,16,0.6956521739130435,0.025,office0,framebalanced_mean_disagreement_size_residual,sidecar_strict_association,0.6,3,5,0.7499999999999999
0.17857528567447045,0.6964285714285714,0.8742274595875139,0.6,3,23,16,0.6956521739130435,0.025,office0,framebalanced_majority_entropy_size_residual,sidecar_strict_association,1.0,5,5,1.6666666666666667
0.07218347138066328,0.5714285714285714,0.7678356452937067,0.6,3,23,16,0.6956521739130435,0.025,office0,mean_owner_entropy_size_residual,sidecar_strict_association,0.8,4,5,1.3333333333333335
0.1970040991224865,0.7410714285714286,0.89265627303553,0.6,3,23,16,0.6956521739130435,0.025,office0,voxel_second_region_size_residual,sidecar_strict_association,1.0,5,5,1.6666666666666667
0.146894583296185,0.658695652173913,0.843864280265882,0.5714285714285714,4,33,23,0.696969696969697,0.025,office0,voxel_majority_entropy,sidecar_conservative_unified,0.8571428571428571,6,7,1.5
0.1964853695234633,0.7739130434782608,0.8934550664931603,0.2857142857142857,2,33,23,0.696969696969697,0.025,office0,voxel_vote_entropy,sidecar_conservative_unified,1.0,7,7,3.5
0.07047471231749058,0.6217391304347826,0.7674444092871876,0.2857142857142857,2,33,23,0.696969696969697,0.025,office0,voxel_mean_disagreement,sidecar_conservative_unified,0.5714285714285714,4,7,2.0
-0.05315205612073948,0.4608695652173913,0.6438176408489575,0.5714285714285714,4,33,23,0.696969696969697,0.025,office0,voxel_second_region,sidecar_conservative_unified,0.42857142857142855,3,7,0.75
0.1633622177703684,0.6760869565217391,0.8603319147400654,0.5714285714285714,4,33,23,0.696969696969697,0.025,office0,voxel_second_fraction,sidecar_conservative_unified,1.0,7,7,1.75
0.01636720767155564,0.558695652173913,0.7133369046412527,0.2857142857142857,2,33,23,0.696969696969697,0.025,office0,fragmentation,sidecar_conservative_unified,0.7142857142857143,5,7,2.5
0.09351631714331954,0.5978260869565217,0.7904860141130166,0.42857142857142855,3,33,23,0.696969696969697,0.025,office0,pair_conflict,sidecar_conservative_unified,0.8571428571428571,6,7,2.0
0.27667984189723294,0.9565217391304348,0.97364953886693,0.0,0,33,23,0.696969696969697,0.025,office0,nonspatial_owner_label_entropy,sidecar_conservative_unified,1.0,7,7,
0.017622122073596036,0.5804347826086956,0.714591819043293,0.5714285714285714,4,33,23,0.696969696969697,0.025,office0,frozen_semantic_max,sidecar_conservative_unified,0.7142857142857143,5,7,1.25
-0.022765371194412576,0.5130434782608696,0.6742043257752844,0.5714285714285714,4,33,23,0.696969696969697,0.025,office0,frozen_combined_max,sidecar_conservative_unified,0.7142857142857143,5,7,1.25
0.14790494667833465,0.6869565217391305,0.8448746436480317,0.42857142857142855,3,33,23,0.696969696969697,0.025,office0,framebalanced_majority_entropy,sidecar_conservative_unified,0.8571428571428571,6,7,2.0
0.27045925089403333,0.9130434782608696,0.9674289478637303,0.2857142857142857,2,33,23,0.696969696969697,0.025,office0,framebalanced_mean_disagreement,sidecar_conservative_unified,1.0,7,7,3.5
-0.06159187602753369,0.46956521739130436,0.6353778209421633,0.42857142857142855,3,33,23,0.696969696969697,0.025,office0,persistent_conflict_fraction,sidecar_conservative_unified,0.42857142857142855,3,7,1.0
0.09724182822008909,0.5782608695652174,0.7942115251897861,0.5714285714285714,4,33,23,0.696969696969697,0.025,office0,multi_owner_voxel_fraction,sidecar_conservative_unified,0.8571428571428571,6,7,1.5
0.06672269901170158,0.5478260869565217,0.7636923959813986,0.5714285714285714,4,33,23,0.696969696969697,0.025,office0,mean_owner_entropy,sidecar_conservative_unified,0.8571428571428571,6,7,1.5
-0.04925536298702282,0.3695652173913044,0.6477143339826742,0.5714285714285714,4,33,23,0.696969696969697,0.025,office0,foreign_owner_link_fraction,sidecar_conservative_unified,0.5714285714285714,4,7,1.0
0.027036884634138558,0.5521739130434782,0.7240065816038356,0.5714285714285714,4,33,23,0.696969696969697,0.025,office0,semantic_mean,sidecar_conservative_unified,0.42857142857142855,3,7,0.75
0.1018048310503552,0.6043478260869566,0.7987745280200522,0.5714285714285714,4,33,23,0.696969696969697,0.025,office0,combined_mean,sidecar_conservative_unified,0.7142857142857143,5,7,1.25
0.04785283017018804,0.5826086956521739,0.7448225271398851,0.5714285714285714,4,33,23,0.696969696969697,0.025,office0,combined_top2_mean,sidecar_conservative_unified,0.8571428571428571,6,7,1.5
0.15918582407208048,0.6869565217391305,0.8561555210417775,0.5714285714285714,4,33,23,0.696969696969697,0.025,office0,framebalanced_semantic_mean,sidecar_conservative_unified,1.0,7,7,1.75
0.050284799741321495,0.5195652173913043,0.7472544967110185,0.5714285714285714,4,33,23,0.696969696969697,0.025,office0,owner_overlap_mean,sidecar_conservative_unified,0.8571428571428571,6,7,1.5
0.29932834965916255,0.9934782608695651,0.9962980466288596,0.0,0,33,23,0.696969696969697,0.025,office0,size_num_detections,sidecar_conservative_unified,1.0,7,7,
0.13749864037174486,0.6804347826086956,0.8344683373414419,0.42857142857142855,3,33,23,0.696969696969697,0.025,office0,size_object_voxels,sidecar_conservative_unified,0.8571428571428571,6,7,2.0
0.1204559754444805,0.5826086956521739,0.8174256724141775,0.5714285714285714,4,33,23,0.696969696969697,0.025,office0,framebalanced_mean_disagreement_size_residual,sidecar_conservative_unified,1.0,7,7,1.75
-0.007730277709507294,0.4565217391304347,0.6892394192601897,0.8571428571428571,6,33,23,0.696969696969697,0.025,office0,framebalanced_majority_entropy_size_residual,sidecar_conservative_unified,0.5714285714285714,4,7,0.6666666666666666
0.06506554816063947,0.4956521739130434,0.7620352451303365,0.8571428571428571,6,33,23,0.696969696969697,0.025,office0,mean_owner_entropy_size_residual,sidecar_conservative_unified,0.8571428571428571,6,7,1.0
-0.02429328713852774,0.5,0.6726764098311693,0.42857142857142855,3,33,23,0.696969696969697,0.025,office0,voxel_second_region_size_residual,sidecar_conservative_unified,0.42857142857142855,3,7,1.0
0.31598998548559964,0.8240740740740741,0.8614445309401451,0.14285714285714285,1,33,18,0.5454545454545454,0.025,office0,voxel_majority_entropy,sidecar_conservative_mask,0.8571428571428571,6,7,6.0
0.2307109299369362,0.7555555555555555,0.7761654753914816,0.14285714285714285,1,33,18,0.5454545454545454,0.025,office0,voxel_vote_entropy,sidecar_conservative_mask,0.7142857142857143,5,7,5.0
0.1851462867007243,0.7222222222222222,0.7306008321552697,0.14285714285714285,1,33,18,0.5454545454545454,0.025,office0,voxel_mean_disagreement,sidecar_conservative_mask,0.5714285714285714,4,7,4.0
0.0569622706238222,0.6518518518518518,0.6024168160783676,0.14285714285714285,1,33,18,0.5454545454545454,0.025,office0,voxel_second_region,sidecar_conservative_mask,0.42857142857142855,3,7,3.0
0.3369793133124336,0.8388888888888888,0.882433858766979,0.14285714285714285,1,33,18,0.5454545454545454,0.025,office0,voxel_second_fraction,sidecar_conservative_mask,1.0,7,7,7.0
0.10508873842207167,0.6703703703703704,0.6505432838766171,0.0,0,33,18,0.5454545454545454,0.025,office0,fragmentation,sidecar_conservative_mask,0.7142857142857143,5,7,
0.1875989426428024,0.662962962962963,0.7330534880973478,0.14285714285714285,1,33,18,0.5454545454545454,0.025,office0,pair_conflict,sidecar_conservative_mask,0.8571428571428571,6,7,6.0
0.228618152573261,0.8500000000000001,0.7740726980278064,0.0,0,33,18,0.5454545454545454,0.025,office0,nonspatial_owner_label_entropy,sidecar_conservative_mask,0.7142857142857143,5,7,
0.1424162583966505,0.7314814814814814,0.6878708038511959,0.14285714285714285,1,33,18,0.5454545454545454,0.025,office0,frozen_semantic_max,sidecar_conservative_mask,0.7142857142857143,5,7,5.0
0.09524499647048679,0.6851851851851851,0.6406995419250322,0.14285714285714285,1,33,18,0.5454545454545454,0.025,office0,frozen_combined_max,sidecar_conservative_mask,0.7142857142857143,5,7,5.0
0.3114302593404761,0.8333333333333333,0.8568848047950215,0.0,0,33,18,0.5454545454545454,0.025,office0,framebalanced_majority_entropy,sidecar_conservative_mask,0.8571428571428571,6,7,
0.3743897623799586,0.8962962962962961,0.919844307834504,0.14285714285714285,1,33,18,0.5454545454545454,0.025,office0,framebalanced_mean_disagreement,sidecar_conservative_mask,1.0,7,7,7.0
0.027118206965988212,0.6092592592592593,0.5725727524205336,0.0,0,33,18,0.5454545454545454,0.025,office0,persistent_conflict_fraction,sidecar_conservative_mask,0.42857142857142855,3,7,
0.129656685906686,0.6111111111111112,0.6751112313612314,0.14285714285714285,1,33,18,0.5454545454545454,0.025,office0,multi_owner_voxel_fraction,sidecar_conservative_mask,0.7142857142857143,5,7,5.0
0.10551934448993272,0.5888888888888889,0.6509738899444781,0.14285714285714285,1,33,18,0.5454545454545454,0.025,office0,mean_owner_entropy,sidecar_conservative_mask,0.7142857142857143,5,7,5.0
0.03208368142578677,0.5074074074074074,0.5775382268803322,0.14285714285714285,1,33,18,0.5454545454545454,0.025,office0,foreign_owner_link_fraction,sidecar_conservative_mask,0.5714285714285714,4,7,4.0
0.1522439321562129,0.7092592592592593,0.6976984776107583,0.14285714285714285,1,33,18,0.5454545454545454,0.025,office0,semantic_mean,sidecar_conservative_mask,0.42857142857142855,3,7,3.0
0.2468630751964087,0.7444444444444445,0.7923176206509541,0.14285714285714285,1,33,18,0.5454545454545454,0.025,office0,combined_mean,sidecar_conservative_mask,0.7142857142857143,5,7,5.0
0.1791523545445115,0.7333333333333334,0.7246068999990569,0.14285714285714285,1,33,18,0.5454545454545454,0.025,office0,combined_top2_mean,sidecar_conservative_mask,0.8571428571428571,6,7,6.0
0.3151453771164815,0.8111111111111111,0.8605999225710269,0.14285714285714285,1,33,18,0.5454545454545454,0.025,office0,framebalanced_semantic_mean,sidecar_conservative_mask,1.0,7,7,7.0
0.10736925111925122,0.5777777777777778,0.6528237965737966,0.14285714285714285,1,33,18,0.5454545454545454,0.025,office0,owner_overlap_mean,sidecar_conservative_mask,0.7142857142857143,5,7,5.0
0.4188844878795861,0.9555555555555555,0.9643390333341315,0.0,0,33,18,0.5454545454545454,0.025,office0,size_num_detections,sidecar_conservative_mask,1.0,7,7,
0.2756734262648024,0.7888888888888889,0.8211279717193478,0.14285714285714285,1,33,18,0.5454545454545454,0.025,office0,size_object_voxels,sidecar_conservative_mask,0.8571428571428571,6,7,6.0
0.15069666590968256,0.6037037037037037,0.696151211364228,0.2857142857142857,2,33,18,0.5454545454545454,0.025,office0,framebalanced_mean_disagreement_size_residual,sidecar_conservative_mask,0.7142857142857143,5,7,2.5
0.111522402780311,0.6444444444444444,0.6569769482348564,0.2857142857142857,2,33,18,0.5454545454545454,0.025,office0,framebalanced_majority_entropy_size_residual,sidecar_conservative_mask,0.5714285714285714,4,7,2.0
0.08612317092037214,0.5222222222222223,0.6315777163749176,0.5714285714285714,4,33,18,0.5454545454545454,0.025,office0,mean_owner_entropy_size_residual,sidecar_conservative_mask,0.7142857142857143,5,7,1.25
0.07532219270968321,0.6370370370370371,0.6207767381642286,0.14285714285714285,1,33,18,0.5454545454545454,0.025,office0,voxel_second_region_size_residual,sidecar_conservative_mask,0.42857142857142855,3,7,3.0
0.212406204906205,0.7714285714285715,0.8942243867243868,0.4,2,22,15,0.6818181818181818,0.025,office0,voxel_majority_entropy,sidecar_conservative_association,1.0,5,5,2.5
0.04298721746090173,0.5,0.7248053992790835,0.6,3,22,15,0.6818181818181818,0.025,office0,voxel_vote_entropy,sidecar_conservative_association,0.6,3,5,1.0
0.11307599807599811,0.661904761904762,0.7948941798941799,0.6,3,22,15,0.6818181818181818,0.025,office0,voxel_mean_disagreement,sidecar_conservative_association,0.8,4,5,1.3333333333333335
0.23830808080808075,0.8285714285714285,0.9201262626262625,0.4,2,22,15,0.6818181818181818,0.025,office0,voxel_second_region,sidecar_conservative_association,1.0,5,5,2.5
0.23164141414141415,0.8095238095238095,0.9134595959595959,0.4,2,22,15,0.6818181818181818,0.025,office0,voxel_second_fraction,sidecar_conservative_association,1.0,5,5,2.5
0.11786676286676279,0.7047619047619049,0.7996849446849446,0.2,1,22,15,0.6818181818181818,0.025,office0,fragmentation,sidecar_conservative_association,0.8,4,5,4.0
0.06535612535612545,0.6190476190476191,0.7471743071743072,0.4,2,22,15,0.6818181818181818,0.025,office0,pair_conflict,sidecar_conservative_association,0.8,4,5,2.0
-0.012177082177082243,0.4904761904761905,0.6696410996410995,0.6,3,22,15,0.6818181818181818,0.025,office0,nonspatial_owner_label_entropy,sidecar_conservative_association,0.6,3,5,1.0
0.18369260369260376,0.7333333333333334,0.8655107855107855,0.4,2,22,15,0.6818181818181818,0.025,office0,frozen_semantic_max,sidecar_conservative_association,0.8,4,5,2.0
0.11033104150751216,0.6571428571428573,0.7921492233256939,0.4,2,22,15,0.6818181818181818,0.025,office0,frozen_combined_max,sidecar_conservative_association,0.8,4,5,2.0
0.212406204906205,0.7714285714285715,0.8942243867243868,0.4,2,22,15,0.6818181818181818,0.025,office0,framebalanced_majority_entropy,sidecar_conservative_association,1.0,5,5,2.5
0.06643578643578651,0.6238095238095238,0.7482539682539683,0.6,3,22,15,0.6818181818181818,0.025,office0,framebalanced_mean_disagreement,sidecar_conservative_association,0.8,4,5,1.3333333333333335
0.11042261659908714,0.6666666666666667,0.7922407984172689,0.4,2,22,15,0.6818181818181818,0.025,office0,persistent_conflict_fraction,sidecar_conservative_association,0.8,4,5,2.0
0.03048118548118539,0.5619047619047619,0.7122993672993672,0.4,2,22,15,0.6818181818181818,0.025,office0,multi_owner_voxel_fraction,sidecar_conservative_association,0.6,3,5,1.4999999999999998
0.04635420135420132,0.5619047619047619,0.7281723831723831,0.4,2,22,15,0.6818181818181818,0.025,office0,mean_owner_entropy,sidecar_conservative_association,0.6,3,5,1.4999999999999998
0.1488145188145188,0.6666666666666667,0.8306327006327006,0.4,2,22,15,0.6818181818181818,0.025,office0,foreign_owner_link_fraction,sidecar_conservative_association,1.0,5,5,2.5
0.1907252932252933,0.742857142857143,0.8725434750434751,0.4,2,22,15,0.6818181818181818,0.025,office0,semantic_mean,sidecar_conservative_association,1.0,5,5,2.5
0.17525741143388196,0.7333333333333334,0.8570755932520637,0.4,2,22,15,0.6818181818181818,0.025,office0,combined_mean,sidecar_conservative_association,0.8,4,5,2.0
0.09274325891972945,0.6904761904761905,0.7745614407379112,0.4,2,22,15,0.6818181818181818,0.025,office0,combined_top2_mean,sidecar_conservative_association,0.8,4,5,2.0
0.16936387686387688,0.7238095238095238,0.8511820586820587,0.4,2,22,15,0.6818181818181818,0.025,office0,framebalanced_semantic_mean,sidecar_conservative_association,0.8,4,5,2.0
0.08532245532245519,0.6,0.767140637140637,0.4,2,22,15,0.6818181818181818,0.025,office0,owner_overlap_mean,sidecar_conservative_association,0.6,3,5,1.4999999999999998
0.17780232839056376,0.8,0.8596205102087455,0.0,0,22,15,0.6818181818181818,0.025,office0,size_num_detections,sidecar_conservative_association,0.8,4,5,
0.13297976705097447,0.6761904761904762,0.8147979488691562,0.4,2,22,15,0.6818181818181818,0.025,office0,size_object_voxels,sidecar_conservative_association,0.8,4,5,2.0
0.027904799878484154,0.4476190476190477,0.7097229816966659,0.8,4,22,15,0.6818181818181818,0.025,office0,framebalanced_mean_disagreement_size_residual,sidecar_conservative_association,0.6,3,5,0.7499999999999999
0.16901729849098268,0.6476190476190475,0.8508354803091644,0.6,3,22,15,0.6818181818181818,0.025,office0,framebalanced_majority_entropy_size_residual,sidecar_conservative_association,1.0,5,5,1.6666666666666667
0.06480537980537981,0.5523809523809524,0.7466235616235616,0.6,3,22,15,0.6818181818181818,0.025,office0,mean_owner_entropy_size_residual,sidecar_conservative_association,0.6,3,5,1.0
0.23515427554901247,0.8095238095238095,0.9169724573671942,0.4,2,22,15,0.6818181818181818,0.025,office0,voxel_second_region_size_residual,sidecar_conservative_association,1.0,5,5,2.5
0.31666666666666654,0.8333333333333333,0.9166666666666665,0.0,0,5,3,0.6,0.025,office0,voxel_majority_entropy,geometry_partition_2cm,1.0,1,1,
0.31666666666666654,0.8333333333333333,0.9166666666666665,0.0,0,5,3,0.6,0.025,office0,voxel_vote_entropy,geometry_partition_2cm,1.0,1,1,
0.4,1.0,1.0,0.0,0,5,3,0.6,0.025,office0,voxel_mean_disagreement,geometry_partition_2cm,1.0,1,1,
0.2055555555555556,0.6666666666666666,0.8055555555555556,0.0,0,5,3,0.6,0.025,office0,voxel_second_region,geometry_partition_2cm,1.0,1,1,
0.31666666666666654,0.8333333333333333,0.9166666666666665,0.0,0,5,3,0.6,0.025,office0,voxel_second_fraction,geometry_partition_2cm,1.0,1,1,
0.2666666666666667,0.8333333333333333,0.8666666666666667,0.0,0,5,3,0.6,0.025,office0,fragmentation,geometry_partition_2cm,1.0,1,1,
0.4,1.0,1.0,0.0,0,5,3,0.6,0.025,office0,pair_conflict,geometry_partition_2cm,1.0,1,1,
0.2666666666666667,0.8333333333333333,0.8666666666666667,0.0,0,5,3,0.6,0.025,office0,nonspatial_owner_label_entropy,geometry_partition_2cm,1.0,1,1,
0.31666666666666654,0.8333333333333333,0.9166666666666665,0.0,0,5,3,0.6,0.025,office0,frozen_semantic_max,geometry_partition_2cm,1.0,1,1,
0.4,1.0,1.0,0.0,0,5,3,0.6,0.025,office0,frozen_combined_max,geometry_partition_2cm,1.0,1,1,
0.4,1.0,1.0,0.0,0,5,3,0.6,0.025,office0,framebalanced_majority_entropy,geometry_partition_2cm,1.0,1,1,
0.4,1.0,1.0,0.0,0,5,3,0.6,0.025,office0,framebalanced_mean_disagreement,geometry_partition_2cm,1.0,1,1,
0.03888888888888886,0.5,0.6388888888888888,0.0,0,5,3,0.6,0.025,office0,persistent_conflict_fraction,geometry_partition_2cm,0.0,0,1,
0.4,1.0,1.0,0.0,0,5,3,0.6,0.025,office0,multi_owner_voxel_fraction,geometry_partition_2cm,1.0,1,1,
0.4,1.0,1.0,0.0,0,5,3,0.6,0.025,office0,mean_owner_entropy,geometry_partition_2cm,1.0,1,1,
0.31666666666666654,0.8333333333333333,0.9166666666666665,0.0,0,5,3,0.6,0.025,office0,foreign_owner_link_fraction,geometry_partition_2cm,1.0,1,1,
0.31666666666666654,0.8333333333333333,0.9166666666666665,0.0,0,5,3,0.6,0.025,office0,semantic_mean,geometry_partition_2cm,1.0,1,1,
0.4,1.0,1.0,0.0,0,5,3,0.6,0.025,office0,combined_mean,geometry_partition_2cm,1.0,1,1,
0.4,1.0,1.0,0.0,0,5,3,0.6,0.025,office0,combined_top2_mean,geometry_partition_2cm,1.0,1,1,
0.31666666666666654,0.8333333333333333,0.9166666666666665,0.0,0,5,3,0.6,0.025,office0,framebalanced_semantic_mean,geometry_partition_2cm,1.0,1,1,
0.4,1.0,1.0,0.0,0,5,3,0.6,0.025,office0,owner_overlap_mean,geometry_partition_2cm,1.0,1,1,
0.4,1.0,1.0,0.0,0,5,3,0.6,0.025,office0,size_num_detections,geometry_partition_2cm,1.0,1,1,
0.4,1.0,1.0,0.0,0,5,3,0.6,0.025,office0,size_object_voxels,geometry_partition_2cm,1.0,1,1,
0.31666666666666654,0.8333333333333333,0.9166666666666665,0.0,0,5,3,0.6,0.025,office0,framebalanced_mean_disagreement_size_residual,geometry_partition_2cm,1.0,1,1,
0.2666666666666667,0.6666666666666666,0.8666666666666667,1.0,1,5,3,0.6,0.025,office0,framebalanced_majority_entropy_size_residual,geometry_partition_2cm,1.0,1,1,1.0
0.4,1.0,1.0,0.0,0,5,3,0.6,0.025,office0,mean_owner_entropy_size_residual,geometry_partition_2cm,1.0,1,1,
-0.011111111111111072,0.3333333333333333,0.5888888888888889,1.0,1,5,3,0.6,0.025,office0,voxel_second_region_size_residual,geometry_partition_2cm,0.0,0,1,0.0
0.35,0.6666666666666667,0.75,0.0,0,5,2,0.4,0.025,office0,voxel_majority_entropy,geometry_overmerge_2cm,1.0,1,1,
0.09999999999999998,0.5,0.5,0.0,0,5,2,0.4,0.025,office0,voxel_vote_entropy,geometry_overmerge_2cm,0.0,0,1,
0.18333333333333324,0.6666666666666667,0.5833333333333333,0.0,0,5,2,0.4,0.025,office0,voxel_mean_disagreement,geometry_overmerge_2cm,0.0,0,1,
0.35,0.6666666666666667,0.75,0.0,0,5,2,0.4,0.025,office0,voxel_second_region,geometry_overmerge_2cm,1.0,1,1,
0.09999999999999998,0.5,0.5,0.0,0,5,2,0.4,0.025,office0,voxel_second_fraction,geometry_overmerge_2cm,0.0,0,1,
0.6,1.0,1.0,0.0,0,5,2,0.4,0.025,office0,fragmentation,geometry_overmerge_2cm,1.0,1,1,
0.18333333333333324,0.7500000000000001,0.5833333333333333,0.0,0,5,2,0.4,0.025,office0,pair_conflict,geometry_overmerge_2cm,0.0,0,1,
0.04999999999999999,0.5,0.45,0.0,0,5,2,0.4,0.025,office0,nonspatial_owner_label_entropy,geometry_overmerge_2cm,0.0,0,1,
0.09999999999999998,0.5,0.5,0.0,0,5,2,0.4,0.025,office0,frozen_semantic_max,geometry_overmerge_2cm,0.0,0,1,
0.18333333333333324,0.7500000000000001,0.5833333333333333,0.0,0,5,2,0.4,0.025,office0,frozen_combined_max,geometry_overmerge_2cm,0.0,0,1,
0.43333333333333324,0.8333333333333334,0.8333333333333333,0.0,0,5,2,0.4,0.025,office0,framebalanced_majority_entropy,geometry_overmerge_2cm,1.0,1,1,
0.18333333333333324,0.6666666666666667,0.5833333333333333,0.0,0,5,2,0.4,0.025,office0,framebalanced_mean_disagreement,geometry_overmerge_2cm,0.0,0,1,
0.016666666666666607,0.33333333333333337,0.41666666666666663,0.0,0,5,2,0.4,0.025,office0,persistent_conflict_fraction,geometry_overmerge_2cm,0.0,0,1,
0.18333333333333324,0.6666666666666667,0.5833333333333333,0.0,0,5,2,0.4,0.025,office0,multi_owner_voxel_fraction,geometry_overmerge_2cm,0.0,0,1,
0.43333333333333324,0.8333333333333334,0.8333333333333333,0.0,0,5,2,0.4,0.025,office0,mean_owner_entropy,geometry_overmerge_2cm,1.0,1,1,
0.09999999999999998,0.5,0.5,0.0,0,5,2,0.4,0.025,office0,foreign_owner_link_fraction,geometry_overmerge_2cm,0.0,0,1,
0.09999999999999998,0.5,0.5,0.0,0,5,2,0.4,0.025,office0,semantic_mean,geometry_overmerge_2cm,0.0,0,1,
0.6,1.0,1.0,0.0,0,5,2,0.4,0.025,office0,combined_mean,geometry_overmerge_2cm,1.0,1,1,
0.6,1.0,1.0,0.0,0,5,2,0.4,0.025,office0,combined_top2_mean,geometry_overmerge_2cm,1.0,1,1,
0.09999999999999998,0.5,0.5,0.0,0,5,2,0.4,0.025,office0,framebalanced_semantic_mean,geometry_overmerge_2cm,0.0,0,1,
0.18333333333333324,0.6666666666666667,0.5833333333333333,0.0,0,5,2,0.4,0.025,office0,owner_overlap_mean,geometry_overmerge_2cm,0.0,0,1,
0.6,1.0,1.0,0.0,0,5,2,0.4,0.025,office0,size_num_detections,geometry_overmerge_2cm,1.0,1,1,
0.6,1.0,1.0,0.0,0,5,2,0.4,0.025,office0,size_object_voxels,geometry_overmerge_2cm,1.0,1,1,
0.09999999999999998,0.5,0.5,0.0,0,5,2,0.4,0.025,office0,framebalanced_mean_disagreement_size_residual,geometry_overmerge_2cm,0.0,0,1,
0.04999999999999999,0.33333333333333337,0.45,1.0,1,5,2,0.4,0.025,office0,framebalanced_majority_entropy_size_residual,geometry_overmerge_2cm,0.0,0,1,0.0
0.43333333333333324,0.8333333333333334,0.8333333333333333,0.0,0,5,2,0.4,0.025,office0,mean_owner_entropy_size_residual,geometry_overmerge_2cm,1.0,1,1,
-0.033333333333333326,0.16666666666666669,0.3666666666666667,1.0,1,5,2,0.4,0.025,office0,voxel_second_region_size_residual,geometry_overmerge_2cm,0.0,0,1,0.0
0.31666666666666654,0.8333333333333333,0.9166666666666665,0.0,0,5,3,0.6,0.025,office0,voxel_majority_entropy,geometry_partition_5cm,1.0,1,1,
0.31666666666666654,0.8333333333333333,0.9166666666666665,0.0,0,5,3,0.6,0.025,office0,voxel_vote_entropy,geometry_partition_5cm,1.0,1,1,
0.4,1.0,1.0,0.0,0,5,3,0.6,0.025,office0,voxel_mean_disagreement,geometry_partition_5cm,1.0,1,1,
0.2055555555555556,0.6666666666666666,0.8055555555555556,0.0,0,5,3,0.6,0.025,office0,voxel_second_region,geometry_partition_5cm,1.0,1,1,
0.31666666666666654,0.8333333333333333,0.9166666666666665,0.0,0,5,3,0.6,0.025,office0,voxel_second_fraction,geometry_partition_5cm,1.0,1,1,
0.2666666666666667,0.8333333333333333,0.8666666666666667,0.0,0,5,3,0.6,0.025,office0,fragmentation,geometry_partition_5cm,1.0,1,1,
0.4,1.0,1.0,0.0,0,5,3,0.6,0.025,office0,pair_conflict,geometry_partition_5cm,1.0,1,1,
0.2666666666666667,0.8333333333333333,0.8666666666666667,0.0,0,5,3,0.6,0.025,office0,nonspatial_owner_label_entropy,geometry_partition_5cm,1.0,1,1,
0.31666666666666654,0.8333333333333333,0.9166666666666665,0.0,0,5,3,0.6,0.025,office0,frozen_semantic_max,geometry_partition_5cm,1.0,1,1,
0.4,1.0,1.0,0.0,0,5,3,0.6,0.025,office0,frozen_combined_max,geometry_partition_5cm,1.0,1,1,
0.4,1.0,1.0,0.0,0,5,3,0.6,0.025,office0,framebalanced_majority_entropy,geometry_partition_5cm,1.0,1,1,
0.4,1.0,1.0,0.0,0,5,3,0.6,0.025,office0,framebalanced_mean_disagreement,geometry_partition_5cm,1.0,1,1,
0.03888888888888886,0.5,0.6388888888888888,0.0,0,5,3,0.6,0.025,office0,persistent_conflict_fraction,geometry_partition_5cm,0.0,0,1,
0.4,1.0,1.0,0.0,0,5,3,0.6,0.025,office0,multi_owner_voxel_fraction,geometry_partition_5cm,1.0,1,1,
0.4,1.0,1.0,0.0,0,5,3,0.6,0.025,office0,mean_owner_entropy,geometry_partition_5cm,1.0,1,1,
0.31666666666666654,0.8333333333333333,0.9166666666666665,0.0,0,5,3,0.6,0.025,office0,foreign_owner_link_fraction,geometry_partition_5cm,1.0,1,1,
0.31666666666666654,0.8333333333333333,0.9166666666666665,0.0,0,5,3,0.6,0.025,office0,semantic_mean,geometry_partition_5cm,1.0,1,1,
0.4,1.0,1.0,0.0,0,5,3,0.6,0.025,office0,combined_mean,geometry_partition_5cm,1.0,1,1,
0.4,1.0,1.0,0.0,0,5,3,0.6,0.025,office0,combined_top2_mean,geometry_partition_5cm,1.0,1,1,
0.31666666666666654,0.8333333333333333,0.9166666666666665,0.0,0,5,3,0.6,0.025,office0,framebalanced_semantic_mean,geometry_partition_5cm,1.0,1,1,
0.4,1.0,1.0,0.0,0,5,3,0.6,0.025,office0,owner_overlap_mean,geometry_partition_5cm,1.0,1,1,
0.4,1.0,1.0,0.0,0,5,3,0.6,0.025,office0,size_num_detections,geometry_partition_5cm,1.0,1,1,
0.4,1.0,1.0,0.0,0,5,3,0.6,0.025,office0,size_object_voxels,geometry_partition_5cm,1.0,1,1,
0.31666666666666654,0.8333333333333333,0.9166666666666665,0.0,0,5,3,0.6,0.025,office0,framebalanced_mean_disagreement_size_residual,geometry_partition_5cm,1.0,1,1,
0.2666666666666667,0.6666666666666666,0.8666666666666667,1.0,1,5,3,0.6,0.025,office0,framebalanced_majority_entropy_size_residual,geometry_partition_5cm,1.0,1,1,1.0
0.4,1.0,1.0,0.0,0,5,3,0.6,0.025,office0,mean_owner_entropy_size_residual,geometry_partition_5cm,1.0,1,1,
-0.011111111111111072,0.3333333333333333,0.5888888888888889,1.0,1,5,3,0.6,0.025,office0,voxel_second_region_size_residual,geometry_partition_5cm,0.0,0,1,0.0
0.35,0.6666666666666667,0.75,0.0,0,5,2,0.4,0.025,office0,voxel_majority_entropy,geometry_overmerge_5cm,1.0,1,1,
0.09999999999999998,0.5,0.5,0.0,0,5,2,0.4,0.025,office0,voxel_vote_entropy,geometry_overmerge_5cm,0.0,0,1,
0.18333333333333324,0.6666666666666667,0.5833333333333333,0.0,0,5,2,0.4,0.025,office0,voxel_mean_disagreement,geometry_overmerge_5cm,0.0,0,1,
0.35,0.6666666666666667,0.75,0.0,0,5,2,0.4,0.025,office0,voxel_second_region,geometry_overmerge_5cm,1.0,1,1,
0.09999999999999998,0.5,0.5,0.0,0,5,2,0.4,0.025,office0,voxel_second_fraction,geometry_overmerge_5cm,0.0,0,1,
0.6,1.0,1.0,0.0,0,5,2,0.4,0.025,office0,fragmentation,geometry_overmerge_5cm,1.0,1,1,
0.18333333333333324,0.7500000000000001,0.5833333333333333,0.0,0,5,2,0.4,0.025,office0,pair_conflict,geometry_overmerge_5cm,0.0,0,1,
0.04999999999999999,0.5,0.45,0.0,0,5,2,0.4,0.025,office0,nonspatial_owner_label_entropy,geometry_overmerge_5cm,0.0,0,1,
0.09999999999999998,0.5,0.5,0.0,0,5,2,0.4,0.025,office0,frozen_semantic_max,geometry_overmerge_5cm,0.0,0,1,
0.18333333333333324,0.7500000000000001,0.5833333333333333,0.0,0,5,2,0.4,0.025,office0,frozen_combined_max,geometry_overmerge_5cm,0.0,0,1,
0.43333333333333324,0.8333333333333334,0.8333333333333333,0.0,0,5,2,0.4,0.025,office0,framebalanced_majority_entropy,geometry_overmerge_5cm,1.0,1,1,
0.18333333333333324,0.6666666666666667,0.5833333333333333,0.0,0,5,2,0.4,0.025,office0,framebalanced_mean_disagreement,geometry_overmerge_5cm,0.0,0,1,
0.016666666666666607,0.33333333333333337,0.41666666666666663,0.0,0,5,2,0.4,0.025,office0,persistent_conflict_fraction,geometry_overmerge_5cm,0.0,0,1,
0.18333333333333324,0.6666666666666667,0.5833333333333333,0.0,0,5,2,0.4,0.025,office0,multi_owner_voxel_fraction,geometry_overmerge_5cm,0.0,0,1,
0.43333333333333324,0.8333333333333334,0.8333333333333333,0.0,0,5,2,0.4,0.025,office0,mean_owner_entropy,geometry_overmerge_5cm,1.0,1,1,
0.09999999999999998,0.5,0.5,0.0,0,5,2,0.4,0.025,office0,foreign_owner_link_fraction,geometry_overmerge_5cm,0.0,0,1,
0.09999999999999998,0.5,0.5,0.0,0,5,2,0.4,0.025,office0,semantic_mean,geometry_overmerge_5cm,0.0,0,1,
0.6,1.0,1.0,0.0,0,5,2,0.4,0.025,office0,combined_mean,geometry_overmerge_5cm,1.0,1,1,
0.6,1.0,1.0,0.0,0,5,2,0.4,0.025,office0,combined_top2_mean,geometry_overmerge_5cm,1.0,1,1,
0.09999999999999998,0.5,0.5,0.0,0,5,2,0.4,0.025,office0,framebalanced_semantic_mean,geometry_overmerge_5cm,0.0,0,1,
0.18333333333333324,0.6666666666666667,0.5833333333333333,0.0,0,5,2,0.4,0.025,office0,owner_overlap_mean,geometry_overmerge_5cm,0.0,0,1,
0.6,1.0,1.0,0.0,0,5,2,0.4,0.025,office0,size_num_detections,geometry_overmerge_5cm,1.0,1,1,
0.6,1.0,1.0,0.0,0,5,2,0.4,0.025,office0,size_object_voxels,geometry_overmerge_5cm,1.0,1,1,
0.09999999999999998,0.5,0.5,0.0,0,5,2,0.4,0.025,office0,framebalanced_mean_disagreement_size_residual,geometry_overmerge_5cm,0.0,0,1,
0.04999999999999999,0.33333333333333337,0.45,1.0,1,5,2,0.4,0.025,office0,framebalanced_majority_entropy_size_residual,geometry_overmerge_5cm,0.0,0,1,0.0
0.43333333333333324,0.8333333333333334,0.8333333333333333,0.0,0,5,2,0.4,0.025,office0,mean_owner_entropy_size_residual,geometry_overmerge_5cm,1.0,1,1,
-0.033333333333333326,0.16666666666666669,0.3666666666666667,1.0,1,5,2,0.4,0.025,office0,voxel_second_region_size_residual,geometry_overmerge_5cm,0.0,0,1,0.0
0.31666666666666654,0.8333333333333333,0.9166666666666665,0.0,0,5,3,0.6,0.025,office0,voxel_majority_entropy,geometry_partition_7cm,1.0,1,1,
0.31666666666666654,0.8333333333333333,0.9166666666666665,0.0,0,5,3,0.6,0.025,office0,voxel_vote_entropy,geometry_partition_7cm,1.0,1,1,
0.4,1.0,1.0,0.0,0,5,3,0.6,0.025,office0,voxel_mean_disagreement,geometry_partition_7cm,1.0,1,1,
0.2055555555555556,0.6666666666666666,0.8055555555555556,0.0,0,5,3,0.6,0.025,office0,voxel_second_region,geometry_partition_7cm,1.0,1,1,
0.31666666666666654,0.8333333333333333,0.9166666666666665,0.0,0,5,3,0.6,0.025,office0,voxel_second_fraction,geometry_partition_7cm,1.0,1,1,
0.2666666666666667,0.8333333333333333,0.8666666666666667,0.0,0,5,3,0.6,0.025,office0,fragmentation,geometry_partition_7cm,1.0,1,1,
0.4,1.0,1.0,0.0,0,5,3,0.6,0.025,office0,pair_conflict,geometry_partition_7cm,1.0,1,1,
0.2666666666666667,0.8333333333333333,0.8666666666666667,0.0,0,5,3,0.6,0.025,office0,nonspatial_owner_label_entropy,geometry_partition_7cm,1.0,1,1,
0.31666666666666654,0.8333333333333333,0.9166666666666665,0.0,0,5,3,0.6,0.025,office0,frozen_semantic_max,geometry_partition_7cm,1.0,1,1,
0.4,1.0,1.0,0.0,0,5,3,0.6,0.025,office0,frozen_combined_max,geometry_partition_7cm,1.0,1,1,
0.4,1.0,1.0,0.0,0,5,3,0.6,0.025,office0,framebalanced_majority_entropy,geometry_partition_7cm,1.0,1,1,
0.4,1.0,1.0,0.0,0,5,3,0.6,0.025,office0,framebalanced_mean_disagreement,geometry_partition_7cm,1.0,1,1,
0.03888888888888886,0.5,0.6388888888888888,0.0,0,5,3,0.6,0.025,office0,persistent_conflict_fraction,geometry_partition_7cm,0.0,0,1,
0.4,1.0,1.0,0.0,0,5,3,0.6,0.025,office0,multi_owner_voxel_fraction,geometry_partition_7cm,1.0,1,1,
0.4,1.0,1.0,0.0,0,5,3,0.6,0.025,office0,mean_owner_entropy,geometry_partition_7cm,1.0,1,1,
0.31666666666666654,0.8333333333333333,0.9166666666666665,0.0,0,5,3,0.6,0.025,office0,foreign_owner_link_fraction,geometry_partition_7cm,1.0,1,1,
0.31666666666666654,0.8333333333333333,0.9166666666666665,0.0,0,5,3,0.6,0.025,office0,semantic_mean,geometry_partition_7cm,1.0,1,1,
0.4,1.0,1.0,0.0,0,5,3,0.6,0.025,office0,combined_mean,geometry_partition_7cm,1.0,1,1,
0.4,1.0,1.0,0.0,0,5,3,0.6,0.025,office0,combined_top2_mean,geometry_partition_7cm,1.0,1,1,
0.31666666666666654,0.8333333333333333,0.9166666666666665,0.0,0,5,3,0.6,0.025,office0,framebalanced_semantic_mean,geometry_partition_7cm,1.0,1,1,
0.4,1.0,1.0,0.0,0,5,3,0.6,0.025,office0,owner_overlap_mean,geometry_partition_7cm,1.0,1,1,
0.4,1.0,1.0,0.0,0,5,3,0.6,0.025,office0,size_num_detections,geometry_partition_7cm,1.0,1,1,
0.4,1.0,1.0,0.0,0,5,3,0.6,0.025,office0,size_object_voxels,geometry_partition_7cm,1.0,1,1,
0.31666666666666654,0.8333333333333333,0.9166666666666665,0.0,0,5,3,0.6,0.025,office0,framebalanced_mean_disagreement_size_residual,geometry_partition_7cm,1.0,1,1,
0.2666666666666667,0.6666666666666666,0.8666666666666667,1.0,1,5,3,0.6,0.025,office0,framebalanced_majority_entropy_size_residual,geometry_partition_7cm,1.0,1,1,1.0
0.4,1.0,1.0,0.0,0,5,3,0.6,0.025,office0,mean_owner_entropy_size_residual,geometry_partition_7cm,1.0,1,1,
-0.011111111111111072,0.3333333333333333,0.5888888888888889,1.0,1,5,3,0.6,0.025,office0,voxel_second_region_size_residual,geometry_partition_7cm,0.0,0,1,0.0
0.35,0.6666666666666667,0.75,0.0,0,5,2,0.4,0.025,office0,voxel_majority_entropy,geometry_overmerge_7cm,1.0,1,1,
0.09999999999999998,0.5,0.5,0.0,0,5,2,0.4,0.025,office0,voxel_vote_entropy,geometry_overmerge_7cm,0.0,0,1,
0.18333333333333324,0.6666666666666667,0.5833333333333333,0.0,0,5,2,0.4,0.025,office0,voxel_mean_disagreement,geometry_overmerge_7cm,0.0,0,1,
0.35,0.6666666666666667,0.75,0.0,0,5,2,0.4,0.025,office0,voxel_second_region,geometry_overmerge_7cm,1.0,1,1,
0.09999999999999998,0.5,0.5,0.0,0,5,2,0.4,0.025,office0,voxel_second_fraction,geometry_overmerge_7cm,0.0,0,1,
0.6,1.0,1.0,0.0,0,5,2,0.4,0.025,office0,fragmentation,geometry_overmerge_7cm,1.0,1,1,
0.18333333333333324,0.7500000000000001,0.5833333333333333,0.0,0,5,2,0.4,0.025,office0,pair_conflict,geometry_overmerge_7cm,0.0,0,1,
0.04999999999999999,0.5,0.45,0.0,0,5,2,0.4,0.025,office0,nonspatial_owner_label_entropy,geometry_overmerge_7cm,0.0,0,1,
0.09999999999999998,0.5,0.5,0.0,0,5,2,0.4,0.025,office0,frozen_semantic_max,geometry_overmerge_7cm,0.0,0,1,
0.18333333333333324,0.7500000000000001,0.5833333333333333,0.0,0,5,2,0.4,0.025,office0,frozen_combined_max,geometry_overmerge_7cm,0.0,0,1,
0.43333333333333324,0.8333333333333334,0.8333333333333333,0.0,0,5,2,0.4,0.025,office0,framebalanced_majority_entropy,geometry_overmerge_7cm,1.0,1,1,
0.18333333333333324,0.6666666666666667,0.5833333333333333,0.0,0,5,2,0.4,0.025,office0,framebalanced_mean_disagreement,geometry_overmerge_7cm,0.0,0,1,
0.016666666666666607,0.33333333333333337,0.41666666666666663,0.0,0,5,2,0.4,0.025,office0,persistent_conflict_fraction,geometry_overmerge_7cm,0.0,0,1,
0.18333333333333324,0.6666666666666667,0.5833333333333333,0.0,0,5,2,0.4,0.025,office0,multi_owner_voxel_fraction,geometry_overmerge_7cm,0.0,0,1,
0.43333333333333324,0.8333333333333334,0.8333333333333333,0.0,0,5,2,0.4,0.025,office0,mean_owner_entropy,geometry_overmerge_7cm,1.0,1,1,
0.09999999999999998,0.5,0.5,0.0,0,5,2,0.4,0.025,office0,foreign_owner_link_fraction,geometry_overmerge_7cm,0.0,0,1,
0.09999999999999998,0.5,0.5,0.0,0,5,2,0.4,0.025,office0,semantic_mean,geometry_overmerge_7cm,0.0,0,1,
0.6,1.0,1.0,0.0,0,5,2,0.4,0.025,office0,combined_mean,geometry_overmerge_7cm,1.0,1,1,
0.6,1.0,1.0,0.0,0,5,2,0.4,0.025,office0,combined_top2_mean,geometry_overmerge_7cm,1.0,1,1,
0.09999999999999998,0.5,0.5,0.0,0,5,2,0.4,0.025,office0,framebalanced_semantic_mean,geometry_overmerge_7cm,0.0,0,1,
0.18333333333333324,0.6666666666666667,0.5833333333333333,0.0,0,5,2,0.4,0.025,office0,owner_overlap_mean,geometry_overmerge_7cm,0.0,0,1,
0.6,1.0,1.0,0.0,0,5,2,0.4,0.025,office0,size_num_detections,geometry_overmerge_7cm,1.0,1,1,
0.6,1.0,1.0,0.0,0,5,2,0.4,0.025,office0,size_object_voxels,geometry_overmerge_7cm,1.0,1,1,
0.09999999999999998,0.5,0.5,0.0,0,5,2,0.4,0.025,office0,framebalanced_mean_disagreement_size_residual,geometry_overmerge_7cm,0.0,0,1,
0.04999999999999999,0.33333333333333337,0.45,1.0,1,5,2,0.4,0.025,office0,framebalanced_majority_entropy_size_residual,geometry_overmerge_7cm,0.0,0,1,0.0
0.43333333333333324,0.8333333333333334,0.8333333333333333,0.0,0,5,2,0.4,0.025,office0,mean_owner_entropy_size_residual,geometry_overmerge_7cm,1.0,1,1,
-0.033333333333333326,0.16666666666666669,0.3666666666666667,1.0,1,5,2,0.4,0.025,office0,voxel_second_region_size_residual,geometry_overmerge_7cm,0.0,0,1,0.0
-0.09091071270918272,0.35185185185185186,0.6363620145635446,0.7142857142857143,5,33,24,0.7272727272727273,0.05,office0,voxel_majority_entropy,sidecar_original_unified,0.42857142857142855,3,7,0.6
-0.1324499502221511,0.24537037037037035,0.5948227770505762,0.7142857142857143,5,33,24,0.7272727272727273,0.05,office0,voxel_vote_entropy,sidecar_original_unified,0.14285714285714285,1,7,0.19999999999999998
0.041461097588507245,0.5185185185185185,0.7687338248612345,0.5714285714285714,4,33,24,0.7272727272727273,0.05,office0,voxel_mean_disagreement,sidecar_original_unified,0.7142857142857143,5,7,1.25
-0.13509168176115272,0.2546296296296296,0.5921810455115746,0.7142857142857143,5,33,24,0.7272727272727273,0.05,office0,voxel_second_region,sidecar_original_unified,0.2857142857142857,2,7,0.39999999999999997
-0.029899617323087435,0.39351851851851855,0.6973731099496399,0.7142857142857143,5,33,24,0.7272727272727273,0.05,office0,voxel_second_fraction,sidecar_original_unified,0.5714285714285714,4,7,0.7999999999999999
0.03409090909090895,0.5625,0.7613636363636362,0.14285714285714285,1,33,24,0.7272727272727273,0.05,office0,fragmentation,sidecar_original_unified,1.0,7,7,7.0
0.11349506974506984,0.6226851851851851,0.8407677970177971,0.42857142857142855,3,33,24,0.7272727272727273,0.05,office0,pair_conflict,sidecar_original_unified,1.0,7,7,2.3333333333333335
0.2386363636363633,0.9375,0.9659090909090906,0.0,0,33,24,0.7272727272727273,0.05,office0,nonspatial_owner_label_entropy,sidecar_original_unified,1.0,7,7,
-0.08326563189599834,0.3680555555555556,0.644007095376729,0.7142857142857143,5,33,24,0.7272727272727273,0.05,office0,frozen_semantic_max,sidecar_original_unified,0.5714285714285714,4,7,0.7999999999999999
-0.030947152048158233,0.45138888888888895,0.6963255752245691,0.7142857142857143,5,33,24,0.7272727272727273,0.05,office0,frozen_combined_max,sidecar_original_unified,0.7142857142857143,5,7,1.0
-0.09359271232100697,0.3379629629629629,0.6336800149517203,0.7142857142857143,5,33,24,0.7272727272727273,0.05,office0,framebalanced_majority_entropy,sidecar_original_unified,0.5714285714285714,4,7,0.7999999999999999
0.21626567876567848,0.8333333333333334,0.9435384060384058,0.42857142857142855,3,33,24,0.7272727272727273,0.05,office0,framebalanced_mean_disagreement,sidecar_original_unified,1.0,7,7,2.3333333333333335
-0.07951659968229319,0.4444444444444445,0.6477561275904341,0.42857142857142855,3,33,24,0.7272727272727273,0.05,office0,persistent_conflict_fraction,sidecar_original_unified,0.42857142857142855,3,7,1.0
0.10980415755032125,0.5555555555555555,0.8370768848230485,0.7142857142857143,5,33,24,0.7272727272727273,0.05,office0,multi_owner_voxel_fraction,sidecar_original_unified,1.0,7,7,1.4
0.032858326027830564,0.4999999999999999,0.7601310533005579,0.7142857142857143,5,33,24,0.7272727272727273,0.05,office0,mean_owner_entropy,sidecar_original_unified,0.7142857142857143,5,7,1.0
-0.06877370575567676,0.287037037037037,0.6584990215170505,0.7142857142857143,5,33,24,0.7272727272727273,0.05,office0,foreign_owner_link_fraction,sidecar_original_unified,0.2857142857142857,2,7,0.39999999999999997
-0.09904568517605183,0.34259259259259256,0.6282270420966755,0.7142857142857143,5,33,24,0.7272727272727273,0.05,office0,semantic_mean,sidecar_original_unified,0.2857142857142857,2,7,0.39999999999999997
0.05607517465228873,0.5138888888888888,0.783347901925016,0.7142857142857143,5,33,24,0.7272727272727273,0.05,office0,combined_mean,sidecar_original_unified,0.7142857142857143,5,7,1.0
0.039895590488424726,0.47222222222222227,0.767168317761152,0.7142857142857143,5,33,24,0.7272727272727273,0.05,office0,combined_top2_mean,sidecar_original_unified,0.7142857142857143,5,7,1.0
0.00383279054449559,0.4375,0.7311055178172229,0.7142857142857143,5,33,24,0.7272727272727273,0.05,office0,framebalanced_semantic_mean,sidecar_original_unified,0.7142857142857143,5,7,1.0
0.03793648560524976,0.4537037037037037,0.765209212877977,0.7142857142857143,5,33,24,0.7272727272727273,0.05,office0,owner_overlap_mean,sidecar_original_unified,0.8571428571428571,6,7,1.2
0.2727272727272727,1.0,1.0,0.0,0,33,24,0.7272727272727273,0.05,office0,size_num_detections,sidecar_original_unified,1.0,7,7,
0.1240242522265339,0.7106481481481481,0.8512969794992612,0.42857142857142855,3,33,24,0.7272727272727273,0.05,office0,size_object_voxels,sidecar_original_unified,0.7142857142857143,5,7,1.6666666666666667
0.09247454767530139,0.5462962962962963,0.8197472749480287,0.7142857142857143,5,33,24,0.7272727272727273,0.05,office0,framebalanced_mean_disagreement_size_residual,sidecar_original_unified,1.0,7,7,1.4
-0.08767500785142701,0.3564814814814815,0.6395977194213003,0.7142857142857143,5,33,24,0.7272727272727273,0.05,office0,framebalanced_majority_entropy_size_residual,sidecar_original_unified,0.5714285714285714,4,7,0.7999999999999999
0.047208922114256646,0.5555555555555556,0.7744816493869839,0.7142857142857143,5,33,24,0.7272727272727273,0.05,office0,mean_owner_entropy_size_residual,sidecar_original_unified,0.7142857142857143,5,7,1.0
-0.09983061932792126,0.33796296296296297,0.627442107944806,0.7142857142857143,5,33,24,0.7272727272727273,0.05,office0,voxel_second_region_size_residual,sidecar_original_unified,0.42857142857142855,3,7,0.6
-0.09091071270918272,0.35185185185185186,0.6363620145635446,0.7142857142857143,5,33,24,0.7272727272727273,0.05,office0,voxel_majority_entropy,sidecar_strict_unified,0.42857142857142855,3,7,0.6
-0.1324499502221511,0.24537037037037035,0.5948227770505762,0.7142857142857143,5,33,24,0.7272727272727273,0.05,office0,voxel_vote_entropy,sidecar_strict_unified,0.14285714285714285,1,7,0.19999999999999998
0.041461097588507245,0.5185185185185185,0.7687338248612345,0.5714285714285714,4,33,24,0.7272727272727273,0.05,office0,voxel_mean_disagreement,sidecar_strict_unified,0.7142857142857143,5,7,1.25
-0.13509168176115272,0.2546296296296296,0.5921810455115746,0.7142857142857143,5,33,24,0.7272727272727273,0.05,office0,voxel_second_region,sidecar_strict_unified,0.2857142857142857,2,7,0.39999999999999997
-0.029899617323087435,0.39351851851851855,0.6973731099496399,0.7142857142857143,5,33,24,0.7272727272727273,0.05,office0,voxel_second_fraction,sidecar_strict_unified,0.5714285714285714,4,7,0.7999999999999999
0.03409090909090895,0.5625,0.7613636363636362,0.14285714285714285,1,33,24,0.7272727272727273,0.05,office0,fragmentation,sidecar_strict_unified,1.0,7,7,7.0
0.11349506974506984,0.6226851851851851,0.8407677970177971,0.42857142857142855,3,33,24,0.7272727272727273,0.05,office0,pair_conflict,sidecar_strict_unified,1.0,7,7,2.3333333333333335
0.2386363636363633,0.9375,0.9659090909090906,0.0,0,33,24,0.7272727272727273,0.05,office0,nonspatial_owner_label_entropy,sidecar_strict_unified,1.0,7,7,
-0.08326563189599834,0.3680555555555556,0.644007095376729,0.7142857142857143,5,33,24,0.7272727272727273,0.05,office0,frozen_semantic_max,sidecar_strict_unified,0.5714285714285714,4,7,0.7999999999999999
-0.030947152048158233,0.45138888888888895,0.6963255752245691,0.7142857142857143,5,33,24,0.7272727272727273,0.05,office0,frozen_combined_max,sidecar_strict_unified,0.7142857142857143,5,7,1.0
-0.09359271232100697,0.3379629629629629,0.6336800149517203,0.7142857142857143,5,33,24,0.7272727272727273,0.05,office0,framebalanced_majority_entropy,sidecar_strict_unified,0.5714285714285714,4,7,0.7999999999999999
0.21626567876567848,0.8333333333333334,0.9435384060384058,0.42857142857142855,3,33,24,0.7272727272727273,0.05,office0,framebalanced_mean_disagreement,sidecar_strict_unified,1.0,7,7,2.3333333333333335
-0.07951659968229319,0.4444444444444445,0.6477561275904341,0.42857142857142855,3,33,24,0.7272727272727273,0.05,office0,persistent_conflict_fraction,sidecar_strict_unified,0.42857142857142855,3,7,1.0
0.10980415755032125,0.5555555555555555,0.8370768848230485,0.7142857142857143,5,33,24,0.7272727272727273,0.05,office0,multi_owner_voxel_fraction,sidecar_strict_unified,1.0,7,7,1.4
0.032858326027830564,0.4999999999999999,0.7601310533005579,0.7142857142857143,5,33,24,0.7272727272727273,0.05,office0,mean_owner_entropy,sidecar_strict_unified,0.7142857142857143,5,7,1.0
-0.06877370575567676,0.287037037037037,0.6584990215170505,0.7142857142857143,5,33,24,0.7272727272727273,0.05,office0,foreign_owner_link_fraction,sidecar_strict_unified,0.2857142857142857,2,7,0.39999999999999997
-0.09904568517605183,0.34259259259259256,0.6282270420966755,0.7142857142857143,5,33,24,0.7272727272727273,0.05,office0,semantic_mean,sidecar_strict_unified,0.2857142857142857,2,7,0.39999999999999997
0.05607517465228873,0.5138888888888888,0.783347901925016,0.7142857142857143,5,33,24,0.7272727272727273,0.05,office0,combined_mean,sidecar_strict_unified,0.7142857142857143,5,7,1.0
0.039895590488424726,0.47222222222222227,0.767168317761152,0.7142857142857143,5,33,24,0.7272727272727273,0.05,office0,combined_top2_mean,sidecar_strict_unified,0.7142857142857143,5,7,1.0
0.00383279054449559,0.4375,0.7311055178172229,0.7142857142857143,5,33,24,0.7272727272727273,0.05,office0,framebalanced_semantic_mean,sidecar_strict_unified,0.7142857142857143,5,7,1.0
0.03793648560524976,0.4537037037037037,0.765209212877977,0.7142857142857143,5,33,24,0.7272727272727273,0.05,office0,owner_overlap_mean,sidecar_strict_unified,0.8571428571428571,6,7,1.2
0.2727272727272727,1.0,1.0,0.0,0,33,24,0.7272727272727273,0.05,office0,size_num_detections,sidecar_strict_unified,1.0,7,7,
0.1240242522265339,0.7106481481481481,0.8512969794992612,0.42857142857142855,3,33,24,0.7272727272727273,0.05,office0,size_object_voxels,sidecar_strict_unified,0.7142857142857143,5,7,1.6666666666666667
0.09247454767530139,0.5462962962962963,0.8197472749480287,0.7142857142857143,5,33,24,0.7272727272727273,0.05,office0,framebalanced_mean_disagreement_size_residual,sidecar_strict_unified,1.0,7,7,1.4
-0.08767500785142701,0.3564814814814815,0.6395977194213003,0.7142857142857143,5,33,24,0.7272727272727273,0.05,office0,framebalanced_majority_entropy_size_residual,sidecar_strict_unified,0.5714285714285714,4,7,0.7999999999999999
0.047208922114256646,0.5555555555555556,0.7744816493869839,0.7142857142857143,5,33,24,0.7272727272727273,0.05,office0,mean_owner_entropy_size_residual,sidecar_strict_unified,0.7142857142857143,5,7,1.0
-0.09983061932792126,0.33796296296296297,0.627442107944806,0.7142857142857143,5,33,24,0.7272727272727273,0.05,office0,voxel_second_region_size_residual,sidecar_strict_unified,0.42857142857142855,3,7,0.6
-0.05526517915402385,0.4400826446280992,0.6114014875126428,0.5714285714285714,4,33,22,0.6666666666666666,0.05,office0,voxel_majority_entropy,sidecar_original_mask,0.42857142857142855,3,7,0.75
-0.11643110677047408,0.29545454545454547,0.5502355598961925,0.5714285714285714,4,33,22,0.6666666666666666,0.05,office0,voxel_vote_entropy,sidecar_original_mask,0.14285714285714285,1,7,0.25
0.07814339842178819,0.5640495867768596,0.7448100650884548,0.42857142857142855,3,33,22,0.6666666666666666,0.05,office0,voxel_mean_disagreement,sidecar_original_mask,0.7142857142857143,5,7,1.6666666666666667
-0.10315650872280913,0.3553719008264463,0.5635101579438575,0.5714285714285714,4,33,22,0.6666666666666666,0.05,office0,voxel_second_region,sidecar_original_mask,0.2857142857142857,2,7,0.5
0.014017256679795254,0.4855371900826446,0.6806839233464619,0.5714285714285714,4,33,22,0.6666666666666666,0.05,office0,voxel_second_fraction,sidecar_original_mask,0.5714285714285714,4,7,1.0
0.0454545454545453,0.5681818181818181,0.7121212121212119,0.14285714285714285,1,33,22,0.6666666666666666,0.05,office0,fragmentation,sidecar_original_mask,1.0,7,7,7.0
0.1337596746687656,0.6177685950413223,0.8004263413354322,0.42857142857142855,3,33,22,0.6666666666666666,0.05,office0,pair_conflict,sidecar_original_mask,1.0,7,7,2.3333333333333335
0.24112005887442123,0.884297520661157,0.9077867255410879,0.0,0,33,22,0.6666666666666666,0.05,office0,nonspatial_owner_label_entropy,sidecar_original_mask,0.8571428571428571,6,7,
-0.04766656065580133,0.4504132231404959,0.6190001060108653,0.5714285714285714,4,33,22,0.6666666666666666,0.05,office0,frozen_semantic_max,sidecar_original_mask,0.5714285714285714,4,7,1.0
0.00574414444735305,0.5185950413223142,0.6724108111140197,0.5714285714285714,4,33,22,0.6666666666666666,0.05,office0,frozen_combined_max,sidecar_original_mask,0.7142857142857143,5,7,1.25
-0.062104649271005896,0.4173553719008265,0.6045620173956607,0.5714285714285714,4,33,22,0.6666666666666666,0.05,office0,framebalanced_majority_entropy,sidecar_original_mask,0.5714285714285714,4,7,1.0
0.2440224993366703,0.8243801652892562,0.9106891660033369,0.2857142857142857,2,33,22,0.6666666666666666,0.05,office0,framebalanced_mean_disagreement,sidecar_original_mask,1.0,7,7,3.5
-0.05622106852888564,0.4896694214876034,0.610445598137781,0.2857142857142857,2,33,22,0.6666666666666666,0.05,office0,persistent_conflict_fraction,sidecar_original_mask,0.42857142857142855,3,7,1.5
0.10479617049746082,0.5475206611570248,0.7714628371641274,0.5714285714285714,4,33,22,0.6666666666666666,0.05,office0,multi_owner_voxel_fraction,sidecar_original_mask,0.8571428571428571,6,7,1.5
0.03927775128520983,0.5061983471074379,0.7059444179518765,0.5714285714285714,4,33,22,0.6666666666666666,0.05,office0,mean_owner_entropy,sidecar_original_mask,0.5714285714285714,4,7,1.0
-0.0422849008922932,0.35330578512396693,0.6243817657743734,0.5714285714285714,4,33,22,0.6666666666666666,0.05,office0,foreign_owner_link_fraction,sidecar_original_mask,0.2857142857142857,2,7,0.5
-0.0634343654188213,0.4318181818181818,0.6032323012478453,0.5714285714285714,4,33,22,0.6666666666666666,0.05,office0,semantic_mean,sidecar_original_mask,0.2857142857142857,2,7,0.5
0.09459769220757763,0.5599173553719008,0.7612643588742443,0.5714285714285714,4,33,22,0.6666666666666666,0.05,office0,combined_mean,sidecar_original_mask,0.7142857142857143,5,7,1.25
0.08109222513996794,0.53099173553719,0.7477588918066346,0.5714285714285714,4,33,22,0.6666666666666666,0.05,office0,combined_top2_mean,sidecar_original_mask,0.7142857142857143,5,7,1.25
0.0456553340929341,0.5082644628099173,0.7123220007596007,0.5714285714285714,4,33,22,0.6666666666666666,0.05,office0,framebalanced_semantic_mean,sidecar_original_mask,0.7142857142857143,5,7,1.25
0.05121934441676468,0.46900826446280985,0.7178860110834313,0.5714285714285714,4,33,22,0.6666666666666666,0.05,office0,owner_overlap_mean,sidecar_original_mask,0.7142857142857143,5,7,1.25
0.32559288537549413,0.9855371900826446,0.9922595520421608,0.0,0,33,22,0.6666666666666666,0.05,office0,size_num_detections,sidecar_original_mask,1.0,7,7,
0.1600016238546894,0.7128099173553719,0.826668290521356,0.42857142857142855,3,33,22,0.6666666666666666,0.05,office0,size_object_voxels,sidecar_original_mask,0.7142857142857143,5,7,1.6666666666666667
0.08472106445776484,0.5454545454545454,0.7513877311244315,0.5714285714285714,4,33,22,0.6666666666666666,0.05,office0,framebalanced_mean_disagreement_size_residual,sidecar_original_mask,0.8571428571428571,6,7,1.5
-0.05261401219416195,0.4421487603305785,0.6140526544725047,0.5714285714285714,4,33,22,0.6666666666666666,0.05,office0,framebalanced_majority_entropy_size_residual,sidecar_original_mask,0.5714285714285714,4,7,1.0
0.05939298220646183,0.5661157024793388,0.7260596488731285,0.5714285714285714,4,33,22,0.6666666666666666,0.05,office0,mean_owner_entropy_size_residual,sidecar_original_mask,0.5714285714285714,4,7,1.0
-0.060845337187500736,0.4380165289256198,0.6058213294791659,0.5714285714285714,4,33,22,0.6666666666666666,0.05,office0,voxel_second_region_size_residual,sidecar_original_mask,0.42857142857142855,3,7,0.75
-0.05526517915402385,0.4400826446280992,0.6114014875126428,0.5714285714285714,4,33,22,0.6666666666666666,0.05,office0,voxel_majority_entropy,sidecar_strict_mask,0.42857142857142855,3,7,0.75
-0.11643110677047408,0.29545454545454547,0.5502355598961925,0.5714285714285714,4,33,22,0.6666666666666666,0.05,office0,voxel_vote_entropy,sidecar_strict_mask,0.14285714285714285,1,7,0.25
0.07814339842178819,0.5640495867768596,0.7448100650884548,0.42857142857142855,3,33,22,0.6666666666666666,0.05,office0,voxel_mean_disagreement,sidecar_strict_mask,0.7142857142857143,5,7,1.6666666666666667
-0.10315650872280913,0.3553719008264463,0.5635101579438575,0.5714285714285714,4,33,22,0.6666666666666666,0.05,office0,voxel_second_region,sidecar_strict_mask,0.2857142857142857,2,7,0.5
0.014017256679795254,0.4855371900826446,0.6806839233464619,0.5714285714285714,4,33,22,0.6666666666666666,0.05,office0,voxel_second_fraction,sidecar_strict_mask,0.5714285714285714,4,7,1.0
0.0454545454545453,0.5681818181818181,0.7121212121212119,0.14285714285714285,1,33,22,0.6666666666666666,0.05,office0,fragmentation,sidecar_strict_mask,1.0,7,7,7.0
0.1337596746687656,0.6177685950413223,0.8004263413354322,0.42857142857142855,3,33,22,0.6666666666666666,0.05,office0,pair_conflict,sidecar_strict_mask,1.0,7,7,2.3333333333333335
0.24112005887442123,0.884297520661157,0.9077867255410879,0.0,0,33,22,0.6666666666666666,0.05,office0,nonspatial_owner_label_entropy,sidecar_strict_mask,0.8571428571428571,6,7,
-0.04766656065580133,0.4504132231404959,0.6190001060108653,0.5714285714285714,4,33,22,0.6666666666666666,0.05,office0,frozen_semantic_max,sidecar_strict_mask,0.5714285714285714,4,7,1.0
0.00574414444735305,0.5185950413223142,0.6724108111140197,0.5714285714285714,4,33,22,0.6666666666666666,0.05,office0,frozen_combined_max,sidecar_strict_mask,0.7142857142857143,5,7,1.25
-0.062104649271005896,0.4173553719008265,0.6045620173956607,0.5714285714285714,4,33,22,0.6666666666666666,0.05,office0,framebalanced_majority_entropy,sidecar_strict_mask,0.5714285714285714,4,7,1.0
0.2440224993366703,0.8243801652892562,0.9106891660033369,0.2857142857142857,2,33,22,0.6666666666666666,0.05,office0,framebalanced_mean_disagreement,sidecar_strict_mask,1.0,7,7,3.5
-0.05622106852888564,0.4896694214876034,0.610445598137781,0.2857142857142857,2,33,22,0.6666666666666666,0.05,office0,persistent_conflict_fraction,sidecar_strict_mask,0.42857142857142855,3,7,1.5
0.10479617049746082,0.5475206611570248,0.7714628371641274,0.5714285714285714,4,33,22,0.6666666666666666,0.05,office0,multi_owner_voxel_fraction,sidecar_strict_mask,0.8571428571428571,6,7,1.5
0.03927775128520983,0.5061983471074379,0.7059444179518765,0.5714285714285714,4,33,22,0.6666666666666666,0.05,office0,mean_owner_entropy,sidecar_strict_mask,0.5714285714285714,4,7,1.0
-0.0422849008922932,0.35330578512396693,0.6243817657743734,0.5714285714285714,4,33,22,0.6666666666666666,0.05,office0,foreign_owner_link_fraction,sidecar_strict_mask,0.2857142857142857,2,7,0.5
-0.0634343654188213,0.4318181818181818,0.6032323012478453,0.5714285714285714,4,33,22,0.6666666666666666,0.05,office0,semantic_mean,sidecar_strict_mask,0.2857142857142857,2,7,0.5
0.09459769220757763,0.5599173553719008,0.7612643588742443,0.5714285714285714,4,33,22,0.6666666666666666,0.05,office0,combined_mean,sidecar_strict_mask,0.7142857142857143,5,7,1.25
0.08109222513996794,0.53099173553719,0.7477588918066346,0.5714285714285714,4,33,22,0.6666666666666666,0.05,office0,combined_top2_mean,sidecar_strict_mask,0.7142857142857143,5,7,1.25
0.0456553340929341,0.5082644628099173,0.7123220007596007,0.5714285714285714,4,33,22,0.6666666666666666,0.05,office0,framebalanced_semantic_mean,sidecar_strict_mask,0.7142857142857143,5,7,1.25
0.05121934441676468,0.46900826446280985,0.7178860110834313,0.5714285714285714,4,33,22,0.6666666666666666,0.05,office0,owner_overlap_mean,sidecar_strict_mask,0.7142857142857143,5,7,1.25
0.32559288537549413,0.9855371900826446,0.9922595520421608,0.0,0,33,22,0.6666666666666666,0.05,office0,size_num_detections,sidecar_strict_mask,1.0,7,7,
0.1600016238546894,0.7128099173553719,0.826668290521356,0.42857142857142855,3,33,22,0.6666666666666666,0.05,office0,size_object_voxels,sidecar_strict_mask,0.7142857142857143,5,7,1.6666666666666667
0.08472106445776484,0.5454545454545454,0.7513877311244315,0.5714285714285714,4,33,22,0.6666666666666666,0.05,office0,framebalanced_mean_disagreement_size_residual,sidecar_strict_mask,0.8571428571428571,6,7,1.5
-0.05261401219416195,0.4421487603305785,0.6140526544725047,0.5714285714285714,4,33,22,0.6666666666666666,0.05,office0,framebalanced_majority_entropy_size_residual,sidecar_strict_mask,0.5714285714285714,4,7,1.0
0.05939298220646183,0.5661157024793388,0.7260596488731285,0.5714285714285714,4,33,22,0.6666666666666666,0.05,office0,mean_owner_entropy_size_residual,sidecar_strict_mask,0.5714285714285714,4,7,1.0
-0.060845337187500736,0.4380165289256198,0.6058213294791659,0.5714285714285714,4,33,22,0.6666666666666666,0.05,office0,voxel_second_region_size_residual,sidecar_strict_mask,0.42857142857142855,3,7,0.75
0.10595111038867477,0.7037037037037037,0.8559511103886748,0.4,2,24,18,0.75,0.05,office0,voxel_majority_entropy,sidecar_original_association,0.8,4,5,2.0
0.02901075866762126,0.6157407407407407,0.7790107586676213,0.6,3,24,18,0.75,0.05,office0,voxel_vote_entropy,sidecar_original_association,0.8,4,5,1.3333333333333335
0.10788879330545997,0.7361111111111112,0.85788879330546,0.6,3,24,18,0.75,0.05,office0,voxel_mean_disagreement,sidecar_original_association,0.8,4,5,1.3333333333333335
0.12796613240369692,0.7407407407407407,0.8779661324036969,0.4,2,24,18,0.75,0.05,office0,voxel_second_region,sidecar_original_association,0.8,4,5,2.0
0.11983999927756372,0.712962962962963,0.8698399992775637,0.4,2,24,18,0.75,0.05,office0,voxel_second_fraction,sidecar_original_association,0.8,4,5,2.0
0.04166666666666674,0.5833333333333334,0.7916666666666667,0.6,3,24,18,0.75,0.05,office0,fragmentation,sidecar_original_association,1.0,5,5,1.6666666666666667
0.10605860189193539,0.6990740740740742,0.8560586018919354,0.4,2,24,18,0.75,0.05,office0,pair_conflict,sidecar_original_association,0.8,4,5,2.0
0.18477872436205778,0.837962962962963,0.9347787243620578,0.4,2,24,18,0.75,0.05,office0,nonspatial_owner_label_entropy,sidecar_original_association,1.0,5,5,2.5
0.06282910081929705,0.6435185185185185,0.812829100819297,0.4,2,24,18,0.75,0.05,office0,frozen_semantic_max,sidecar_original_association,0.6,3,5,1.4999999999999998
0.08570974590711433,0.6342592592592593,0.8357097459071143,0.4,2,24,18,0.75,0.05,office0,frozen_combined_max,sidecar_original_association,0.8,4,5,2.0
0.09628869677889285,0.675925925925926,0.8462886967788928,0.6,3,24,18,0.75,0.05,office0,framebalanced_majority_entropy,sidecar_original_association,0.8,4,5,1.3333333333333335
0.08011101552768218,0.7268518518518519,0.8301110155276822,0.6,3,24,18,0.75,0.05,office0,framebalanced_mean_disagreement,sidecar_original_association,0.8,4,5,1.3333333333333335
0.016462975067206176,0.625,0.7664629750672062,0.4,2,24,18,0.75,0.05,office0,persistent_conflict_fraction,sidecar_original_association,0.6,3,5,1.4999999999999998
0.0934812101478768,0.6944444444444445,0.8434812101478768,0.4,2,24,18,0.75,0.05,office0,multi_owner_voxel_fraction,sidecar_original_association,0.8,4,5,2.0
0.09768996435663102,0.7037037037037037,0.847689964356631,0.4,2,24,18,0.75,0.05,office0,mean_owner_entropy,sidecar_original_association,0.8,4,5,2.0
-0.014525443692110396,0.5925925925925927,0.7354745563078896,0.4,2,24,18,0.75,0.05,office0,foreign_owner_link_fraction,sidecar_original_association,0.6,3,5,1.4999999999999998
0.1383582013483975,0.7175925925925926,0.8883582013483975,0.4,2,24,18,0.75,0.05,office0,semantic_mean,sidecar_original_association,1.0,5,5,2.5
0.164012230459599,0.7546296296296295,0.914012230459599,0.4,2,24,18,0.75,0.05,office0,combined_mean,sidecar_original_association,1.0,5,5,2.5
0.13065955825888753,0.6851851851851851,0.8806595582588875,0.4,2,24,18,0.75,0.05,office0,combined_top2_mean,sidecar_original_association,1.0,5,5,2.5
0.097723681547211,0.6712962962962962,0.847723681547211,0.4,2,24,18,0.75,0.05,office0,framebalanced_semantic_mean,sidecar_original_association,0.8,4,5,2.0
0.029742633909300653,0.6481481481481483,0.7797426339093007,0.4,2,24,18,0.75,0.05,office0,owner_overlap_mean,sidecar_original_association,0.8,4,5,2.0
0.14449575932419068,0.8194444444444444,0.8944957593241907,0.2,1,24,18,0.75,0.05,office0,size_num_detections,sidecar_original_association,0.8,4,5,4.0
0.1376543300562909,0.6944444444444444,0.8876543300562909,0.6,3,24,18,0.75,0.05,office0,size_object_voxels,sidecar_original_association,1.0,5,5,1.6666666666666667
0.10649137777115969,0.6203703703703703,0.8564913777711597,0.6,3,24,18,0.75,0.05,office0,framebalanced_mean_disagreement_size_residual,sidecar_original_association,0.8,4,5,1.3333333333333335
0.10214069502219547,0.6851851851851852,0.8521406950221955,0.6,3,24,18,0.75,0.05,office0,framebalanced_majority_entropy_size_residual,sidecar_original_association,0.8,4,5,1.3333333333333335
0.12286186847590352,0.75,0.8728618684759035,0.4,2,24,18,0.75,0.05,office0,mean_owner_entropy_size_residual,sidecar_original_association,0.8,4,5,2.0
0.14505813721499994,0.7685185185185186,0.8950581372149999,0.4,2,24,18,0.75,0.05,office0,voxel_second_region_size_residual,sidecar_original_association,0.8,4,5,2.0
0.07648198838298448,0.5892857142857143,0.7721341622960279,0.6,3,23,16,0.6956521739130435,0.05,office0,voxel_majority_entropy,sidecar_strict_association,0.6,3,5,1.0
-0.06116918656081061,0.4151785714285715,0.6344829873522329,0.6,3,23,16,0.6956521739130435,0.05,office0,voxel_vote_entropy,sidecar_strict_association,0.4,2,5,0.6666666666666667
0.09693720518770577,0.6473214285714286,0.7925893791007492,0.6,3,23,16,0.6956521739130435,0.05,office0,voxel_mean_disagreement,sidecar_strict_association,0.8,4,5,1.3333333333333335
0.12867728942696977,0.6696428571428572,0.8243294633400132,0.4,2,23,16,0.6956521739130435,0.05,office0,voxel_second_region,sidecar_strict_association,0.8,4,5,2.0
0.1209760360020321,0.6428571428571428,0.8166282099150756,0.6,3,23,16,0.6956521739130435,0.05,office0,voxel_second_fraction,sidecar_strict_association,0.8,4,5,1.3333333333333335
0.057065217391304324,0.59375,0.7527173913043478,0.4,2,23,16,0.6956521739130435,0.05,office0,fragmentation,sidecar_strict_association,1.0,5,5,2.5
0.15704146397081176,0.7098214285714286,0.8526936378838552,0.4,2,23,16,0.6956521739130435,0.05,office0,pair_conflict,sidecar_strict_association,1.0,5,5,2.5
0.0157499165991013,0.5803571428571428,0.7114020905121448,0.4,2,23,16,0.6956521739130435,0.05,office0,nonspatial_owner_label_entropy,sidecar_strict_association,0.6,3,5,1.4999999999999998
0.04980490878828481,0.5491071428571429,0.7454570827013283,0.4,2,23,16,0.6956521739130435,0.05,office0,frozen_semantic_max,sidecar_strict_association,0.6,3,5,1.4999999999999998
0.11857947261959412,0.6383928571428572,0.8142316465326376,0.4,2,23,16,0.6956521739130435,0.05,office0,frozen_combined_max,sidecar_strict_association,0.8,4,5,2.0
0.13365584334853842,0.7053571428571428,0.8293080172615819,0.4,2,23,16,0.6956521739130435,0.05,office0,framebalanced_majority_entropy,sidecar_strict_association,0.8,4,5,2.0
0.05287397674947736,0.6116071428571429,0.7485261506625208,0.6,3,23,16,0.6956521739130435,0.05,office0,framebalanced_mean_disagreement,sidecar_strict_association,0.8,4,5,1.3333333333333335
0.004741502991183366,0.5491071428571429,0.7003936769042268,0.4,2,23,16,0.6956521739130435,0.05,office0,persistent_conflict_fraction,sidecar_strict_association,0.6,3,5,1.4999999999999998
0.06207011587446365,0.5982142857142857,0.7577222897875071,0.4,2,23,16,0.6956521739130435,0.05,office0,multi_owner_voxel_fraction,sidecar_strict_association,0.6,3,5,1.4999999999999998
0.06661557041991828,0.6071428571428571,0.7622677443329617,0.4,2,23,16,0.6956521739130435,0.05,office0,mean_owner_entropy,sidecar_strict_association,0.6,3,5,1.4999999999999998
0.017625671430019363,0.5803571428571428,0.7132778453430628,0.4,2,23,16,0.6956521739130435,0.05,office0,foreign_owner_link_fraction,sidecar_strict_association,0.8,4,5,2.0
0.14073897472235064,0.6428571428571429,0.8363911486353941,0.4,2,23,16,0.6956521739130435,0.05,office0,semantic_mean,sidecar_strict_association,1.0,5,5,2.5
0.1912010126843886,0.7276785714285714,0.8868531865974321,0.4,2,23,16,0.6956521739130435,0.05,office0,combined_mean,sidecar_strict_association,1.0,5,5,2.5
0.17738760688728727,0.7053571428571429,0.8730397808003307,0.4,2,23,16,0.6956521739130435,0.05,office0,combined_top2_mean,sidecar_strict_association,1.0,5,5,2.5
0.11283493431831038,0.6339285714285715,0.8084871082313538,0.4,2,23,16,0.6956521739130435,0.05,office0,framebalanced_semantic_mean,sidecar_strict_association,0.8,4,5,2.0
0.04381614762049535,0.5758928571428571,0.7394683215335388,0.4,2,23,16,0.6956521739130435,0.05,office0,owner_overlap_mean,sidecar_strict_association,0.6,3,5,1.4999999999999998
0.20395912675524264,0.875,0.8996113006682861,0.0,0,23,16,0.6956521739130435,0.05,office0,size_num_detections,sidecar_strict_association,0.8,4,5,
0.2279655791092181,0.8214285714285715,0.9236177530222616,0.4,2,23,16,0.6956521739130435,0.05,office0,size_object_voxels,sidecar_strict_association,1.0,5,5,2.5
0.02806221622757754,0.46428571428571436,0.723714390140621,0.6,3,23,16,0.6956521739130435,0.05,office0,framebalanced_mean_disagreement_size_residual,sidecar_strict_association,0.6,3,5,1.0
0.13679672420681066,0.6964285714285715,0.8324488981198541,0.4,2,23,16,0.6956521739130435,0.05,office0,framebalanced_majority_entropy_size_residual,sidecar_strict_association,0.8,4,5,2.0
0.09271122459934877,0.6517857142857143,0.7883633985123922,0.4,2,23,16,0.6956521739130435,0.05,office0,mean_owner_entropy_size_residual,sidecar_strict_association,0.6,3,5,1.4999999999999998
0.15449648794711224,0.7053571428571429,0.8501486618601557,0.4,2,23,16,0.6956521739130435,0.05,office0,voxel_second_region_size_residual,sidecar_strict_association,0.8,4,5,2.0
-0.0704159801187314,0.4043478260869565,0.6265537168509656,0.5714285714285714,4,33,23,0.696969696969697,0.05,office0,voxel_majority_entropy,sidecar_conservative_unified,0.42857142857142855,3,7,0.75
-0.11417827072917308,0.30434782608695654,0.5827914262405239,0.5714285714285714,4,33,23,0.696969696969697,0.05,office0,voxel_vote_entropy,sidecar_conservative_unified,0.14285714285714285,1,7,0.25
0.06340771549118962,0.5478260869565217,0.7603774124608866,0.5714285714285714,4,33,23,0.696969696969697,0.05,office0,voxel_mean_disagreement,sidecar_conservative_unified,0.7142857142857143,5,7,1.25
-0.1186058533913884,0.30434782608695654,0.5783638435783086,0.7142857142857143,5,33,23,0.696969696969697,0.05,office0,voxel_second_region,sidecar_conservative_unified,0.2857142857142857,2,7,0.39999999999999997
-0.006752228411501582,0.44347826086956527,0.6902174685581954,0.5714285714285714,4,33,23,0.696969696969697,0.05,office0,voxel_second_fraction,sidecar_conservative_unified,0.5714285714285714,4,7,1.0
0.039525691699604626,0.5652173913043478,0.7364953886693016,0.14285714285714285,1,33,23,0.696969696969697,0.05,office0,fragmentation,sidecar_conservative_unified,1.0,7,7,7.0
0.0860969947926471,0.5630434782608695,0.7830666917623441,0.42857142857142855,3,33,23,0.696969696969697,0.05,office0,pair_conflict,sidecar_conservative_unified,0.8571428571428571,6,7,2.0
0.27667984189723294,0.9565217391304348,0.97364953886693,0.0,0,33,23,0.696969696969697,0.05,office0,nonspatial_owner_label_entropy,sidecar_conservative_unified,1.0,7,7,
-0.06285550378014415,0.41956521739130437,0.6341141931895529,0.5714285714285714,4,33,23,0.696969696969697,0.05,office0,frozen_semantic_max,sidecar_conservative_unified,0.5714285714285714,4,7,1.0
-0.022907978487464287,0.44565217391304346,0.6740617184822327,0.7142857142857143,5,33,23,0.696969696969697,0.05,office0,frozen_combined_max,sidecar_conservative_unified,0.7142857142857143,5,7,1.0
-0.07409856755417932,0.3869565217391304,0.6228711294155177,0.7142857142857143,5,33,23,0.696969696969697,0.05,office0,framebalanced_majority_entropy,sidecar_conservative_unified,0.5714285714285714,4,7,0.7999999999999999
0.2423710347623389,0.834782608695652,0.9393407317320359,0.42857142857142855,3,33,23,0.696969696969697,0.05,office0,framebalanced_mean_disagreement,sidecar_conservative_unified,1.0,7,7,2.3333333333333335
-0.06389754137667736,0.4739130434782609,0.6330721555930197,0.42857142857142855,3,33,23,0.696969696969697,0.05,office0,persistent_conflict_fraction,sidecar_conservative_unified,0.42857142857142855,3,7,1.0
0.07178131723472536,0.4956521739130435,0.7687510142044224,0.7142857142857143,5,33,23,0.696969696969697,0.05,office0,multi_owner_voxel_fraction,sidecar_conservative_unified,0.8571428571428571,6,7,1.2
0.00931856428222022,0.4478260869565217,0.7062882612519172,0.7142857142857143,5,33,23,0.696969696969697,0.05,office0,mean_owner_entropy,sidecar_conservative_unified,0.5714285714285714,4,7,0.7999999999999999
-0.10651863975179776,0.23478260869565215,0.5904510572178993,0.7142857142857143,5,33,23,0.696969696969697,0.05,office0,foreign_owner_link_fraction,sidecar_conservative_unified,0.14285714285714285,1,7,0.19999999999999998
-0.08049840837957056,0.391304347826087,0.6164712885901265,0.7142857142857143,5,33,23,0.696969696969697,0.05,office0,semantic_mean,sidecar_conservative_unified,0.2857142857142857,2,7,0.39999999999999997
0.06863822389678442,0.5130434782608695,0.7656079208664814,0.7142857142857143,5,33,23,0.696969696969697,0.05,office0,combined_mean,sidecar_conservative_unified,0.7142857142857143,5,7,1.0
0.04311933768162879,0.4521739130434783,0.7400890346513258,0.7142857142857143,5,33,23,0.696969696969697,0.05,office0,combined_top2_mean,sidecar_conservative_unified,0.7142857142857143,5,7,1.0
0.026853044546217952,0.48043478260869565,0.723822741515915,0.7142857142857143,5,33,23,0.696969696969697,0.05,office0,framebalanced_semantic_mean,sidecar_conservative_unified,0.7142857142857143,5,7,1.0
-0.017871878726520074,0.3913043478260869,0.6790978182431769,0.7142857142857143,5,33,23,0.696969696969697,0.05,office0,owner_overlap_mean,sidecar_conservative_unified,0.7142857142857143,5,7,1.0
0.29932834965916255,0.9934782608695651,0.9962980466288596,0.0,0,33,23,0.696969696969697,0.05,office0,size_num_detections,sidecar_conservative_unified,1.0,7,7,
0.11471145965334817,0.6630434782608696,0.8116811566230452,0.42857142857142855,3,33,23,0.696969696969697,0.05,office0,size_object_voxels,sidecar_conservative_unified,0.7142857142857143,5,7,1.6666666666666667
0.10976360014880604,0.5521739130434783,0.8067332971185031,0.7142857142857143,5,33,23,0.696969696969697,0.05,office0,framebalanced_mean_disagreement_size_residual,sidecar_conservative_unified,1.0,7,7,1.4
-0.06876510608562747,0.4043478260869565,0.6282045908840695,0.7142857142857143,5,33,23,0.696969696969697,0.05,office0,framebalanced_majority_entropy_size_residual,sidecar_conservative_unified,0.5714285714285714,4,7,0.7999999999999999
0.02129159276255077,0.5,0.7182612897322478,0.7142857142857143,5,33,23,0.696969696969697,0.05,office0,mean_owner_entropy_size_residual,sidecar_conservative_unified,0.5714285714285714,4,7,0.7999999999999999
-0.08153422389645204,0.3869565217391304,0.615435473073245,0.7142857142857143,5,33,23,0.696969696969697,0.05,office0,voxel_second_region_size_residual,sidecar_conservative_unified,0.42857142857142855,3,7,0.6
0.005317479631373301,0.55,0.5507720250859187,0.14285714285714285,1,33,18,0.5454545454545454,0.05,office0,voxel_majority_entropy,sidecar_conservative_mask,0.42857142857142855,3,7,3.0
-0.06269558885187404,0.40925925925925927,0.4827589566026714,0.2857142857142857,2,33,18,0.5454545454545454,0.05,office0,voxel_vote_entropy,sidecar_conservative_mask,0.14285714285714285,1,7,0.5
0.1839065772249917,0.6759259259259259,0.7293611226795371,0.14285714285714285,1,33,18,0.5454545454545454,0.05,office0,voxel_mean_disagreement,sidecar_conservative_mask,0.7142857142857143,5,7,5.0
-0.04333168954024158,0.48148148148148145,0.5021228559143038,0.2857142857142857,2,33,18,0.5454545454545454,0.05,office0,voxel_second_region,sidecar_conservative_mask,0.2857142857142857,2,7,1.0
0.10135746353367625,0.6055555555555556,0.6468120089882217,0.14285714285714285,1,33,18,0.5454545454545454,0.05,office0,voxel_second_fraction,sidecar_conservative_mask,0.5714285714285714,4,7,4.0
0.0757575757575758,0.5833333333333334,0.6212121212121212,0.14285714285714285,1,33,18,0.5454545454545454,0.05,office0,fragmentation,sidecar_conservative_mask,1.0,7,7,7.0
0.18554593554593568,0.6481481481481481,0.7310004810004811,0.14285714285714285,1,33,18,0.5454545454545454,0.05,office0,pair_conflict,sidecar_conservative_mask,0.8571428571428571,6,7,6.0
0.228618152573261,0.8500000000000001,0.7740726980278064,0.0,0,33,18,0.5454545454545454,0.05,office0,nonspatial_owner_label_entropy,sidecar_conservative_mask,0.7142857142857143,5,7,
0.025934934788302222,0.5666666666666667,0.5713894802428476,0.14285714285714285,1,33,18,0.5454545454545454,0.05,office0,frozen_semantic_max,sidecar_conservative_mask,0.5714285714285714,4,7,4.0
0.08438174026409317,0.6092592592592593,0.6298362857186386,0.2857142857142857,2,33,18,0.5454545454545454,0.05,office0,frozen_combined_max,sidecar_conservative_mask,0.7142857142857143,5,7,2.5
0.03714793061127253,0.6037037037037036,0.5826024760658179,0.14285714285714285,1,33,18,0.5454545454545454,0.05,office0,framebalanced_majority_entropy,sidecar_conservative_mask,0.5714285714285714,4,7,4.0
0.3497919836155132,0.8611111111111112,0.8952465290700586,0.14285714285714285,1,33,18,0.5454545454545454,0.05,office0,framebalanced_mean_disagreement,sidecar_conservative_mask,1.0,7,7,7.0
0.02179112663890792,0.6092592592592593,0.5672456720934533,0.0,0,33,18,0.5454545454545454,0.05,office0,persistent_conflict_fraction,sidecar_conservative_mask,0.42857142857142855,3,7,
0.09901729593225761,0.538888888888889,0.644471841386803,0.2857142857142857,2,33,18,0.5454545454545454,0.05,office0,multi_owner_voxel_fraction,sidecar_conservative_mask,0.5714285714285714,4,7,2.0
0.04518890743090953,0.5055555555555555,0.590643452885455,0.2857142857142857,2,33,18,0.5454545454545454,0.05,office0,mean_owner_entropy,sidecar_conservative_mask,0.2857142857142857,2,7,1.0
-0.043814193422709535,0.38703703703703707,0.5016403520318359,0.2857142857142857,2,33,18,0.5454545454545454,0.05,office0,foreign_owner_link_fraction,sidecar_conservative_mask,0.14285714285714285,1,7,0.5
0.0032205539233365332,0.5481481481481482,0.548675099377882,0.2857142857142857,2,33,18,0.5454545454545454,0.05,office0,semantic_mean,sidecar_conservative_mask,0.2857142857142857,2,7,1.0
0.1953448360643888,0.65,0.7407993815189342,0.2857142857142857,2,33,18,0.5454545454545454,0.05,office0,combined_mean,sidecar_conservative_mask,0.7142857142857143,5,7,2.5
0.1711164410026602,0.624074074074074,0.7165709864572056,0.2857142857142857,2,33,18,0.5454545454545454,0.05,office0,combined_top2_mean,sidecar_conservative_mask,0.7142857142857143,5,7,2.5
0.15099695953755132,0.6425925925925926,0.6964515049920967,0.2857142857142857,2,33,18,0.5454545454545454,0.05,office0,framebalanced_semantic_mean,sidecar_conservative_mask,0.7142857142857143,5,7,2.5
0.018598774872611745,0.46111111111111114,0.5640533203271572,0.2857142857142857,2,33,18,0.5454545454545454,0.05,office0,owner_overlap_mean,sidecar_conservative_mask,0.42857142857142855,3,7,1.5
0.4188844878795861,0.9555555555555555,0.9643390333341315,0.0,0,33,18,0.5454545454545454,0.05,office0,size_num_detections,sidecar_conservative_mask,1.0,7,7,
0.2511614758907831,0.7796296296296297,0.7966160213453285,0.14285714285714285,1,33,18,0.5454545454545454,0.05,office0,size_object_voxels,sidecar_conservative_mask,0.7142857142857143,5,7,5.0
0.1520617400817743,0.6111111111111112,0.6975162855363197,0.2857142857142857,2,33,18,0.5454545454545454,0.05,office0,framebalanced_mean_disagreement_size_residual,sidecar_conservative_mask,0.7142857142857143,5,7,2.5
0.041327658928931865,0.6074074074074074,0.5867822043834773,0.14285714285714285,1,33,18,0.5454545454545454,0.05,office0,framebalanced_majority_entropy_size_residual,sidecar_conservative_mask,0.5714285714285714,4,7,4.0
0.07057968638428413,0.5592592592592593,0.6160342318388295,0.2857142857142857,2,33,18,0.5454545454545454,0.05,office0,mean_owner_entropy_size_residual,sidecar_conservative_mask,0.2857142857142857,2,7,1.0
0.007189029087463883,0.5518518518518518,0.5526435745420093,0.2857142857142857,2,33,18,0.5454545454545454,0.05,office0,voxel_second_region_size_residual,sidecar_conservative_mask,0.42857142857142855,3,7,1.5
0.13737133237133237,0.6476190476190476,0.8191895141895141,0.6,3,22,15,0.6818181818181818,0.05,office0,voxel_majority_entropy,sidecar_conservative_association,0.8,4,5,1.3333333333333335
0.004098328572012755,0.4714285714285714,0.6859165103901945,0.6,3,22,15,0.6818181818181818,0.05,office0,voxel_vote_entropy,sidecar_conservative_association,0.4,2,5,0.6666666666666667
0.10326118326118328,0.6428571428571429,0.785079365079365,0.6,3,22,15,0.6818181818181818,0.05,office0,voxel_mean_disagreement,sidecar_conservative_association,0.8,4,5,1.3333333333333335
0.21119981869981874,0.780952380952381,0.8930180005180005,0.4,2,22,15,0.6818181818181818,0.05,office0,voxel_second_region,sidecar_conservative_association,1.0,5,5,2.5
0.19134291634291634,0.7238095238095239,0.8731610981610981,0.6,3,22,15,0.6818181818181818,0.05,office0,voxel_second_fraction,sidecar_conservative_association,1.0,5,5,1.6666666666666667
0.0636363636363636,0.6,0.7454545454545454,0.4,2,22,15,0.6818181818181818,0.05,office0,fragmentation,sidecar_conservative_association,1.0,5,5,2.5
0.06423280423280431,0.6285714285714286,0.7460509860509861,0.4,2,22,15,0.6818181818181818,0.05,office0,pair_conflict,sidecar_conservative_association,0.8,4,5,2.0
-0.012177082177082243,0.4904761904761905,0.6696410996410995,0.6,3,22,15,0.6818181818181818,0.05,office0,nonspatial_owner_label_entropy,sidecar_conservative_association,0.6,3,5,1.0
0.10651670769317834,0.6428571428571429,0.7883348895113601,0.4,2,22,15,0.6818181818181818,0.05,office0,frozen_semantic_max,sidecar_conservative_association,0.8,4,5,2.0
0.046489697666168284,0.5666666666666667,0.72830787948435,0.4,2,22,15,0.6818181818181818,0.05,office0,frozen_combined_max,sidecar_conservative_association,0.6,3,5,1.4999999999999998
0.2135872460872461,0.7714285714285714,0.8954054279054279,0.4,2,22,15,0.6818181818181818,0.05,office0,framebalanced_majority_entropy,sidecar_conservative_association,1.0,5,5,2.5
0.056260406260406404,0.6047619047619047,0.7380785880785882,0.6,3,22,15,0.6818181818181818,0.05,office0,framebalanced_mean_disagreement,sidecar_conservative_association,0.8,4,5,1.3333333333333335
0.12616335733982798,0.6666666666666667,0.8079815391580097,0.4,2,22,15,0.6818181818181818,0.05,office0,persistent_conflict_fraction,sidecar_conservative_association,0.8,4,5,2.0
0.03968753468753461,0.5523809523809524,0.7215057165057164,0.4,2,22,15,0.6818181818181818,0.05,office0,multi_owner_voxel_fraction,sidecar_conservative_association,0.4,2,5,1.0
0.04635420135420132,0.5619047619047619,0.7281723831723831,0.4,2,22,15,0.6818181818181818,0.05,office0,mean_owner_entropy,sidecar_conservative_association,0.6,3,5,1.4999999999999998
0.12622192622192618,0.6476190476190476,0.808040108040108,0.4,2,22,15,0.6818181818181818,0.05,office0,foreign_owner_link_fraction,sidecar_conservative_association,0.8,4,5,2.0
0.18228390346037393,0.7142857142857143,0.8641020852785557,0.4,2,22,15,0.6818181818181818,0.05,office0,semantic_mean,sidecar_conservative_association,1.0,5,5,2.5
0.16052362670009723,0.680952380952381,0.842341808518279,0.4,2,22,15,0.6818181818181818,0.05,office0,combined_mean,sidecar_conservative_association,0.8,4,5,2.0
0.14523003140650204,0.6571428571428571,0.8270482132246838,0.4,2,22,15,0.6818181818181818,0.05,office0,combined_top2_mean,sidecar_conservative_association,0.8,4,5,2.0
0.18428098045745112,0.7333333333333334,0.8660991622756329,0.4,2,22,15,0.6818181818181818,0.05,office0,framebalanced_semantic_mean,sidecar_conservative_association,0.8,4,5,2.0
0.04635420135420132,0.5714285714285714,0.7281723831723831,0.4,2,22,15,0.6818181818181818,0.05,office0,owner_overlap_mean,sidecar_conservative_association,0.6,3,5,1.4999999999999998
0.17780232839056376,0.8,0.8596205102087455,0.0,0,22,15,0.6818181818181818,0.05,office0,size_num_detections,sidecar_conservative_association,0.8,4,5,
0.14280882688003427,0.6952380952380952,0.824627008698216,0.4,2,22,15,0.6818181818181818,0.05,office0,size_object_voxels,sidecar_conservative_association,0.8,4,5,2.0
0.053615804560077085,0.5142857142857142,0.7354339863782589,0.6,3,22,15,0.6818181818181818,0.05,office0,framebalanced_mean_disagreement_size_residual,sidecar_conservative_association,0.6,3,5,1.0
0.21696386946386947,0.7619047619047619,0.8987820512820512,0.4,2,22,15,0.6818181818181818,0.05,office0,framebalanced_majority_entropy_size_residual,sidecar_conservative_association,1.0,5,5,2.5
0.06999984249210256,0.6000000000000001,0.7518180243102843,0.4,2,22,15,0.6818181818181818,0.05,office0,mean_owner_entropy_size_residual,sidecar_conservative_association,0.6,3,5,1.4999999999999998
0.22641196522775464,0.8095238095238095,0.9082301470459364,0.4,2,22,15,0.6818181818181818,0.05,office0,voxel_second_region_size_residual,sidecar_conservative_association,1.0,5,5,2.5
0.03888888888888886,0.5,0.6388888888888888,0.0,0,5,3,0.6,0.05,office0,voxel_majority_entropy,geometry_partition_2cm,0.0,0,1,
0.03888888888888886,0.5,0.6388888888888888,0.0,0,5,3,0.6,0.05,office0,voxel_vote_entropy,geometry_partition_2cm,0.0,0,1,
0.4,1.0,1.0,0.0,0,5,3,0.6,0.05,office0,voxel_mean_disagreement,geometry_partition_2cm,1.0,1,1,
0.03888888888888886,0.5,0.6388888888888888,0.0,0,5,3,0.6,0.05,office0,voxel_second_region,geometry_partition_2cm,0.0,0,1,
0.03888888888888886,0.5,0.6388888888888888,0.0,0,5,3,0.6,0.05,office0,voxel_second_fraction,geometry_partition_2cm,0.0,0,1,
0.0,0.5,0.6,0.0,0,5,3,0.6,0.05,office0,fragmentation,geometry_partition_2cm,1.0,1,1,
0.4,1.0,1.0,0.0,0,5,3,0.6,0.05,office0,pair_conflict,geometry_partition_2cm,1.0,1,1,
0.2666666666666667,0.8333333333333333,0.8666666666666667,0.0,0,5,3,0.6,0.05,office0,nonspatial_owner_label_entropy,geometry_partition_2cm,1.0,1,1,
0.2055555555555556,0.6666666666666666,0.8055555555555556,0.0,0,5,3,0.6,0.05,office0,frozen_semantic_max,geometry_partition_2cm,1.0,1,1,
0.31666666666666654,0.9166666666666666,0.9166666666666665,0.0,0,5,3,0.6,0.05,office0,frozen_combined_max,geometry_partition_2cm,1.0,1,1,
0.03888888888888886,0.5,0.6388888888888888,0.0,0,5,3,0.6,0.05,office0,framebalanced_majority_entropy,geometry_partition_2cm,0.0,0,1,
0.31666666666666654,0.8333333333333333,0.9166666666666665,0.0,0,5,3,0.6,0.05,office0,framebalanced_mean_disagreement,geometry_partition_2cm,1.0,1,1,
0.03888888888888886,0.5,0.6388888888888888,0.0,0,5,3,0.6,0.05,office0,persistent_conflict_fraction,geometry_partition_2cm,0.0,0,1,
0.4,1.0,1.0,0.0,0,5,3,0.6,0.05,office0,multi_owner_voxel_fraction,geometry_partition_2cm,1.0,1,1,
0.4,1.0,1.0,0.0,0,5,3,0.6,0.05,office0,mean_owner_entropy,geometry_partition_2cm,1.0,1,1,
0.31666666666666654,0.8333333333333333,0.9166666666666665,0.0,0,5,3,0.6,0.05,office0,foreign_owner_link_fraction,geometry_partition_2cm,1.0,1,1,
0.03888888888888886,0.5,0.6388888888888888,0.0,0,5,3,0.6,0.05,office0,semantic_mean,geometry_partition_2cm,0.0,0,1,
0.31666666666666654,0.8333333333333333,0.9166666666666665,0.0,0,5,3,0.6,0.05,office0,combined_mean,geometry_partition_2cm,1.0,1,1,
0.4,1.0,1.0,0.0,0,5,3,0.6,0.05,office0,combined_top2_mean,geometry_partition_2cm,1.0,1,1,
0.03888888888888886,0.5,0.6388888888888888,0.0,0,5,3,0.6,0.05,office0,framebalanced_semantic_mean,geometry_partition_2cm,0.0,0,1,
0.31666666666666654,0.9166666666666666,0.9166666666666665,0.0,0,5,3,0.6,0.05,office0,owner_overlap_mean,geometry_partition_2cm,1.0,1,1,
0.4,1.0,1.0,0.0,0,5,3,0.6,0.05,office0,size_num_detections,geometry_partition_2cm,1.0,1,1,
0.4,1.0,1.0,0.0,0,5,3,0.6,0.05,office0,size_object_voxels,geometry_partition_2cm,1.0,1,1,
0.2055555555555556,0.6666666666666666,0.8055555555555556,0.0,0,5,3,0.6,0.05,office0,framebalanced_mean_disagreement_size_residual,geometry_partition_2cm,1.0,1,1,
0.03888888888888886,0.5,0.6388888888888888,0.0,0,5,3,0.6,0.05,office0,framebalanced_majority_entropy_size_residual,geometry_partition_2cm,0.0,0,1,
0.4,1.0,1.0,0.0,0,5,3,0.6,0.05,office0,mean_owner_entropy_size_residual,geometry_partition_2cm,1.0,1,1,
0.03888888888888886,0.5,0.6388888888888888,0.0,0,5,3,0.6,0.05,office0,voxel_second_region_size_residual,geometry_partition_2cm,0.0,0,1,
0.09999999999999998,0.5,0.5,0.0,0,5,2,0.4,0.05,office0,voxel_majority_entropy,geometry_overmerge_2cm,0.0,0,1,
0.016666666666666607,0.33333333333333337,0.41666666666666663,0.0,0,5,2,0.4,0.05,office0,voxel_vote_entropy,geometry_overmerge_2cm,0.0,0,1,
0.18333333333333324,0.6666666666666667,0.5833333333333333,0.0,0,5,2,0.4,0.05,office0,voxel_mean_disagreement,geometry_overmerge_2cm,0.0,0,1,
0.016666666666666607,0.33333333333333337,0.41666666666666663,0.0,0,5,2,0.4,0.05,office0,voxel_second_region,geometry_overmerge_2cm,0.0,0,1,
0.016666666666666607,0.33333333333333337,0.41666666666666663,0.0,0,5,2,0.4,0.05,office0,voxel_second_fraction,geometry_overmerge_2cm,0.0,0,1,
0.0,0.5,0.4,0.0,0,5,2,0.4,0.05,office0,fragmentation,geometry_overmerge_2cm,0.0,0,1,
0.18333333333333324,0.7500000000000001,0.5833333333333333,0.0,0,5,2,0.4,0.05,office0,pair_conflict,geometry_overmerge_2cm,0.0,0,1,
0.04999999999999999,0.5,0.45,0.0,0,5,2,0.4,0.05,office0,nonspatial_owner_label_entropy,geometry_overmerge_2cm,0.0,0,1,
0.016666666666666607,0.33333333333333337,0.41666666666666663,0.0,0,5,2,0.4,0.05,office0,frozen_semantic_max,geometry_overmerge_2cm,0.0,0,1,
0.09999999999999998,0.5833333333333334,0.5,0.0,0,5,2,0.4,0.05,office0,frozen_combined_max,geometry_overmerge_2cm,0.0,0,1,
0.09999999999999998,0.5,0.5,0.0,0,5,2,0.4,0.05,office0,framebalanced_majority_entropy,geometry_overmerge_2cm,0.0,0,1,
0.09999999999999998,0.5,0.5,0.0,0,5,2,0.4,0.05,office0,framebalanced_mean_disagreement,geometry_overmerge_2cm,0.0,0,1,
0.016666666666666607,0.33333333333333337,0.41666666666666663,0.0,0,5,2,0.4,0.05,office0,persistent_conflict_fraction,geometry_overmerge_2cm,0.0,0,1,
0.18333333333333324,0.6666666666666667,0.5833333333333333,0.0,0,5,2,0.4,0.05,office0,multi_owner_voxel_fraction,geometry_overmerge_2cm,0.0,0,1,
0.43333333333333324,0.8333333333333334,0.8333333333333333,0.0,0,5,2,0.4,0.05,office0,mean_owner_entropy,geometry_overmerge_2cm,1.0,1,1,
0.09999999999999998,0.5,0.5,0.0,0,5,2,0.4,0.05,office0,foreign_owner_link_fraction,geometry_overmerge_2cm,0.0,0,1,
0.016666666666666607,0.33333333333333337,0.41666666666666663,0.0,0,5,2,0.4,0.05,office0,semantic_mean,geometry_overmerge_2cm,0.0,0,1,
0.09999999999999998,0.5,0.5,0.0,0,5,2,0.4,0.05,office0,combined_mean,geometry_overmerge_2cm,0.0,0,1,
0.18333333333333324,0.6666666666666667,0.5833333333333333,0.0,0,5,2,0.4,0.05,office0,combined_top2_mean,geometry_overmerge_2cm,0.0,0,1,
0.016666666666666607,0.33333333333333337,0.41666666666666663,0.0,0,5,2,0.4,0.05,office0,framebalanced_semantic_mean,geometry_overmerge_2cm,0.0,0,1,
0.09999999999999998,0.5833333333333334,0.5,0.0,0,5,2,0.4,0.05,office0,owner_overlap_mean,geometry_overmerge_2cm,0.0,0,1,
0.6,1.0,1.0,0.0,0,5,2,0.4,0.05,office0,size_num_detections,geometry_overmerge_2cm,1.0,1,1,
0.6,1.0,1.0,0.0,0,5,2,0.4,0.05,office0,size_object_voxels,geometry_overmerge_2cm,1.0,1,1,
0.016666666666666607,0.33333333333333337,0.41666666666666663,0.0,0,5,2,0.4,0.05,office0,framebalanced_mean_disagreement_size_residual,geometry_overmerge_2cm,0.0,0,1,
0.09999999999999998,0.5,0.5,0.0,0,5,2,0.4,0.05,office0,framebalanced_majority_entropy_size_residual,geometry_overmerge_2cm,0.0,0,1,
0.43333333333333324,0.8333333333333334,0.8333333333333333,0.0,0,5,2,0.4,0.05,office0,mean_owner_entropy_size_residual,geometry_overmerge_2cm,1.0,1,1,
0.016666666666666607,0.33333333333333337,0.41666666666666663,0.0,0,5,2,0.4,0.05,office0,voxel_second_region_size_residual,geometry_overmerge_2cm,0.0,0,1,
0.03888888888888886,0.5,0.6388888888888888,0.0,0,5,3,0.6,0.05,office0,voxel_majority_entropy,geometry_partition_5cm,0.0,0,1,
0.03888888888888886,0.5,0.6388888888888888,0.0,0,5,3,0.6,0.05,office0,voxel_vote_entropy,geometry_partition_5cm,0.0,0,1,
0.4,1.0,1.0,0.0,0,5,3,0.6,0.05,office0,voxel_mean_disagreement,geometry_partition_5cm,1.0,1,1,
0.03888888888888886,0.5,0.6388888888888888,0.0,0,5,3,0.6,0.05,office0,voxel_second_region,geometry_partition_5cm,0.0,0,1,
0.03888888888888886,0.5,0.6388888888888888,0.0,0,5,3,0.6,0.05,office0,voxel_second_fraction,geometry_partition_5cm,0.0,0,1,
0.0,0.5,0.6,0.0,0,5,3,0.6,0.05,office0,fragmentation,geometry_partition_5cm,1.0,1,1,
0.4,1.0,1.0,0.0,0,5,3,0.6,0.05,office0,pair_conflict,geometry_partition_5cm,1.0,1,1,
0.2666666666666667,0.8333333333333333,0.8666666666666667,0.0,0,5,3,0.6,0.05,office0,nonspatial_owner_label_entropy,geometry_partition_5cm,1.0,1,1,
0.2055555555555556,0.6666666666666666,0.8055555555555556,0.0,0,5,3,0.6,0.05,office0,frozen_semantic_max,geometry_partition_5cm,1.0,1,1,
0.31666666666666654,0.9166666666666666,0.9166666666666665,0.0,0,5,3,0.6,0.05,office0,frozen_combined_max,geometry_partition_5cm,1.0,1,1,
0.03888888888888886,0.5,0.6388888888888888,0.0,0,5,3,0.6,0.05,office0,framebalanced_majority_entropy,geometry_partition_5cm,0.0,0,1,
0.31666666666666654,0.8333333333333333,0.9166666666666665,0.0,0,5,3,0.6,0.05,office0,framebalanced_mean_disagreement,geometry_partition_5cm,1.0,1,1,
0.03888888888888886,0.5,0.6388888888888888,0.0,0,5,3,0.6,0.05,office0,persistent_conflict_fraction,geometry_partition_5cm,0.0,0,1,
0.4,1.0,1.0,0.0,0,5,3,0.6,0.05,office0,multi_owner_voxel_fraction,geometry_partition_5cm,1.0,1,1,
0.4,1.0,1.0,0.0,0,5,3,0.6,0.05,office0,mean_owner_entropy,geometry_partition_5cm,1.0,1,1,
0.31666666666666654,0.8333333333333333,0.9166666666666665,0.0,0,5,3,0.6,0.05,office0,foreign_owner_link_fraction,geometry_partition_5cm,1.0,1,1,
0.03888888888888886,0.5,0.6388888888888888,0.0,0,5,3,0.6,0.05,office0,semantic_mean,geometry_partition_5cm,0.0,0,1,
0.31666666666666654,0.8333333333333333,0.9166666666666665,0.0,0,5,3,0.6,0.05,office0,combined_mean,geometry_partition_5cm,1.0,1,1,
0.4,1.0,1.0,0.0,0,5,3,0.6,0.05,office0,combined_top2_mean,geometry_partition_5cm,1.0,1,1,
0.03888888888888886,0.5,0.6388888888888888,0.0,0,5,3,0.6,0.05,office0,framebalanced_semantic_mean,geometry_partition_5cm,0.0,0,1,
0.31666666666666654,0.9166666666666666,0.9166666666666665,0.0,0,5,3,0.6,0.05,office0,owner_overlap_mean,geometry_partition_5cm,1.0,1,1,
0.4,1.0,1.0,0.0,0,5,3,0.6,0.05,office0,size_num_detections,geometry_partition_5cm,1.0,1,1,
0.4,1.0,1.0,0.0,0,5,3,0.6,0.05,office0,size_object_voxels,geometry_partition_5cm,1.0,1,1,
0.2055555555555556,0.6666666666666666,0.8055555555555556,0.0,0,5,3,0.6,0.05,office0,framebalanced_mean_disagreement_size_residual,geometry_partition_5cm,1.0,1,1,
0.03888888888888886,0.5,0.6388888888888888,0.0,0,5,3,0.6,0.05,office0,framebalanced_majority_entropy_size_residual,geometry_partition_5cm,0.0,0,1,
0.4,1.0,1.0,0.0,0,5,3,0.6,0.05,office0,mean_owner_entropy_size_residual,geometry_partition_5cm,1.0,1,1,
0.03888888888888886,0.5,0.6388888888888888,0.0,0,5,3,0.6,0.05,office0,voxel_second_region_size_residual,geometry_partition_5cm,0.0,0,1,
0.09999999999999998,0.5,0.5,0.0,0,5,2,0.4,0.05,office0,voxel_majority_entropy,geometry_overmerge_5cm,0.0,0,1,
0.016666666666666607,0.33333333333333337,0.41666666666666663,0.0,0,5,2,0.4,0.05,office0,voxel_vote_entropy,geometry_overmerge_5cm,0.0,0,1,
0.18333333333333324,0.6666666666666667,0.5833333333333333,0.0,0,5,2,0.4,0.05,office0,voxel_mean_disagreement,geometry_overmerge_5cm,0.0,0,1,
0.016666666666666607,0.33333333333333337,0.41666666666666663,0.0,0,5,2,0.4,0.05,office0,voxel_second_region,geometry_overmerge_5cm,0.0,0,1,
0.016666666666666607,0.33333333333333337,0.41666666666666663,0.0,0,5,2,0.4,0.05,office0,voxel_second_fraction,geometry_overmerge_5cm,0.0,0,1,
0.0,0.5,0.4,0.0,0,5,2,0.4,0.05,office0,fragmentation,geometry_overmerge_5cm,0.0,0,1,
0.18333333333333324,0.7500000000000001,0.5833333333333333,0.0,0,5,2,0.4,0.05,office0,pair_conflict,geometry_overmerge_5cm,0.0,0,1,
0.04999999999999999,0.5,0.45,0.0,0,5,2,0.4,0.05,office0,nonspatial_owner_label_entropy,geometry_overmerge_5cm,0.0,0,1,
0.016666666666666607,0.33333333333333337,0.41666666666666663,0.0,0,5,2,0.4,0.05,office0,frozen_semantic_max,geometry_overmerge_5cm,0.0,0,1,
0.09999999999999998,0.5833333333333334,0.5,0.0,0,5,2,0.4,0.05,office0,frozen_combined_max,geometry_overmerge_5cm,0.0,0,1,
0.09999999999999998,0.5,0.5,0.0,0,5,2,0.4,0.05,office0,framebalanced_majority_entropy,geometry_overmerge_5cm,0.0,0,1,
0.09999999999999998,0.5,0.5,0.0,0,5,2,0.4,0.05,office0,framebalanced_mean_disagreement,geometry_overmerge_5cm,0.0,0,1,
0.016666666666666607,0.33333333333333337,0.41666666666666663,0.0,0,5,2,0.4,0.05,office0,persistent_conflict_fraction,geometry_overmerge_5cm,0.0,0,1,
0.18333333333333324,0.6666666666666667,0.5833333333333333,0.0,0,5,2,0.4,0.05,office0,multi_owner_voxel_fraction,geometry_overmerge_5cm,0.0,0,1,
0.43333333333333324,0.8333333333333334,0.8333333333333333,0.0,0,5,2,0.4,0.05,office0,mean_owner_entropy,geometry_overmerge_5cm,1.0,1,1,
0.09999999999999998,0.5,0.5,0.0,0,5,2,0.4,0.05,office0,foreign_owner_link_fraction,geometry_overmerge_5cm,0.0,0,1,
0.016666666666666607,0.33333333333333337,0.41666666666666663,0.0,0,5,2,0.4,0.05,office0,semantic_mean,geometry_overmerge_5cm,0.0,0,1,
0.09999999999999998,0.5,0.5,0.0,0,5,2,0.4,0.05,office0,combined_mean,geometry_overmerge_5cm,0.0,0,1,
0.18333333333333324,0.6666666666666667,0.5833333333333333,0.0,0,5,2,0.4,0.05,office0,combined_top2_mean,geometry_overmerge_5cm,0.0,0,1,
0.016666666666666607,0.33333333333333337,0.41666666666666663,0.0,0,5,2,0.4,0.05,office0,framebalanced_semantic_mean,geometry_overmerge_5cm,0.0,0,1,
0.09999999999999998,0.5833333333333334,0.5,0.0,0,5,2,0.4,0.05,office0,owner_overlap_mean,geometry_overmerge_5cm,0.0,0,1,
0.6,1.0,1.0,0.0,0,5,2,0.4,0.05,office0,size_num_detections,geometry_overmerge_5cm,1.0,1,1,
0.6,1.0,1.0,0.0,0,5,2,0.4,0.05,office0,size_object_voxels,geometry_overmerge_5cm,1.0,1,1,
0.016666666666666607,0.33333333333333337,0.41666666666666663,0.0,0,5,2,0.4,0.05,office0,framebalanced_mean_disagreement_size_residual,geometry_overmerge_5cm,0.0,0,1,
0.09999999999999998,0.5,0.5,0.0,0,5,2,0.4,0.05,office0,framebalanced_majority_entropy_size_residual,geometry_overmerge_5cm,0.0,0,1,
0.43333333333333324,0.8333333333333334,0.8333333333333333,0.0,0,5,2,0.4,0.05,office0,mean_owner_entropy_size_residual,geometry_overmerge_5cm,1.0,1,1,
0.016666666666666607,0.33333333333333337,0.41666666666666663,0.0,0,5,2,0.4,0.05,office0,voxel_second_region_size_residual,geometry_overmerge_5cm,0.0,0,1,
0.03888888888888886,0.5,0.6388888888888888,0.0,0,5,3,0.6,0.05,office0,voxel_majority_entropy,geometry_partition_7cm,0.0,0,1,
0.03888888888888886,0.5,0.6388888888888888,0.0,0,5,3,0.6,0.05,office0,voxel_vote_entropy,geometry_partition_7cm,0.0,0,1,
0.4,1.0,1.0,0.0,0,5,3,0.6,0.05,office0,voxel_mean_disagreement,geometry_partition_7cm,1.0,1,1,
0.03888888888888886,0.5,0.6388888888888888,0.0,0,5,3,0.6,0.05,office0,voxel_second_region,geometry_partition_7cm,0.0,0,1,
0.03888888888888886,0.5,0.6388888888888888,0.0,0,5,3,0.6,0.05,office0,voxel_second_fraction,geometry_partition_7cm,0.0,0,1,
0.0,0.5,0.6,0.0,0,5,3,0.6,0.05,office0,fragmentation,geometry_partition_7cm,1.0,1,1,
0.4,1.0,1.0,0.0,0,5,3,0.6,0.05,office0,pair_conflict,geometry_partition_7cm,1.0,1,1,
0.2666666666666667,0.8333333333333333,0.8666666666666667,0.0,0,5,3,0.6,0.05,office0,nonspatial_owner_label_entropy,geometry_partition_7cm,1.0,1,1,
0.2055555555555556,0.6666666666666666,0.8055555555555556,0.0,0,5,3,0.6,0.05,office0,frozen_semantic_max,geometry_partition_7cm,1.0,1,1,
0.31666666666666654,0.9166666666666666,0.9166666666666665,0.0,0,5,3,0.6,0.05,office0,frozen_combined_max,geometry_partition_7cm,1.0,1,1,
0.03888888888888886,0.5,0.6388888888888888,0.0,0,5,3,0.6,0.05,office0,framebalanced_majority_entropy,geometry_partition_7cm,0.0,0,1,
0.31666666666666654,0.8333333333333333,0.9166666666666665,0.0,0,5,3,0.6,0.05,office0,framebalanced_mean_disagreement,geometry_partition_7cm,1.0,1,1,
0.03888888888888886,0.5,0.6388888888888888,0.0,0,5,3,0.6,0.05,office0,persistent_conflict_fraction,geometry_partition_7cm,0.0,0,1,
0.4,1.0,1.0,0.0,0,5,3,0.6,0.05,office0,multi_owner_voxel_fraction,geometry_partition_7cm,1.0,1,1,
0.4,1.0,1.0,0.0,0,5,3,0.6,0.05,office0,mean_owner_entropy,geometry_partition_7cm,1.0,1,1,
0.31666666666666654,0.8333333333333333,0.9166666666666665,0.0,0,5,3,0.6,0.05,office0,foreign_owner_link_fraction,geometry_partition_7cm,1.0,1,1,
0.03888888888888886,0.5,0.6388888888888888,0.0,0,5,3,0.6,0.05,office0,semantic_mean,geometry_partition_7cm,0.0,0,1,
0.31666666666666654,0.8333333333333333,0.9166666666666665,0.0,0,5,3,0.6,0.05,office0,combined_mean,geometry_partition_7cm,1.0,1,1,
0.4,1.0,1.0,0.0,0,5,3,0.6,0.05,office0,combined_top2_mean,geometry_partition_7cm,1.0,1,1,
0.03888888888888886,0.5,0.6388888888888888,0.0,0,5,3,0.6,0.05,office0,framebalanced_semantic_mean,geometry_partition_7cm,0.0,0,1,
0.31666666666666654,0.9166666666666666,0.9166666666666665,0.0,0,5,3,0.6,0.05,office0,owner_overlap_mean,geometry_partition_7cm,1.0,1,1,
0.4,1.0,1.0,0.0,0,5,3,0.6,0.05,office0,size_num_detections,geometry_partition_7cm,1.0,1,1,
0.4,1.0,1.0,0.0,0,5,3,0.6,0.05,office0,size_object_voxels,geometry_partition_7cm,1.0,1,1,
0.2055555555555556,0.6666666666666666,0.8055555555555556,0.0,0,5,3,0.6,0.05,office0,framebalanced_mean_disagreement_size_residual,geometry_partition_7cm,1.0,1,1,
0.03888888888888886,0.5,0.6388888888888888,0.0,0,5,3,0.6,0.05,office0,framebalanced_majority_entropy_size_residual,geometry_partition_7cm,0.0,0,1,
0.4,1.0,1.0,0.0,0,5,3,0.6,0.05,office0,mean_owner_entropy_size_residual,geometry_partition_7cm,1.0,1,1,
0.03888888888888886,0.5,0.6388888888888888,0.0,0,5,3,0.6,0.05,office0,voxel_second_region_size_residual,geometry_partition_7cm,0.0,0,1,
0.09999999999999998,0.5,0.5,0.0,0,5,2,0.4,0.05,office0,voxel_majority_entropy,geometry_overmerge_7cm,0.0,0,1,
0.016666666666666607,0.33333333333333337,0.41666666666666663,0.0,0,5,2,0.4,0.05,office0,voxel_vote_entropy,geometry_overmerge_7cm,0.0,0,1,
0.18333333333333324,0.6666666666666667,0.5833333333333333,0.0,0,5,2,0.4,0.05,office0,voxel_mean_disagreement,geometry_overmerge_7cm,0.0,0,1,
0.016666666666666607,0.33333333333333337,0.41666666666666663,0.0,0,5,2,0.4,0.05,office0,voxel_second_region,geometry_overmerge_7cm,0.0,0,1,
0.016666666666666607,0.33333333333333337,0.41666666666666663,0.0,0,5,2,0.4,0.05,office0,voxel_second_fraction,geometry_overmerge_7cm,0.0,0,1,
0.0,0.5,0.4,0.0,0,5,2,0.4,0.05,office0,fragmentation,geometry_overmerge_7cm,0.0,0,1,
0.18333333333333324,0.7500000000000001,0.5833333333333333,0.0,0,5,2,0.4,0.05,office0,pair_conflict,geometry_overmerge_7cm,0.0,0,1,
0.04999999999999999,0.5,0.45,0.0,0,5,2,0.4,0.05,office0,nonspatial_owner_label_entropy,geometry_overmerge_7cm,0.0,0,1,
0.016666666666666607,0.33333333333333337,0.41666666666666663,0.0,0,5,2,0.4,0.05,office0,frozen_semantic_max,geometry_overmerge_7cm,0.0,0,1,
0.09999999999999998,0.5833333333333334,0.5,0.0,0,5,2,0.4,0.05,office0,frozen_combined_max,geometry_overmerge_7cm,0.0,0,1,
0.09999999999999998,0.5,0.5,0.0,0,5,2,0.4,0.05,office0,framebalanced_majority_entropy,geometry_overmerge_7cm,0.0,0,1,
0.09999999999999998,0.5,0.5,0.0,0,5,2,0.4,0.05,office0,framebalanced_mean_disagreement,geometry_overmerge_7cm,0.0,0,1,
0.016666666666666607,0.33333333333333337,0.41666666666666663,0.0,0,5,2,0.4,0.05,office0,persistent_conflict_fraction,geometry_overmerge_7cm,0.0,0,1,
0.18333333333333324,0.6666666666666667,0.5833333333333333,0.0,0,5,2,0.4,0.05,office0,multi_owner_voxel_fraction,geometry_overmerge_7cm,0.0,0,1,
0.43333333333333324,0.8333333333333334,0.8333333333333333,0.0,0,5,2,0.4,0.05,office0,mean_owner_entropy,geometry_overmerge_7cm,1.0,1,1,
0.09999999999999998,0.5,0.5,0.0,0,5,2,0.4,0.05,office0,foreign_owner_link_fraction,geometry_overmerge_7cm,0.0,0,1,
0.016666666666666607,0.33333333333333337,0.41666666666666663,0.0,0,5,2,0.4,0.05,office0,semantic_mean,geometry_overmerge_7cm,0.0,0,1,
0.09999999999999998,0.5,0.5,0.0,0,5,2,0.4,0.05,office0,combined_mean,geometry_overmerge_7cm,0.0,0,1,
0.18333333333333324,0.6666666666666667,0.5833333333333333,0.0,0,5,2,0.4,0.05,office0,combined_top2_mean,geometry_overmerge_7cm,0.0,0,1,
0.016666666666666607,0.33333333333333337,0.41666666666666663,0.0,0,5,2,0.4,0.05,office0,framebalanced_semantic_mean,geometry_overmerge_7cm,0.0,0,1,
0.09999999999999998,0.5833333333333334,0.5,0.0,0,5,2,0.4,0.05,office0,owner_overlap_mean,geometry_overmerge_7cm,0.0,0,1,
0.6,1.0,1.0,0.0,0,5,2,0.4,0.05,office0,size_num_detections,geometry_overmerge_7cm,1.0,1,1,
0.6,1.0,1.0,0.0,0,5,2,0.4,0.05,office0,size_object_voxels,geometry_overmerge_7cm,1.0,1,1,
0.016666666666666607,0.33333333333333337,0.41666666666666663,0.0,0,5,2,0.4,0.05,office0,framebalanced_mean_disagreement_size_residual,geometry_overmerge_7cm,0.0,0,1,
0.09999999999999998,0.5,0.5,0.0,0,5,2,0.4,0.05,office0,framebalanced_majority_entropy_size_residual,geometry_overmerge_7cm,0.0,0,1,
0.43333333333333324,0.8333333333333334,0.8333333333333333,0.0,0,5,2,0.4,0.05,office0,mean_owner_entropy_size_residual,geometry_overmerge_7cm,1.0,1,1,
0.016666666666666607,0.33333333333333337,0.41666666666666663,0.0,0,5,2,0.4,0.05,office0,voxel_second_region_size_residual,geometry_overmerge_7cm,0.0,0,1,
-0.02808058760554888,0.45833333333333337,0.6991921396671784,0.42857142857142855,3,33,24,0.7272727272727273,0.1,office0,voxel_majority_entropy,sidecar_original_unified,0.5714285714285714,4,7,1.3333333333333333
-0.1196836655808664,0.2962962962962963,0.6075890616918609,0.7142857142857143,5,33,24,0.7272727272727273,0.1,office0,voxel_vote_entropy,sidecar_original_unified,0.2857142857142857,2,7,0.39999999999999997
0.06805152842712658,0.537037037037037,0.7953242556998539,0.7142857142857143,5,33,24,0.7272727272727273,0.1,office0,voxel_mean_disagreement,sidecar_original_unified,0.8571428571428571,6,7,1.2
-0.07978411391240336,0.42129629629629634,0.6474886133603239,0.42857142857142855,3,33,24,0.7272727272727273,0.1,office0,voxel_second_region,sidecar_original_unified,0.42857142857142855,3,7,1.0
0.014238898463937,0.4907407407407408,0.7415116257366643,0.42857142857142855,3,33,24,0.7272727272727273,0.1,office0,voxel_second_fraction,sidecar_original_unified,0.5714285714285714,4,7,1.3333333333333333
0.0,0.5,0.7272727272727273,0.14285714285714285,1,33,24,0.7272727272727273,0.1,office0,fragmentation,sidecar_original_unified,1.0,7,7,7.0
0.09310766628701417,0.5949074074074074,0.8203803935597415,0.5714285714285714,4,33,24,0.7272727272727273,0.1,office0,pair_conflict,sidecar_original_unified,0.8571428571428571,6,7,1.5
0.2386363636363633,0.9375,0.9659090909090906,0.0,0,33,24,0.7272727272727273,0.1,office0,nonspatial_owner_label_entropy,sidecar_original_unified,1.0,7,7,
-0.06421995162365102,0.37962962962962965,0.6630527756490763,0.7142857142857143,5,33,24,0.7272727272727273,0.1,office0,frozen_semantic_max,sidecar_original_unified,0.5714285714285714,4,7,0.7999999999999999
-0.03217150431504656,0.43981481481481477,0.6951012229576807,0.7142857142857143,5,33,24,0.7272727272727273,0.1,office0,frozen_combined_max,sidecar_original_unified,0.5714285714285714,4,7,0.7999999999999999
-0.014485203944375802,0.45833333333333326,0.7127875233283515,0.42857142857142855,3,33,24,0.7272727272727273,0.1,office0,framebalanced_majority_entropy,sidecar_original_unified,0.5714285714285714,4,7,1.3333333333333333
0.11489208958630681,0.6805555555555556,0.8421648168590341,0.5714285714285714,4,33,24,0.7272727272727273,0.1,office0,framebalanced_mean_disagreement,sidecar_original_unified,0.7142857142857143,5,7,1.25
-0.023079749495443114,0.513888888888889,0.7041929777772842,0.42857142857142855,3,33,24,0.7272727272727273,0.1,office0,persistent_conflict_fraction,sidecar_original_unified,1.0,7,7,2.3333333333333335
-0.0015894733286037077,0.4722222222222222,0.7256832539441236,0.7142857142857143,5,33,24,0.7272727272727273,0.1,office0,multi_owner_voxel_fraction,sidecar_original_unified,0.7142857142857143,5,7,1.0
-0.018313005077710942,0.47685185185185186,0.7089597221950164,0.7142857142857143,5,33,24,0.7272727272727273,0.1,office0,mean_owner_entropy,sidecar_original_unified,0.7142857142857143,5,7,1.0
-0.09994276817473913,0.24999999999999994,0.6273299590979882,0.7142857142857143,5,33,24,0.7272727272727273,0.1,office0,foreign_owner_link_fraction,sidecar_original_unified,0.2857142857142857,2,7,0.39999999999999997
-0.0008400157585353174,0.4722222222222222,0.726432711514192,0.7142857142857143,5,33,24,0.7272727272727273,0.1,office0,semantic_mean,sidecar_original_unified,0.5714285714285714,4,7,0.7999999999999999
0.054611293647773396,0.5370370370370371,0.7818840209205007,0.7142857142857143,5,33,24,0.7272727272727273,0.1,office0,combined_mean,sidecar_original_unified,0.5714285714285714,4,7,0.7999999999999999
0.05811640141887697,0.550925925925926,0.7853891286916043,0.5714285714285714,4,33,24,0.7272727272727273,0.1,office0,combined_top2_mean,sidecar_original_unified,0.5714285714285714,4,7,1.0
0.01347439316185195,0.5092592592592592,0.7407471204345792,0.7142857142857143,5,33,24,0.7272727272727273,0.1,office0,framebalanced_semantic_mean,sidecar_original_unified,0.5714285714285714,4,7,0.7999999999999999
-0.058577045147411244,0.3842592592592592,0.668695682125316,0.7142857142857143,5,33,24,0.7272727272727273,0.1,office0,owner_overlap_mean,sidecar_original_unified,0.7142857142857143,5,7,1.0
0.2727272727272727,1.0,1.0,0.0,0,33,24,0.7272727272727273,0.1,office0,size_num_detections,sidecar_original_unified,1.0,7,7,
0.11004850194226279,0.6967592592592593,0.8373212292149901,0.42857142857142855,3,33,24,0.7272727272727273,0.1,office0,size_object_voxels,sidecar_original_unified,0.7142857142857143,5,7,1.6666666666666667
0.01713752849784944,0.5092592592592593,0.7444102557705767,0.7142857142857143,5,33,24,0.7272727272727273,0.1,office0,framebalanced_mean_disagreement_size_residual,sidecar_original_unified,0.7142857142857143,5,7,1.0
-0.06957726215039284,0.35185185185185186,0.6576954651223345,0.8571428571428571,6,33,24,0.7272727272727273,0.1,office0,framebalanced_majority_entropy_size_residual,sidecar_original_unified,0.5714285714285714,4,7,0.6666666666666666
-0.00591192558379694,0.5277777777777778,0.7213608016889304,0.7142857142857143,5,33,24,0.7272727272727273,0.1,office0,mean_owner_entropy_size_residual,sidecar_original_unified,0.7142857142857143,5,7,1.0
-0.0683321646755286,0.3842592592592593,0.6589405625971987,1.0,7,33,24,0.7272727272727273,0.1,office0,voxel_second_region_size_residual,sidecar_original_unified,0.42857142857142855,3,7,0.42857142857142855
-0.02808058760554888,0.45833333333333337,0.6991921396671784,0.42857142857142855,3,33,24,0.7272727272727273,0.1,office0,voxel_majority_entropy,sidecar_strict_unified,0.5714285714285714,4,7,1.3333333333333333
-0.1196836655808664,0.2962962962962963,0.6075890616918609,0.7142857142857143,5,33,24,0.7272727272727273,0.1,office0,voxel_vote_entropy,sidecar_strict_unified,0.2857142857142857,2,7,0.39999999999999997
0.06805152842712658,0.537037037037037,0.7953242556998539,0.7142857142857143,5,33,24,0.7272727272727273,0.1,office0,voxel_mean_disagreement,sidecar_strict_unified,0.8571428571428571,6,7,1.2
-0.07978411391240336,0.42129629629629634,0.6474886133603239,0.42857142857142855,3,33,24,0.7272727272727273,0.1,office0,voxel_second_region,sidecar_strict_unified,0.42857142857142855,3,7,1.0
0.014238898463937,0.4907407407407408,0.7415116257366643,0.42857142857142855,3,33,24,0.7272727272727273,0.1,office0,voxel_second_fraction,sidecar_strict_unified,0.5714285714285714,4,7,1.3333333333333333
0.0,0.5,0.7272727272727273,0.14285714285714285,1,33,24,0.7272727272727273,0.1,office0,fragmentation,sidecar_strict_unified,1.0,7,7,7.0
0.09310766628701417,0.5949074074074074,0.8203803935597415,0.5714285714285714,4,33,24,0.7272727272727273,0.1,office0,pair_conflict,sidecar_strict_unified,0.8571428571428571,6,7,1.5
0.2386363636363633,0.9375,0.9659090909090906,0.0,0,33,24,0.7272727272727273,0.1,office0,nonspatial_owner_label_entropy,sidecar_strict_unified,1.0,7,7,
-0.06421995162365102,0.37962962962962965,0.6630527756490763,0.7142857142857143,5,33,24,0.7272727272727273,0.1,office0,frozen_semantic_max,sidecar_strict_unified,0.5714285714285714,4,7,0.7999999999999999
-0.03217150431504656,0.43981481481481477,0.6951012229576807,0.7142857142857143,5,33,24,0.7272727272727273,0.1,office0,frozen_combined_max,sidecar_strict_unified,0.5714285714285714,4,7,0.7999999999999999
-0.014485203944375802,0.45833333333333326,0.7127875233283515,0.42857142857142855,3,33,24,0.7272727272727273,0.1,office0,framebalanced_majority_entropy,sidecar_strict_unified,0.5714285714285714,4,7,1.3333333333333333
0.11489208958630681,0.6805555555555556,0.8421648168590341,0.5714285714285714,4,33,24,0.7272727272727273,0.1,office0,framebalanced_mean_disagreement,sidecar_strict_unified,0.7142857142857143,5,7,1.25
-0.023079749495443114,0.513888888888889,0.7041929777772842,0.42857142857142855,3,33,24,0.7272727272727273,0.1,office0,persistent_conflict_fraction,sidecar_strict_unified,1.0,7,7,2.3333333333333335
-0.0015894733286037077,0.4722222222222222,0.7256832539441236,0.7142857142857143,5,33,24,0.7272727272727273,0.1,office0,multi_owner_voxel_fraction,sidecar_strict_unified,0.7142857142857143,5,7,1.0
-0.018313005077710942,0.47685185185185186,0.7089597221950164,0.7142857142857143,5,33,24,0.7272727272727273,0.1,office0,mean_owner_entropy,sidecar_strict_unified,0.7142857142857143,5,7,1.0
-0.09994276817473913,0.24999999999999994,0.6273299590979882,0.7142857142857143,5,33,24,0.7272727272727273,0.1,office0,foreign_owner_link_fraction,sidecar_strict_unified,0.2857142857142857,2,7,0.39999999999999997
-0.0008400157585353174,0.4722222222222222,0.726432711514192,0.7142857142857143,5,33,24,0.7272727272727273,0.1,office0,semantic_mean,sidecar_strict_unified,0.5714285714285714,4,7,0.7999999999999999
0.054611293647773396,0.5370370370370371,0.7818840209205007,0.7142857142857143,5,33,24,0.7272727272727273,0.1,office0,combined_mean,sidecar_strict_unified,0.5714285714285714,4,7,0.7999999999999999
0.05811640141887697,0.550925925925926,0.7853891286916043,0.5714285714285714,4,33,24,0.7272727272727273,0.1,office0,combined_top2_mean,sidecar_strict_unified,0.5714285714285714,4,7,1.0
0.01347439316185195,0.5092592592592592,0.7407471204345792,0.7142857142857143,5,33,24,0.7272727272727273,0.1,office0,framebalanced_semantic_mean,sidecar_strict_unified,0.5714285714285714,4,7,0.7999999999999999
-0.058577045147411244,0.3842592592592592,0.668695682125316,0.7142857142857143,5,33,24,0.7272727272727273,0.1,office0,owner_overlap_mean,sidecar_strict_unified,0.7142857142857143,5,7,1.0
0.2727272727272727,1.0,1.0,0.0,0,33,24,0.7272727272727273,0.1,office0,size_num_detections,sidecar_strict_unified,1.0,7,7,
0.11004850194226279,0.6967592592592593,0.8373212292149901,0.42857142857142855,3,33,24,0.7272727272727273,0.1,office0,size_object_voxels,sidecar_strict_unified,0.7142857142857143,5,7,1.6666666666666667
0.01713752849784944,0.5092592592592593,0.7444102557705767,0.7142857142857143,5,33,24,0.7272727272727273,0.1,office0,framebalanced_mean_disagreement_size_residual,sidecar_strict_unified,0.7142857142857143,5,7,1.0
-0.06957726215039284,0.35185185185185186,0.6576954651223345,0.8571428571428571,6,33,24,0.7272727272727273,0.1,office0,framebalanced_majority_entropy_size_residual,sidecar_strict_unified,0.5714285714285714,4,7,0.6666666666666666
-0.00591192558379694,0.5277777777777778,0.7213608016889304,0.7142857142857143,5,33,24,0.7272727272727273,0.1,office0,mean_owner_entropy_size_residual,sidecar_strict_unified,0.7142857142857143,5,7,1.0
-0.0683321646755286,0.3842592592592593,0.6589405625971987,1.0,7,33,24,0.7272727272727273,0.1,office0,voxel_second_region_size_residual,sidecar_strict_unified,0.42857142857142855,3,7,0.42857142857142855
0.016198587625902428,0.5537190082644627,0.6828652542925691,0.2857142857142857,2,33,22,0.6666666666666666,0.1,office0,voxel_majority_entropy,sidecar_original_mask,0.5714285714285714,4,7,2.0
-0.10459937789329066,0.3450413223140496,0.562067288773376,0.5714285714285714,4,33,22,0.6666666666666666,0.1,office0,voxel_vote_entropy,sidecar_original_mask,0.2857142857142857,2,7,0.5
0.11305422062248482,0.5929752066115703,0.7797208872891515,0.5714285714285714,4,33,22,0.6666666666666666,0.1,office0,voxel_mean_disagreement,sidecar_original_mask,0.8571428571428571,6,7,1.5
-0.040205259254302295,0.5206611570247933,0.6264614074123643,0.2857142857142857,2,33,22,0.6666666666666666,0.1,office0,voxel_second_region,sidecar_original_mask,0.42857142857142855,3,7,1.5
0.06236529970170546,0.5826446280991735,0.7290319663683721,0.2857142857142857,2,33,22,0.6666666666666666,0.1,office0,voxel_second_fraction,sidecar_original_mask,0.5714285714285714,4,7,2.0
0.0,0.5,0.6666666666666666,0.14285714285714285,1,33,22,0.6666666666666666,0.1,office0,fragmentation,sidecar_original_mask,1.0,7,7,7.0
0.130627526842942,0.6033057851239669,0.7972941935096086,0.5714285714285714,4,33,22,0.6666666666666666,0.1,office0,pair_conflict,sidecar_original_mask,0.8571428571428571,6,7,1.5
0.24112005887442123,0.884297520661157,0.9077867255410879,0.0,0,33,22,0.6666666666666666,0.1,office0,nonspatial_owner_label_entropy,sidecar_original_mask,0.8571428571428571,6,7,
-0.02210558495507542,0.4772727272727273,0.6445610817115912,0.5714285714285714,4,33,22,0.6666666666666666,0.1,office0,frozen_semantic_max,sidecar_original_mask,0.5714285714285714,4,7,1.0
0.014490590333998798,0.5495867768595042,0.6811572570006654,0.42857142857142855,3,33,22,0.6666666666666666,0.1,office0,frozen_combined_max,sidecar_original_mask,0.5714285714285714,4,7,1.3333333333333333
0.028275094319634042,0.5495867768595041,0.6949417609863007,0.2857142857142857,2,33,22,0.6666666666666666,0.1,office0,framebalanced_majority_entropy,sidecar_original_mask,0.5714285714285714,4,7,2.0
0.1520236614203866,0.7045454545454546,0.8186903280870532,0.42857142857142855,3,33,22,0.6666666666666666,0.1,office0,framebalanced_mean_disagreement,sidecar_original_mask,0.7142857142857143,5,7,1.6666666666666667
0.007294456350275702,0.5557851239669422,0.6739611230169423,0.2857142857142857,2,33,22,0.6666666666666666,0.1,office0,persistent_conflict_fraction,sidecar_original_mask,1.0,7,7,3.5
0.002452331923675888,0.48140495867768596,0.6691189985903425,0.5714285714285714,4,33,22,0.6666666666666666,0.1,office0,multi_owner_voxel_fraction,sidecar_original_mask,0.5714285714285714,4,7,1.0
-0.012214141325104011,0.4896694214876033,0.6544525253415626,0.5714285714285714,4,33,22,0.6666666666666666,0.1,office0,mean_owner_entropy,sidecar_original_mask,0.7142857142857143,5,7,1.25
-0.07478350374517428,0.3243801652892562,0.5918831629214923,0.5714285714285714,4,33,22,0.6666666666666666,0.1,office0,foreign_owner_link_fraction,sidecar_original_mask,0.2857142857142857,2,7,0.5
0.05190165043881423,0.5723140495867769,0.7185683171054809,0.5714285714285714,4,33,22,0.6666666666666666,0.1,office0,semantic_mean,sidecar_original_mask,0.5714285714285714,4,7,1.0
0.09910093860967584,0.5867768595041323,0.7657676052763425,0.7142857142857143,5,33,22,0.6666666666666666,0.1,office0,combined_mean,sidecar_original_mask,0.5714285714285714,4,7,0.7999999999999999
0.10429944573472383,0.6033057851239669,0.7709661124013905,0.5714285714285714,4,33,22,0.6666666666666666,0.1,office0,combined_top2_mean,sidecar_original_mask,0.5714285714285714,4,7,1.0
0.06326709055425439,0.5929752066115703,0.729933757220921,0.5714285714285714,4,33,22,0.6666666666666666,0.1,office0,framebalanced_semantic_mean,sidecar_original_mask,0.5714285714285714,4,7,1.0
-0.044887403468639286,0.4152892561983471,0.6217792631980273,0.5714285714285714,4,33,22,0.6666666666666666,0.1,office0,owner_overlap_mean,sidecar_original_mask,0.7142857142857143,5,7,1.25
0.32559288537549413,0.9855371900826446,0.9922595520421608,0.0,0,33,22,0.6666666666666666,0.1,office0,size_num_detections,sidecar_original_mask,1.0,7,7,
0.1426441790335743,0.6962809917355373,0.8093108457002409,0.42857142857142855,3,33,22,0.6666666666666666,0.1,office0,size_object_voxels,sidecar_original_mask,0.7142857142857143,5,7,1.6666666666666667
0.03863901301060191,0.5371900826446281,0.7053056796772685,0.5714285714285714,4,33,22,0.6666666666666666,0.1,office0,framebalanced_mean_disagreement_size_residual,sidecar_original_mask,0.7142857142857143,5,7,1.25
-0.01798840005757374,0.48347107438016534,0.6486782666090929,0.5714285714285714,4,33,22,0.6666666666666666,0.1,office0,framebalanced_majority_entropy_size_residual,sidecar_original_mask,0.5714285714285714,4,7,1.0
0.008630880614189596,0.5454545454545454,0.6752975472808562,0.5714285714285714,4,33,22,0.6666666666666666,0.1,office0,mean_owner_entropy_size_residual,sidecar_original_mask,0.7142857142857143,5,7,1.25
-0.017693703484009338,0.5082644628099173,0.6489729631826573,0.7142857142857143,5,33,22,0.6666666666666666,0.1,office0,voxel_second_region_size_residual,sidecar_original_mask,0.42857142857142855,3,7,0.6
0.016198587625902428,0.5537190082644627,0.6828652542925691,0.2857142857142857,2,33,22,0.6666666666666666,0.1,office0,voxel_majority_entropy,sidecar_strict_mask,0.5714285714285714,4,7,2.0
-0.10459937789329066,0.3450413223140496,0.562067288773376,0.5714285714285714,4,33,22,0.6666666666666666,0.1,office0,voxel_vote_entropy,sidecar_strict_mask,0.2857142857142857,2,7,0.5
0.11305422062248482,0.5929752066115703,0.7797208872891515,0.5714285714285714,4,33,22,0.6666666666666666,0.1,office0,voxel_mean_disagreement,sidecar_strict_mask,0.8571428571428571,6,7,1.5
-0.040205259254302295,0.5206611570247933,0.6264614074123643,0.2857142857142857,2,33,22,0.6666666666666666,0.1,office0,voxel_second_region,sidecar_strict_mask,0.42857142857142855,3,7,1.5
0.06236529970170546,0.5826446280991735,0.7290319663683721,0.2857142857142857,2,33,22,0.6666666666666666,0.1,office0,voxel_second_fraction,sidecar_strict_mask,0.5714285714285714,4,7,2.0
0.0,0.5,0.6666666666666666,0.14285714285714285,1,33,22,0.6666666666666666,0.1,office0,fragmentation,sidecar_strict_mask,1.0,7,7,7.0
0.130627526842942,0.6033057851239669,0.7972941935096086,0.5714285714285714,4,33,22,0.6666666666666666,0.1,office0,pair_conflict,sidecar_strict_mask,0.8571428571428571,6,7,1.5
0.24112005887442123,0.884297520661157,0.9077867255410879,0.0,0,33,22,0.6666666666666666,0.1,office0,nonspatial_owner_label_entropy,sidecar_strict_mask,0.8571428571428571,6,7,
-0.02210558495507542,0.4772727272727273,0.6445610817115912,0.5714285714285714,4,33,22,0.6666666666666666,0.1,office0,frozen_semantic_max,sidecar_strict_mask,0.5714285714285714,4,7,1.0
0.014490590333998798,0.5495867768595042,0.6811572570006654,0.42857142857142855,3,33,22,0.6666666666666666,0.1,office0,frozen_combined_max,sidecar_strict_mask,0.5714285714285714,4,7,1.3333333333333333
0.028275094319634042,0.5495867768595041,0.6949417609863007,0.2857142857142857,2,33,22,0.6666666666666666,0.1,office0,framebalanced_majority_entropy,sidecar_strict_mask,0.5714285714285714,4,7,2.0
0.1520236614203866,0.7045454545454546,0.8186903280870532,0.42857142857142855,3,33,22,0.6666666666666666,0.1,office0,framebalanced_mean_disagreement,sidecar_strict_mask,0.7142857142857143,5,7,1.6666666666666667
0.007294456350275702,0.5557851239669422,0.6739611230169423,0.2857142857142857,2,33,22,0.6666666666666666,0.1,office0,persistent_conflict_fraction,sidecar_strict_mask,1.0,7,7,3.5
0.002452331923675888,0.48140495867768596,0.6691189985903425,0.5714285714285714,4,33,22,0.6666666666666666,0.1,office0,multi_owner_voxel_fraction,sidecar_strict_mask,0.5714285714285714,4,7,1.0
-0.012214141325104011,0.4896694214876033,0.6544525253415626,0.5714285714285714,4,33,22,0.6666666666666666,0.1,office0,mean_owner_entropy,sidecar_strict_mask,0.7142857142857143,5,7,1.25
-0.07478350374517428,0.3243801652892562,0.5918831629214923,0.5714285714285714,4,33,22,0.6666666666666666,0.1,office0,foreign_owner_link_fraction,sidecar_strict_mask,0.2857142857142857,2,7,0.5
0.05190165043881423,0.5723140495867769,0.7185683171054809,0.5714285714285714,4,33,22,0.6666666666666666,0.1,office0,semantic_mean,sidecar_strict_mask,0.5714285714285714,4,7,1.0
0.09910093860967584,0.5867768595041323,0.7657676052763425,0.7142857142857143,5,33,22,0.6666666666666666,0.1,office0,combined_mean,sidecar_strict_mask,0.5714285714285714,4,7,0.7999999999999999
0.10429944573472383,0.6033057851239669,0.7709661124013905,0.5714285714285714,4,33,22,0.6666666666666666,0.1,office0,combined_top2_mean,sidecar_strict_mask,0.5714285714285714,4,7,1.0
0.06326709055425439,0.5929752066115703,0.729933757220921,0.5714285714285714,4,33,22,0.6666666666666666,0.1,office0,framebalanced_semantic_mean,sidecar_strict_mask,0.5714285714285714,4,7,1.0
-0.044887403468639286,0.4152892561983471,0.6217792631980273,0.5714285714285714,4,33,22,0.6666666666666666,0.1,office0,owner_overlap_mean,sidecar_strict_mask,0.7142857142857143,5,7,1.25
0.32559288537549413,0.9855371900826446,0.9922595520421608,0.0,0,33,22,0.6666666666666666,0.1,office0,size_num_detections,sidecar_strict_mask,1.0,7,7,
0.1426441790335743,0.6962809917355373,0.8093108457002409,0.42857142857142855,3,33,22,0.6666666666666666,0.1,office0,size_object_voxels,sidecar_strict_mask,0.7142857142857143,5,7,1.6666666666666667
0.03863901301060191,0.5371900826446281,0.7053056796772685,0.5714285714285714,4,33,22,0.6666666666666666,0.1,office0,framebalanced_mean_disagreement_size_residual,sidecar_strict_mask,0.7142857142857143,5,7,1.25
-0.01798840005757374,0.48347107438016534,0.6486782666090929,0.5714285714285714,4,33,22,0.6666666666666666,0.1,office0,framebalanced_majority_entropy_size_residual,sidecar_strict_mask,0.5714285714285714,4,7,1.0
0.008630880614189596,0.5454545454545454,0.6752975472808562,0.5714285714285714,4,33,22,0.6666666666666666,0.1,office0,mean_owner_entropy_size_residual,sidecar_strict_mask,0.7142857142857143,5,7,1.25
-0.017693703484009338,0.5082644628099173,0.6489729631826573,0.7142857142857143,5,33,22,0.6666666666666666,0.1,office0,voxel_second_region_size_residual,sidecar_strict_mask,0.42857142857142855,3,7,0.6
0.0704172370839038,0.6574074074074074,0.8204172370839038,0.4,2,24,18,0.75,0.1,office0,voxel_majority_entropy,sidecar_original_association,0.8,4,5,2.0
0.035624515281378,0.625,0.785624515281378,0.6,3,24,18,0.75,0.1,office0,voxel_vote_entropy,sidecar_original_association,0.8,4,5,1.3333333333333335
0.10788879330545997,0.7361111111111112,0.85788879330546,0.6,3,24,18,0.75,0.1,office0,voxel_mean_disagreement,sidecar_original_association,0.8,4,5,1.3333333333333335
0.09483048723244814,0.6759259259259259,0.8448304872324481,0.4,2,24,18,0.75,0.1,office0,voxel_second_region,sidecar_original_association,0.8,4,5,2.0
0.10451062191258276,0.6759259259259259,0.8545106219125828,0.4,2,24,18,0.75,0.1,office0,voxel_second_fraction,sidecar_original_association,0.8,4,5,2.0
0.0,0.5,0.75,0.8,4,24,18,0.75,0.1,office0,fragmentation,sidecar_original_association,1.0,5,5,1.25
0.06927545183479134,0.5694444444444444,0.8192754518347913,0.8,4,24,18,0.75,0.1,office0,pair_conflict,sidecar_original_association,0.8,4,5,1.0
0.18477872436205778,0.837962962962963,0.9347787243620578,0.4,2,24,18,0.75,0.1,office0,nonspatial_owner_label_entropy,sidecar_original_association,1.0,5,5,2.5
0.05100650983003918,0.6435185185185185,0.8010065098300392,0.4,2,24,18,0.75,0.1,office0,frozen_semantic_max,sidecar_original_association,0.6,3,5,1.4999999999999998
0.049274114592742,0.5972222222222223,0.799274114592742,0.4,2,24,18,0.75,0.1,office0,frozen_combined_max,sidecar_original_association,0.6,3,5,1.4999999999999998
0.0889357556024224,0.6666666666666666,0.8389357556024224,0.4,2,24,18,0.75,0.1,office0,framebalanced_majority_entropy,sidecar_original_association,0.8,4,5,2.0
0.08011101552768218,0.7268518518518519,0.8301110155276822,0.6,3,24,18,0.75,0.1,office0,framebalanced_mean_disagreement,sidecar_original_association,0.8,4,5,1.3333333333333335
0.09104410381500172,0.6944444444444444,0.8410441038150017,0.4,2,24,18,0.75,0.1,office0,persistent_conflict_fraction,sidecar_original_association,1.0,5,5,2.5
0.11848121014787683,0.712962962962963,0.8684812101478768,0.4,2,24,18,0.75,0.1,office0,multi_owner_voxel_fraction,sidecar_original_association,0.8,4,5,2.0
0.1139357556024223,0.7037037037037037,0.8639357556024223,0.4,2,24,18,0.75,0.1,office0,mean_owner_entropy,sidecar_original_association,0.8,4,5,2.0
-0.014525443692110396,0.5925925925925927,0.7354745563078896,0.4,2,24,18,0.75,0.1,office0,foreign_owner_link_fraction,sidecar_original_association,0.6,3,5,1.4999999999999998
0.13523679384102505,0.7083333333333333,0.885236793841025,0.4,2,24,18,0.75,0.1,office0,semantic_mean,sidecar_original_association,1.0,5,5,2.5
0.10784779399975475,0.6620370370370371,0.8578477939997547,0.6,3,24,18,0.75,0.1,office0,combined_mean,sidecar_original_association,0.8,4,5,1.3333333333333335
0.09649449492715756,0.6388888888888888,0.8464944949271576,0.4,2,24,18,0.75,0.1,office0,combined_top2_mean,sidecar_original_association,0.8,4,5,2.0
0.10965850598203541,0.6898148148148148,0.8596585059820354,0.4,2,24,18,0.75,0.1,office0,framebalanced_semantic_mean,sidecar_original_association,0.8,4,5,2.0
0.07465004131670794,0.6574074074074074,0.8246500413167079,0.4,2,24,18,0.75,0.1,office0,owner_overlap_mean,sidecar_original_association,0.8,4,5,2.0
0.14449575932419068,0.8194444444444444,0.8944957593241907,0.2,1,24,18,0.75,0.1,office0,size_num_detections,sidecar_original_association,0.8,4,5,4.0
0.13507558834711442,0.6898148148148147,0.8850755883471144,0.6,3,24,18,0.75,0.1,office0,size_object_voxels,sidecar_original_association,1.0,5,5,1.6666666666666667
0.08597498851122043,0.6666666666666667,0.8359749885112204,0.6,3,24,18,0.75,0.1,office0,framebalanced_mean_disagreement_size_residual,sidecar_original_association,0.8,4,5,1.3333333333333335
0.04393457419773217,0.6296296296296297,0.7939345741977322,0.6,3,24,18,0.75,0.1,office0,framebalanced_majority_entropy_size_residual,sidecar_original_association,0.8,4,5,1.3333333333333335
0.14177998739402253,0.75,0.8917799873940225,0.4,2,24,18,0.75,0.1,office0,mean_owner_entropy_size_residual,sidecar_original_association,0.8,4,5,2.0
0.08151632318298985,0.6574074074074074,0.8315163231829898,0.6,3,24,18,0.75,0.1,office0,voxel_second_region_size_residual,sidecar_original_association,0.8,4,5,1.3333333333333335
0.12677373954547866,0.75,0.8224259134585221,0.2,1,23,16,0.6956521739130435,0.1,office0,voxel_majority_entropy,sidecar_strict_association,0.8,4,5,4.0
-0.05670490084652491,0.4241071428571429,0.6389472730665186,0.6,3,23,16,0.6956521739130435,0.1,office0,voxel_vote_entropy,sidecar_strict_association,0.4,2,5,0.6666666666666667
0.05682419319969367,0.59375,0.7524763671127371,0.6,3,23,16,0.6956521739130435,0.1,office0,voxel_mean_disagreement,sidecar_strict_association,0.6,3,5,1.0
0.1574555577272969,0.7767857142857143,0.8531077316403404,0.2,1,23,16,0.6956521739130435,0.1,office0,voxel_second_region,sidecar_strict_association,0.8,4,5,4.0
0.1683457092424484,0.7767857142857143,0.8639978831554919,0.2,1,23,16,0.6956521739130435,0.1,office0,voxel_second_fraction,sidecar_strict_association,0.8,4,5,4.0
0.0,0.5,0.6956521739130435,0.6,3,23,16,0.6956521739130435,0.1,office0,fragmentation,sidecar_strict_association,1.0,5,5,1.6666666666666667
0.15509011432566933,0.7053571428571428,0.8507422882387128,0.6,3,23,16,0.6956521739130435,0.1,office0,pair_conflict,sidecar_strict_association,0.8,4,5,1.3333333333333335
0.0157499165991013,0.5803571428571428,0.7114020905121448,0.4,2,23,16,0.6956521739130435,0.1,office0,nonspatial_owner_label_entropy,sidecar_strict_association,0.6,3,5,1.4999999999999998
0.04297073699247611,0.5758928571428572,0.7386229109055196,0.4,2,23,16,0.6956521739130435,0.1,office0,frozen_semantic_max,sidecar_strict_association,0.6,3,5,1.4999999999999998
0.08411146411665915,0.6383928571428571,0.7797636380297026,0.2,1,23,16,0.6956521739130435,0.1,office0,frozen_combined_max,sidecar_strict_association,0.6,3,5,2.9999999999999996
0.14760707287881203,0.7589285714285715,0.8432592467918555,0.2,1,23,16,0.6956521739130435,0.1,office0,framebalanced_majority_entropy,sidecar_strict_association,0.8,4,5,4.0
0.030403738654239065,0.5848214285714286,0.7260559125672825,0.6,3,23,16,0.6956521739130435,0.1,office0,framebalanced_mean_disagreement,sidecar_strict_association,0.6,3,5,1.0
0.0198586774833579,0.5446428571428572,0.7155108513964014,0.4,2,23,16,0.6956521739130435,0.1,office0,persistent_conflict_fraction,sidecar_strict_association,0.8,4,5,2.0
0.02040344920779691,0.5892857142857143,0.7160556231208404,0.4,2,23,16,0.6956521739130435,0.1,office0,multi_owner_voxel_fraction,sidecar_strict_association,0.6,3,5,1.4999999999999998
0.06658400476335258,0.5982142857142857,0.762236178676396,0.4,2,23,16,0.6956521739130435,0.1,office0,mean_owner_entropy,sidecar_strict_association,0.6,3,5,1.4999999999999998
-0.005290995236647444,0.5625,0.690361178676396,0.4,2,23,16,0.6956521739130435,0.1,office0,foreign_owner_link_fraction,sidecar_strict_association,0.6,3,5,1.4999999999999998
0.1854112448541796,0.7455357142857143,0.881063418767223,0.4,2,23,16,0.6956521739130435,0.1,office0,semantic_mean,sidecar_strict_association,1.0,5,5,2.5
0.16764282556921628,0.7366071428571429,0.8632949994822597,0.4,2,23,16,0.6956521739130435,0.1,office0,combined_mean,sidecar_strict_association,0.8,4,5,2.0
0.1710282422358831,0.7410714285714286,0.8666804161489265,0.4,2,23,16,0.6956521739130435,0.1,office0,combined_top2_mean,sidecar_strict_association,0.8,4,5,2.0
0.14710936597325674,0.7008928571428572,0.8427615398863002,0.4,2,23,16,0.6956521739130435,0.1,office0,framebalanced_semantic_mean,sidecar_strict_association,0.8,4,5,2.0
0.05408400476335262,0.5714285714285714,0.7497361786763961,0.4,2,23,16,0.6956521739130435,0.1,office0,owner_overlap_mean,sidecar_strict_association,0.6,3,5,1.4999999999999998
0.20395912675524264,0.875,0.8996113006682861,0.0,0,23,16,0.6956521739130435,0.1,office0,size_num_detections,sidecar_strict_association,0.8,4,5,
0.22092054081417978,0.8080357142857143,0.9165727147272232,0.4,2,23,16,0.6956521739130435,0.1,office0,size_object_voxels,sidecar_strict_association,1.0,5,5,2.5
0.018173939246130977,0.5,0.7138261131591744,0.6,3,23,16,0.6956521739130435,0.1,office0,framebalanced_mean_disagreement_size_residual,sidecar_strict_association,0.6,3,5,1.0
0.09389642624410943,0.7142857142857143,0.7895486001571529,0.4,2,23,16,0.6956521739130435,0.1,office0,framebalanced_majority_entropy_size_residual,sidecar_strict_association,0.8,4,5,2.0
0.11940224191536619,0.6607142857142857,0.8150544158284097,0.4,2,23,16,0.6956521739130435,0.1,office0,mean_owner_entropy_size_residual,sidecar_strict_association,0.8,4,5,2.0
0.12639166766204823,0.7142857142857143,0.8220438415750917,0.4,2,23,16,0.6956521739130435,0.1,office0,voxel_second_region_size_residual,sidecar_strict_association,0.8,4,5,2.0
-0.010197398397358115,0.48260869565217396,0.6867722985723389,0.42857142857142855,3,33,23,0.696969696969697,0.1,office0,voxel_majority_entropy,sidecar_conservative_unified,0.5714285714285714,4,7,1.3333333333333333
-0.10203369228024661,0.34782608695652173,0.5949360046894504,0.7142857142857143,5,33,23,0.696969696969697,0.1,office0,voxel_vote_entropy,sidecar_conservative_unified,0.2857142857142857,2,7,0.39999999999999997
0.09128865063110392,0.5652173913043479,0.7882583476008009,0.7142857142857143,5,33,23,0.696969696969697,0.1,office0,voxel_mean_disagreement,sidecar_conservative_unified,0.8571428571428571,6,7,1.2
-0.0656546447450338,0.4434782608695652,0.6313150522246632,0.42857142857142855,3,33,23,0.696969696969697,0.1,office0,voxel_second_region,sidecar_conservative_unified,0.42857142857142855,3,7,1.0
0.032456324691147675,0.5086956521739131,0.7294260216608447,0.42857142857142855,3,33,23,0.696969696969697,0.1,office0,voxel_second_fraction,sidecar_conservative_unified,0.5714285714285714,4,7,1.3333333333333333
0.0,0.5,0.696969696969697,0.14285714285714285,1,33,23,0.696969696969697,0.1,office0,fragmentation,sidecar_conservative_unified,1.0,7,7,7.0
0.07727473429741849,0.5456521739130435,0.7742444312671155,0.5714285714285714,4,33,23,0.696969696969697,0.1,office0,pair_conflict,sidecar_conservative_unified,0.7142857142857143,5,7,1.25
0.27667984189723294,0.9565217391304348,0.97364953886693,0.0,0,33,23,0.696969696969697,0.1,office0,nonspatial_owner_label_entropy,sidecar_conservative_unified,1.0,7,7,
-0.04374151320624309,0.42608695652173917,0.6532281837634539,0.7142857142857143,5,33,23,0.696969696969697,0.1,office0,frozen_semantic_max,sidecar_conservative_unified,0.5714285714285714,4,7,0.7999999999999999
-0.02494872808227644,0.44130434782608696,0.6720209688874206,0.7142857142857143,5,33,23,0.696969696969697,0.1,office0,frozen_combined_max,sidecar_conservative_unified,0.5714285714285714,4,7,0.7999999999999999
0.003142109793408676,0.4782608695652174,0.7001118067631057,0.42857142857142855,3,33,23,0.696969696969697,0.1,office0,framebalanced_majority_entropy,sidecar_conservative_unified,0.5714285714285714,4,7,1.3333333333333333
0.13846793534134827,0.6956521739130435,0.8354376323110453,0.5714285714285714,4,33,23,0.696969696969697,0.1,office0,framebalanced_mean_disagreement,sidecar_conservative_unified,0.7142857142857143,5,7,1.25
-0.005006915094746489,0.5391304347826087,0.6919627818749505,0.42857142857142855,3,33,23,0.696969696969697,0.1,office0,persistent_conflict_fraction,sidecar_conservative_unified,1.0,7,7,2.3333333333333335
-0.013535149475603303,0.4347826086956521,0.6834345474940937,0.7142857142857143,5,33,23,0.696969696969697,0.1,office0,multi_owner_voxel_fraction,sidecar_conservative_unified,0.7142857142857143,5,7,1.0
-0.03532792512971561,0.4347826086956522,0.6616417718399814,0.7142857142857143,5,33,23,0.696969696969697,0.1,office0,mean_owner_entropy,sidecar_conservative_unified,0.5714285714285714,4,7,0.7999999999999999
-0.11509267441278892,0.208695652173913,0.5818770225569081,0.7142857142857143,5,33,23,0.696969696969697,0.1,office0,foreign_owner_link_fraction,sidecar_conservative_unified,0.14285714285714285,1,7,0.19999999999999998
0.020773059373824676,0.508695652173913,0.7177427563435217,0.7142857142857143,5,33,23,0.696969696969697,0.1,office0,semantic_mean,sidecar_conservative_unified,0.5714285714285714,4,7,0.7999999999999999
0.06436642498982548,0.5304347826086956,0.7613361219595225,0.7142857142857143,5,33,23,0.696969696969697,0.1,office0,combined_mean,sidecar_conservative_unified,0.5714285714285714,4,7,0.7999999999999999
0.0586781783441821,0.5260869565217391,0.7556478753138791,0.5714285714285714,4,33,23,0.696969696969697,0.1,office0,combined_top2_mean,sidecar_conservative_unified,0.5714285714285714,4,7,1.0
0.03426613267313616,0.5391304347826087,0.7312358296428332,0.7142857142857143,5,33,23,0.696969696969697,0.1,office0,framebalanced_semantic_mean,sidecar_conservative_unified,0.5714285714285714,4,7,0.7999999999999999
-0.07663927180393215,0.34347826086956523,0.6203304251657649,0.7142857142857143,5,33,23,0.696969696969697,0.1,office0,owner_overlap_mean,sidecar_conservative_unified,0.5714285714285714,4,7,0.7999999999999999
0.29932834965916255,0.9934782608695651,0.9962980466288596,0.0,0,33,23,0.696969696969697,0.1,office0,size_num_detections,sidecar_conservative_unified,1.0,7,7,
0.1001217429724689,0.65,0.7970914399421659,0.42857142857142855,3,33,23,0.696969696969697,0.1,office0,size_object_voxels,sidecar_conservative_unified,0.7142857142857143,5,7,1.6666666666666667
0.03704795665610727,0.5347826086956522,0.7340176536258043,0.7142857142857143,5,33,23,0.696969696969697,0.1,office0,framebalanced_mean_disagreement_size_residual,sidecar_conservative_unified,0.7142857142857143,5,7,1.0
-0.050496299057217864,0.39565217391304347,0.6464733979124792,0.8571428571428571,6,33,23,0.696969696969697,0.1,office0,framebalanced_majority_entropy_size_residual,sidecar_conservative_unified,0.5714285714285714,4,7,0.6666666666666666
-0.025251506082338393,0.4826086956521739,0.6717181908873586,0.7142857142857143,5,33,23,0.696969696969697,0.1,office0,mean_owner_entropy_size_residual,sidecar_conservative_unified,0.5714285714285714,4,7,0.7999999999999999
-0.04489257080593689,0.4434782608695652,0.6520771261637601,0.8571428571428571,6,33,23,0.696969696969697,0.1,office0,voxel_second_region_size_residual,sidecar_conservative_unified,0.42857142857142855,3,7,0.5
0.12165012561684407,0.6888888888888889,0.6671046710713895,0.14285714285714285,1,33,18,0.5454545454545454,0.1,office0,voxel_majority_entropy,sidecar_conservative_mask,0.5714285714285714,4,7,4.0
-0.06471355811122265,0.43148148148148147,0.48074098734332277,0.2857142857142857,2,33,18,0.5454545454545454,0.1,office0,voxel_vote_entropy,sidecar_conservative_mask,0.14285714285714285,1,7,0.5
0.17245571138846005,0.65,0.7179102568430055,0.2857142857142857,2,33,18,0.5454545454545454,0.1,office0,voxel_mean_disagreement,sidecar_conservative_mask,0.7142857142857143,5,7,2.5
0.050788088617035876,0.6555555555555556,0.5962426340715813,0.14285714285714285,1,33,18,0.5454545454545454,0.1,office0,voxel_second_region,sidecar_conservative_mask,0.42857142857142855,3,7,3.0
0.1761521051188235,0.7111111111111111,0.7216066505733689,0.14285714285714285,1,33,18,0.5454545454545454,0.1,office0,voxel_second_fraction,sidecar_conservative_mask,0.5714285714285714,4,7,4.0
0.0,0.5,0.5454545454545454,0.14285714285714285,1,33,18,0.5454545454545454,0.1,office0,fragmentation,sidecar_conservative_mask,0.8571428571428571,6,7,6.0
0.2103305846059469,0.6814814814814815,0.7557851300604923,0.2857142857142857,2,33,18,0.5454545454545454,0.1,office0,pair_conflict,sidecar_conservative_mask,0.7142857142857143,5,7,2.5
0.228618152573261,0.8500000000000001,0.7740726980278064,0.0,0,33,18,0.5454545454545454,0.1,office0,nonspatial_owner_label_entropy,sidecar_conservative_mask,0.7142857142857143,5,7,
0.0527417782258236,0.5907407407407408,0.598196323680369,0.2857142857142857,2,33,18,0.5454545454545454,0.1,office0,frozen_semantic_max,sidecar_conservative_mask,0.5714285714285714,4,7,2.0
0.07986474680634947,0.6203703703703703,0.6253192922608949,0.14285714285714285,1,33,18,0.5454545454545454,0.1,office0,frozen_combined_max,sidecar_conservative_mask,0.5714285714285714,4,7,4.0
0.13027754433198202,0.675925925925926,0.6757320897865274,0.14285714285714285,1,33,18,0.5454545454545454,0.1,office0,framebalanced_majority_entropy,sidecar_conservative_mask,0.5714285714285714,4,7,4.0
0.23457483081838104,0.7574074074074073,0.7800293762729265,0.14285714285714285,1,33,18,0.5454545454545454,0.1,office0,framebalanced_mean_disagreement,sidecar_conservative_mask,0.7142857142857143,5,7,5.0
0.05207193424814682,0.6240740740740741,0.5975264797026922,0.0,0,33,18,0.5454545454545454,0.1,office0,persistent_conflict_fraction,sidecar_conservative_mask,0.8571428571428571,6,7,
-0.013254609722000987,0.4851851851851852,0.5321999357325444,0.2857142857142857,2,33,18,0.5454545454545454,0.1,office0,multi_owner_voxel_fraction,sidecar_conservative_mask,0.42857142857142855,3,7,1.5
-0.015094323795304176,0.49444444444444446,0.5303602216592412,0.2857142857142857,2,33,18,0.5454545454545454,0.1,office0,mean_owner_entropy,sidecar_conservative_mask,0.42857142857142855,3,7,1.5
-0.05755354502970822,0.35740740740740745,0.4879010004248372,0.2857142857142857,2,33,18,0.5454545454545454,0.1,office0,foreign_owner_link_fraction,sidecar_conservative_mask,0.14285714285714285,1,7,0.5
0.15910466915583876,0.6981481481481481,0.7045592146103842,0.2857142857142857,2,33,18,0.5454545454545454,0.1,office0,semantic_mean,sidecar_conservative_mask,0.5714285714285714,4,7,2.0
0.2123637948030187,0.7111111111111111,0.7578183402575641,0.2857142857142857,2,33,18,0.5454545454545454,0.1,office0,combined_mean,sidecar_conservative_mask,0.5714285714285714,4,7,2.0
0.2038571295174577,0.7037037037037037,0.7493116749720031,0.2857142857142857,2,33,18,0.5454545454545454,0.1,office0,combined_top2_mean,sidecar_conservative_mask,0.5714285714285714,4,7,2.0
0.16742096705547005,0.7055555555555555,0.7128755125100155,0.2857142857142857,2,33,18,0.5454545454545454,0.1,office0,framebalanced_semantic_mean,sidecar_conservative_mask,0.5714285714285714,4,7,2.0
-0.039871190481411634,0.4314814814814815,0.5055833549731338,0.2857142857142857,2,33,18,0.5454545454545454,0.1,office0,owner_overlap_mean,sidecar_conservative_mask,0.42857142857142855,3,7,1.5
0.4188844878795861,0.9555555555555555,0.9643390333341315,0.0,0,33,18,0.5454545454545454,0.1,office0,size_num_detections,sidecar_conservative_mask,1.0,7,7,
0.23241979631040532,0.7722222222222221,0.7778743417649507,0.14285714285714285,1,33,18,0.5454545454545454,0.1,office0,size_object_voxels,sidecar_conservative_mask,0.7142857142857143,5,7,5.0
0.10287077744078088,0.6222222222222222,0.6483253228953263,0.2857142857142857,2,33,18,0.5454545454545454,0.1,office0,framebalanced_mean_disagreement_size_residual,sidecar_conservative_mask,0.5714285714285714,4,7,2.0
0.07116826674859578,0.6074074074074074,0.6166228122031412,0.42857142857142855,3,33,18,0.5454545454545454,0.1,office0,framebalanced_majority_entropy_size_residual,sidecar_conservative_mask,0.5714285714285714,4,7,1.3333333333333333
0.01686680522042261,0.5518518518518518,0.562321350674968,0.2857142857142857,2,33,18,0.5454545454545454,0.1,office0,mean_owner_entropy_size_residual,sidecar_conservative_mask,0.42857142857142855,3,7,1.5
0.06547731191548412,0.6185185185185185,0.6109318573700295,0.42857142857142855,3,33,18,0.5454545454545454,0.1,office0,voxel_second_region_size_residual,sidecar_conservative_mask,0.42857142857142855,3,7,1.0
0.22931068931068943,0.8285714285714286,0.9111288711288712,0.2,1,22,15,0.6818181818181818,0.1,office0,voxel_majority_entropy,sidecar_conservative_association,1.0,5,5,5.0
0.015007419481103734,0.4904761904761905,0.6968256012992855,0.6,3,22,15,0.6818181818181818,0.1,office0,voxel_vote_entropy,sidecar_conservative_association,0.6,3,5,1.0
0.06047397047397052,0.5857142857142857,0.7422921522921523,0.6,3,22,15,0.6818181818181818,0.1,office0,voxel_mean_disagreement,sidecar_conservative_association,0.6,3,5,1.0
0.25618492618492616,0.8761904761904762,0.9380031080031079,0.2,1,22,15,0.6818181818181818,0.1,office0,voxel_second_region,sidecar_conservative_association,1.0,5,5,5.0
0.241027861027861,0.8476190476190477,0.9228460428460428,0.2,1,22,15,0.6818181818181818,0.1,office0,voxel_second_fraction,sidecar_conservative_association,1.0,5,5,5.0
0.0,0.5,0.6818181818181818,0.8,4,22,15,0.6818181818181818,0.1,office0,fragmentation,sidecar_conservative_association,1.0,5,5,1.25
0.09913434060492887,0.6619047619047619,0.7809525224231106,0.6,3,22,15,0.6818181818181818,0.1,office0,pair_conflict,sidecar_conservative_association,0.8,4,5,1.3333333333333335
-0.012177082177082243,0.4904761904761905,0.6696410996410995,0.6,3,22,15,0.6818181818181818,0.1,office0,nonspatial_owner_label_entropy,sidecar_conservative_association,0.6,3,5,1.0
0.12272013389660452,0.6714285714285715,0.8045383157147863,0.4,2,22,15,0.6818181818181818,0.1,office0,frozen_semantic_max,sidecar_conservative_association,0.8,4,5,2.0
0.0561990786990787,0.6095238095238095,0.7380172605172605,0.2,1,22,15,0.6818181818181818,0.1,office0,frozen_combined_max,sidecar_conservative_association,0.6,3,5,2.9999999999999996
0.22931068931068943,0.8285714285714286,0.9111288711288712,0.2,1,22,15,0.6818181818181818,0.1,office0,framebalanced_majority_entropy,sidecar_conservative_association,1.0,5,5,5.0
0.03229215229215232,0.5761904761904763,0.7141103341103341,0.6,3,22,15,0.6818181818181818,0.1,office0,framebalanced_mean_disagreement,sidecar_conservative_association,0.6,3,5,1.0
0.09713978831625891,0.642857142857143,0.7789579701344407,0.4,2,22,15,0.6818181818181818,0.1,office0,persistent_conflict_fraction,sidecar_conservative_association,0.8,4,5,2.0
-0.0047569097569097885,0.5428571428571429,0.677061272061272,0.4,2,22,15,0.6818181818181818,0.1,office0,multi_owner_voxel_fraction,sidecar_conservative_association,0.4,2,5,1.0
0.05635420135420133,0.5714285714285714,0.7381723831723831,0.4,2,22,15,0.6818181818181818,0.1,office0,mean_owner_entropy,sidecar_conservative_association,0.6,3,5,1.4999999999999998
0.09053650053650064,0.6476190476190476,0.7723546823546824,0.4,2,22,15,0.6818181818181818,0.1,office0,foreign_owner_link_fraction,sidecar_conservative_association,0.8,4,5,2.0
0.22943408443408442,0.8047619047619049,0.9112522662522662,0.4,2,22,15,0.6818181818181818,0.1,office0,semantic_mean,sidecar_conservative_association,1.0,5,5,2.5
0.1733931808931809,0.7285714285714286,0.8552113627113627,0.4,2,22,15,0.6818181818181818,0.1,office0,combined_mean,sidecar_conservative_association,0.8,4,5,2.0
0.17720270470270472,0.7333333333333334,0.8590208865208865,0.4,2,22,15,0.6818181818181818,0.1,office0,combined_top2_mean,sidecar_conservative_association,0.8,4,5,2.0
0.22592398342398345,0.7952380952380953,0.9077421652421652,0.4,2,22,15,0.6818181818181818,0.1,office0,framebalanced_semantic_mean,sidecar_conservative_association,1.0,5,5,2.5
0.057453102453102534,0.5761904761904763,0.7392712842712843,0.4,2,22,15,0.6818181818181818,0.1,office0,owner_overlap_mean,sidecar_conservative_association,0.6,3,5,1.4999999999999998
0.17780232839056376,0.8,0.8596205102087455,0.0,0,22,15,0.6818181818181818,0.1,office0,size_num_detections,sidecar_conservative_association,0.8,4,5,
0.13514426921547673,0.680952380952381,0.8169624510336585,0.4,2,22,15,0.6818181818181818,0.1,office0,size_object_voxels,sidecar_conservative_association,0.8,4,5,2.0
0.03671014171014164,0.5333333333333334,0.7185283235283234,0.6,3,22,15,0.6818181818181818,0.1,office0,framebalanced_mean_disagreement_size_residual,sidecar_conservative_association,0.6,3,5,1.0
0.23580001697648745,0.819047619047619,0.9176181987946692,0.4,2,22,15,0.6818181818181818,0.1,office0,framebalanced_majority_entropy_size_residual,sidecar_conservative_association,1.0,5,5,2.5
0.09403493021140075,0.6095238095238096,0.7758531120295825,0.4,2,22,15,0.6818181818181818,0.1,office0,mean_owner_entropy_size_residual,sidecar_conservative_association,0.6,3,5,1.4999999999999998
0.25972158560393843,0.8666666666666667,0.9415397674221202,0.2,1,22,15,0.6818181818181818,0.1,office0,voxel_second_region_size_residual,sidecar_conservative_association,1.0,5,5,5.0
0.03888888888888886,0.5,0.6388888888888888,0.0,0,5,3,0.6,0.1,office0,voxel_majority_entropy,geometry_partition_2cm,0.0,0,1,
0.03888888888888886,0.5,0.6388888888888888,0.0,0,5,3,0.6,0.1,office0,voxel_vote_entropy,geometry_partition_2cm,0.0,0,1,
0.31666666666666654,0.8333333333333333,0.9166666666666665,0.0,0,5,3,0.6,0.1,office0,voxel_mean_disagreement,geometry_partition_2cm,1.0,1,1,
0.03888888888888886,0.5,0.6388888888888888,0.0,0,5,3,0.6,0.1,office0,voxel_second_region,geometry_partition_2cm,0.0,0,1,
0.03888888888888886,0.5,0.6388888888888888,0.0,0,5,3,0.6,0.1,office0,voxel_second_fraction,geometry_partition_2cm,0.0,0,1,
0.0,0.5,0.6,0.0,0,5,3,0.6,0.1,office0,fragmentation,geometry_partition_2cm,1.0,1,1,
0.31666666666666665,0.8333333333333333,0.9166666666666666,0.0,0,5,3,0.6,0.1,office0,pair_conflict,geometry_partition_2cm,1.0,1,1,
0.2666666666666667,0.8333333333333333,0.8666666666666667,0.0,0,5,3,0.6,0.1,office0,nonspatial_owner_label_entropy,geometry_partition_2cm,1.0,1,1,
0.2055555555555556,0.6666666666666666,0.8055555555555556,0.0,0,5,3,0.6,0.1,office0,frozen_semantic_max,geometry_partition_2cm,1.0,1,1,
0.31666666666666654,0.8333333333333333,0.9166666666666665,0.0,0,5,3,0.6,0.1,office0,frozen_combined_max,geometry_partition_2cm,1.0,1,1,
-0.011111111111111072,0.41666666666666663,0.5888888888888889,0.0,0,5,3,0.6,0.1,office0,framebalanced_majority_entropy,geometry_partition_2cm,0.0,0,1,
0.31666666666666654,0.8333333333333333,0.9166666666666665,0.0,0,5,3,0.6,0.1,office0,framebalanced_mean_disagreement,geometry_partition_2cm,1.0,1,1,
0.03888888888888886,0.5833333333333334,0.6388888888888888,0.0,0,5,3,0.6,0.1,office0,persistent_conflict_fraction,geometry_partition_2cm,1.0,1,1,
0.4,1.0,1.0,0.0,0,5,3,0.6,0.1,office0,multi_owner_voxel_fraction,geometry_partition_2cm,1.0,1,1,
0.4,1.0,1.0,0.0,0,5,3,0.6,0.1,office0,mean_owner_entropy,geometry_partition_2cm,1.0,1,1,
0.31666666666666654,0.8333333333333333,0.9166666666666665,0.0,0,5,3,0.6,0.1,office0,foreign_owner_link_fraction,geometry_partition_2cm,1.0,1,1,
0.03888888888888886,0.5,0.6388888888888888,0.0,0,5,3,0.6,0.1,office0,semantic_mean,geometry_partition_2cm,0.0,0,1,
0.2055555555555556,0.6666666666666666,0.8055555555555556,0.0,0,5,3,0.6,0.1,office0,combined_mean,geometry_partition_2cm,1.0,1,1,
0.2055555555555556,0.6666666666666666,0.8055555555555556,0.0,0,5,3,0.6,0.1,office0,combined_top2_mean,geometry_partition_2cm,1.0,1,1,
0.03888888888888886,0.5,0.6388888888888888,0.0,0,5,3,0.6,0.1,office0,framebalanced_semantic_mean,geometry_partition_2cm,0.0,0,1,
0.31666666666666654,0.8333333333333333,0.9166666666666665,0.0,0,5,3,0.6,0.1,office0,owner_overlap_mean,geometry_partition_2cm,1.0,1,1,
0.4,1.0,1.0,0.0,0,5,3,0.6,0.1,office0,size_num_detections,geometry_partition_2cm,1.0,1,1,
0.4,1.0,1.0,0.0,0,5,3,0.6,0.1,office0,size_object_voxels,geometry_partition_2cm,1.0,1,1,
0.2055555555555556,0.6666666666666666,0.8055555555555556,0.0,0,5,3,0.6,0.1,office0,framebalanced_mean_disagreement_size_residual,geometry_partition_2cm,1.0,1,1,
-0.011111111111111072,0.3333333333333333,0.5888888888888889,1.0,1,5,3,0.6,0.1,office0,framebalanced_majority_entropy_size_residual,geometry_partition_2cm,0.0,0,1,0.0
0.4,1.0,1.0,0.0,0,5,3,0.6,0.1,office0,mean_owner_entropy_size_residual,geometry_partition_2cm,1.0,1,1,
-0.06666666666666665,0.16666666666666666,0.5333333333333333,1.0,1,5,3,0.6,0.1,office0,voxel_second_region_size_residual,geometry_partition_2cm,0.0,0,1,0.0
0.09999999999999998,0.5,0.5,0.0,0,5,2,0.4,0.1,office0,voxel_majority_entropy,geometry_overmerge_2cm,0.0,0,1,
0.016666666666666607,0.33333333333333337,0.41666666666666663,0.0,0,5,2,0.4,0.1,office0,voxel_vote_entropy,geometry_overmerge_2cm,0.0,0,1,
0.09999999999999998,0.5,0.5,0.0,0,5,2,0.4,0.1,office0,voxel_mean_disagreement,geometry_overmerge_2cm,0.0,0,1,
0.016666666666666607,0.33333333333333337,0.41666666666666663,0.0,0,5,2,0.4,0.1,office0,voxel_second_region,geometry_overmerge_2cm,0.0,0,1,
0.09999999999999998,0.5,0.5,0.0,0,5,2,0.4,0.1,office0,voxel_second_fraction,geometry_overmerge_2cm,0.0,0,1,
0.0,0.5,0.4,0.0,0,5,2,0.4,0.1,office0,fragmentation,geometry_overmerge_2cm,0.0,0,1,
0.09999999999999998,0.5833333333333334,0.5,0.0,0,5,2,0.4,0.1,office0,pair_conflict,geometry_overmerge_2cm,0.0,0,1,
0.04999999999999999,0.5,0.45,0.0,0,5,2,0.4,0.1,office0,nonspatial_owner_label_entropy,geometry_overmerge_2cm,0.0,0,1,
0.016666666666666607,0.33333333333333337,0.41666666666666663,0.0,0,5,2,0.4,0.1,office0,frozen_semantic_max,geometry_overmerge_2cm,0.0,0,1,
0.09999999999999998,0.5,0.5,0.0,0,5,2,0.4,0.1,office0,frozen_combined_max,geometry_overmerge_2cm,0.0,0,1,
0.18333333333333324,0.6666666666666667,0.5833333333333333,0.0,0,5,2,0.4,0.1,office0,framebalanced_majority_entropy,geometry_overmerge_2cm,0.0,0,1,
0.09999999999999998,0.5,0.5,0.0,0,5,2,0.4,0.1,office0,framebalanced_mean_disagreement,geometry_overmerge_2cm,0.0,0,1,
0.016666666666666607,0.33333333333333337,0.41666666666666663,0.0,0,5,2,0.4,0.1,office0,persistent_conflict_fraction,geometry_overmerge_2cm,0.0,0,1,
0.18333333333333324,0.6666666666666667,0.5833333333333333,0.0,0,5,2,0.4,0.1,office0,multi_owner_voxel_fraction,geometry_overmerge_2cm,0.0,0,1,
0.6,1.0,1.0,0.0,0,5,2,0.4,0.1,office0,mean_owner_entropy,geometry_overmerge_2cm,1.0,1,1,
0.09999999999999998,0.5,0.5,0.0,0,5,2,0.4,0.1,office0,foreign_owner_link_fraction,geometry_overmerge_2cm,0.0,0,1,
0.016666666666666607,0.33333333333333337,0.41666666666666663,0.0,0,5,2,0.4,0.1,office0,semantic_mean,geometry_overmerge_2cm,0.0,0,1,
0.016666666666666607,0.33333333333333337,0.41666666666666663,0.0,0,5,2,0.4,0.1,office0,combined_mean,geometry_overmerge_2cm,0.0,0,1,
0.016666666666666607,0.33333333333333337,0.41666666666666663,0.0,0,5,2,0.4,0.1,office0,combined_top2_mean,geometry_overmerge_2cm,0.0,0,1,
0.016666666666666607,0.33333333333333337,0.41666666666666663,0.0,0,5,2,0.4,0.1,office0,framebalanced_semantic_mean,geometry_overmerge_2cm,0.0,0,1,
0.09999999999999998,0.5,0.5,0.0,0,5,2,0.4,0.1,office0,owner_overlap_mean,geometry_overmerge_2cm,0.0,0,1,
0.6,1.0,1.0,0.0,0,5,2,0.4,0.1,office0,size_num_detections,geometry_overmerge_2cm,1.0,1,1,
0.6,1.0,1.0,0.0,0,5,2,0.4,0.1,office0,size_object_voxels,geometry_overmerge_2cm,1.0,1,1,
0.016666666666666607,0.33333333333333337,0.41666666666666663,0.0,0,5,2,0.4,0.1,office0,framebalanced_mean_disagreement_size_residual,geometry_overmerge_2cm,0.0,0,1,
0.18333333333333324,0.6666666666666667,0.5833333333333333,0.0,0,5,2,0.4,0.1,office0,framebalanced_majority_entropy_size_residual,geometry_overmerge_2cm,0.0,0,1,
0.6,1.0,1.0,0.0,0,5,2,0.4,0.1,office0,mean_owner_entropy_size_residual,geometry_overmerge_2cm,1.0,1,1,
-0.07500000000000001,0.0,0.325,1.0,1,5,2,0.4,0.1,office0,voxel_second_region_size_residual,geometry_overmerge_2cm,0.0,0,1,0.0
0.03888888888888886,0.5,0.6388888888888888,0.0,0,5,3,0.6,0.1,office0,voxel_majority_entropy,geometry_partition_5cm,0.0,0,1,
0.03888888888888886,0.5,0.6388888888888888,0.0,0,5,3,0.6,0.1,office0,voxel_vote_entropy,geometry_partition_5cm,0.0,0,1,
0.31666666666666654,0.8333333333333333,0.9166666666666665,0.0,0,5,3,0.6,0.1,office0,voxel_mean_disagreement,geometry_partition_5cm,1.0,1,1,
0.03888888888888886,0.5,0.6388888888888888,0.0,0,5,3,0.6,0.1,office0,voxel_second_region,geometry_partition_5cm,0.0,0,1,
0.03888888888888886,0.5,0.6388888888888888,0.0,0,5,3,0.6,0.1,office0,voxel_second_fraction,geometry_partition_5cm,0.0,0,1,
0.0,0.5,0.6,0.0,0,5,3,0.6,0.1,office0,fragmentation,geometry_partition_5cm,1.0,1,1,
0.31666666666666665,0.8333333333333333,0.9166666666666666,0.0,0,5,3,0.6,0.1,office0,pair_conflict,geometry_partition_5cm,1.0,1,1,
0.2666666666666667,0.8333333333333333,0.8666666666666667,0.0,0,5,3,0.6,0.1,office0,nonspatial_owner_label_entropy,geometry_partition_5cm,1.0,1,1,
0.2055555555555556,0.6666666666666666,0.8055555555555556,0.0,0,5,3,0.6,0.1,office0,frozen_semantic_max,geometry_partition_5cm,1.0,1,1,
0.31666666666666654,0.8333333333333333,0.9166666666666665,0.0,0,5,3,0.6,0.1,office0,frozen_combined_max,geometry_partition_5cm,1.0,1,1,
-0.011111111111111072,0.41666666666666663,0.5888888888888889,0.0,0,5,3,0.6,0.1,office0,framebalanced_majority_entropy,geometry_partition_5cm,0.0,0,1,
0.31666666666666654,0.8333333333333333,0.9166666666666665,0.0,0,5,3,0.6,0.1,office0,framebalanced_mean_disagreement,geometry_partition_5cm,1.0,1,1,
0.03888888888888886,0.5833333333333334,0.6388888888888888,0.0,0,5,3,0.6,0.1,office0,persistent_conflict_fraction,geometry_partition_5cm,1.0,1,1,
0.4,1.0,1.0,0.0,0,5,3,0.6,0.1,office0,multi_owner_voxel_fraction,geometry_partition_5cm,1.0,1,1,
0.4,1.0,1.0,0.0,0,5,3,0.6,0.1,office0,mean_owner_entropy,geometry_partition_5cm,1.0,1,1,
0.31666666666666654,0.8333333333333333,0.9166666666666665,0.0,0,5,3,0.6,0.1,office0,foreign_owner_link_fraction,geometry_partition_5cm,1.0,1,1,
0.03888888888888886,0.5,0.6388888888888888,0.0,0,5,3,0.6,0.1,office0,semantic_mean,geometry_partition_5cm,0.0,0,1,
0.2055555555555556,0.6666666666666666,0.8055555555555556,0.0,0,5,3,0.6,0.1,office0,combined_mean,geometry_partition_5cm,1.0,1,1,
0.2055555555555556,0.6666666666666666,0.8055555555555556,0.0,0,5,3,0.6,0.1,office0,combined_top2_mean,geometry_partition_5cm,1.0,1,1,
0.03888888888888886,0.5,0.6388888888888888,0.0,0,5,3,0.6,0.1,office0,framebalanced_semantic_mean,geometry_partition_5cm,0.0,0,1,
0.31666666666666654,0.8333333333333333,0.9166666666666665,0.0,0,5,3,0.6,0.1,office0,owner_overlap_mean,geometry_partition_5cm,1.0,1,1,
0.4,1.0,1.0,0.0,0,5,3,0.6,0.1,office0,size_num_detections,geometry_partition_5cm,1.0,1,1,
0.4,1.0,1.0,0.0,0,5,3,0.6,0.1,office0,size_object_voxels,geometry_partition_5cm,1.0,1,1,
0.2055555555555556,0.6666666666666666,0.8055555555555556,0.0,0,5,3,0.6,0.1,office0,framebalanced_mean_disagreement_size_residual,geometry_partition_5cm,1.0,1,1,
-0.011111111111111072,0.3333333333333333,0.5888888888888889,1.0,1,5,3,0.6,0.1,office0,framebalanced_majority_entropy_size_residual,geometry_partition_5cm,0.0,0,1,0.0
0.4,1.0,1.0,0.0,0,5,3,0.6,0.1,office0,mean_owner_entropy_size_residual,geometry_partition_5cm,1.0,1,1,
-0.06666666666666665,0.16666666666666666,0.5333333333333333,1.0,1,5,3,0.6,0.1,office0,voxel_second_region_size_residual,geometry_partition_5cm,0.0,0,1,0.0
0.09999999999999998,0.5,0.5,0.0,0,5,2,0.4,0.1,office0,voxel_majority_entropy,geometry_overmerge_5cm,0.0,0,1,
0.016666666666666607,0.33333333333333337,0.41666666666666663,0.0,0,5,2,0.4,0.1,office0,voxel_vote_entropy,geometry_overmerge_5cm,0.0,0,1,
0.09999999999999998,0.5,0.5,0.0,0,5,2,0.4,0.1,office0,voxel_mean_disagreement,geometry_overmerge_5cm,0.0,0,1,
0.016666666666666607,0.33333333333333337,0.41666666666666663,0.0,0,5,2,0.4,0.1,office0,voxel_second_region,geometry_overmerge_5cm,0.0,0,1,
0.09999999999999998,0.5,0.5,0.0,0,5,2,0.4,0.1,office0,voxel_second_fraction,geometry_overmerge_5cm,0.0,0,1,
0.0,0.5,0.4,0.0,0,5,2,0.4,0.1,office0,fragmentation,geometry_overmerge_5cm,0.0,0,1,
0.09999999999999998,0.5833333333333334,0.5,0.0,0,5,2,0.4,0.1,office0,pair_conflict,geometry_overmerge_5cm,0.0,0,1,
0.04999999999999999,0.5,0.45,0.0,0,5,2,0.4,0.1,office0,nonspatial_owner_label_entropy,geometry_overmerge_5cm,0.0,0,1,
0.016666666666666607,0.33333333333333337,0.41666666666666663,0.0,0,5,2,0.4,0.1,office0,frozen_semantic_max,geometry_overmerge_5cm,0.0,0,1,
0.09999999999999998,0.5,0.5,0.0,0,5,2,0.4,0.1,office0,frozen_combined_max,geometry_overmerge_5cm,0.0,0,1,
0.18333333333333324,0.6666666666666667,0.5833333333333333,0.0,0,5,2,0.4,0.1,office0,framebalanced_majority_entropy,geometry_overmerge_5cm,0.0,0,1,
0.09999999999999998,0.5,0.5,0.0,0,5,2,0.4,0.1,office0,framebalanced_mean_disagreement,geometry_overmerge_5cm,0.0,0,1,
0.016666666666666607,0.33333333333333337,0.41666666666666663,0.0,0,5,2,0.4,0.1,office0,persistent_conflict_fraction,geometry_overmerge_5cm,0.0,0,1,
0.18333333333333324,0.6666666666666667,0.5833333333333333,0.0,0,5,2,0.4,0.1,office0,multi_owner_voxel_fraction,geometry_overmerge_5cm,0.0,0,1,
0.6,1.0,1.0,0.0,0,5,2,0.4,0.1,office0,mean_owner_entropy,geometry_overmerge_5cm,1.0,1,1,
0.09999999999999998,0.5,0.5,0.0,0,5,2,0.4,0.1,office0,foreign_owner_link_fraction,geometry_overmerge_5cm,0.0,0,1,
0.016666666666666607,0.33333333333333337,0.41666666666666663,0.0,0,5,2,0.4,0.1,office0,semantic_mean,geometry_overmerge_5cm,0.0,0,1,
0.016666666666666607,0.33333333333333337,0.41666666666666663,0.0,0,5,2,0.4,0.1,office0,combined_mean,geometry_overmerge_5cm,0.0,0,1,
0.016666666666666607,0.33333333333333337,0.41666666666666663,0.0,0,5,2,0.4,0.1,office0,combined_top2_mean,geometry_overmerge_5cm,0.0,0,1,
0.016666666666666607,0.33333333333333337,0.41666666666666663,0.0,0,5,2,0.4,0.1,office0,framebalanced_semantic_mean,geometry_overmerge_5cm,0.0,0,1,
0.09999999999999998,0.5,0.5,0.0,0,5,2,0.4,0.1,office0,owner_overlap_mean,geometry_overmerge_5cm,0.0,0,1,
0.6,1.0,1.0,0.0,0,5,2,0.4,0.1,office0,size_num_detections,geometry_overmerge_5cm,1.0,1,1,
0.6,1.0,1.0,0.0,0,5,2,0.4,0.1,office0,size_object_voxels,geometry_overmerge_5cm,1.0,1,1,
0.016666666666666607,0.33333333333333337,0.41666666666666663,0.0,0,5,2,0.4,0.1,office0,framebalanced_mean_disagreement_size_residual,geometry_overmerge_5cm,0.0,0,1,
0.18333333333333324,0.6666666666666667,0.5833333333333333,0.0,0,5,2,0.4,0.1,office0,framebalanced_majority_entropy_size_residual,geometry_overmerge_5cm,0.0,0,1,
0.6,1.0,1.0,0.0,0,5,2,0.4,0.1,office0,mean_owner_entropy_size_residual,geometry_overmerge_5cm,1.0,1,1,
-0.07500000000000001,0.0,0.325,1.0,1,5,2,0.4,0.1,office0,voxel_second_region_size_residual,geometry_overmerge_5cm,0.0,0,1,0.0
0.03888888888888886,0.5,0.6388888888888888,0.0,0,5,3,0.6,0.1,office0,voxel_majority_entropy,geometry_partition_7cm,0.0,0,1,
0.03888888888888886,0.5,0.6388888888888888,0.0,0,5,3,0.6,0.1,office0,voxel_vote_entropy,geometry_partition_7cm,0.0,0,1,
0.31666666666666654,0.8333333333333333,0.9166666666666665,0.0,0,5,3,0.6,0.1,office0,voxel_mean_disagreement,geometry_partition_7cm,1.0,1,1,
0.03888888888888886,0.5,0.6388888888888888,0.0,0,5,3,0.6,0.1,office0,voxel_second_region,geometry_partition_7cm,0.0,0,1,
0.03888888888888886,0.5,0.6388888888888888,0.0,0,5,3,0.6,0.1,office0,voxel_second_fraction,geometry_partition_7cm,0.0,0,1,
0.0,0.5,0.6,0.0,0,5,3,0.6,0.1,office0,fragmentation,geometry_partition_7cm,1.0,1,1,
0.31666666666666665,0.8333333333333333,0.9166666666666666,0.0,0,5,3,0.6,0.1,office0,pair_conflict,geometry_partition_7cm,1.0,1,1,
0.2666666666666667,0.8333333333333333,0.8666666666666667,0.0,0,5,3,0.6,0.1,office0,nonspatial_owner_label_entropy,geometry_partition_7cm,1.0,1,1,
0.2055555555555556,0.6666666666666666,0.8055555555555556,0.0,0,5,3,0.6,0.1,office0,frozen_semantic_max,geometry_partition_7cm,1.0,1,1,
0.31666666666666654,0.8333333333333333,0.9166666666666665,0.0,0,5,3,0.6,0.1,office0,frozen_combined_max,geometry_partition_7cm,1.0,1,1,
-0.011111111111111072,0.41666666666666663,0.5888888888888889,0.0,0,5,3,0.6,0.1,office0,framebalanced_majority_entropy,geometry_partition_7cm,0.0,0,1,
0.31666666666666654,0.8333333333333333,0.9166666666666665,0.0,0,5,3,0.6,0.1,office0,framebalanced_mean_disagreement,geometry_partition_7cm,1.0,1,1,
0.03888888888888886,0.5833333333333334,0.6388888888888888,0.0,0,5,3,0.6,0.1,office0,persistent_conflict_fraction,geometry_partition_7cm,1.0,1,1,
0.4,1.0,1.0,0.0,0,5,3,0.6,0.1,office0,multi_owner_voxel_fraction,geometry_partition_7cm,1.0,1,1,
0.4,1.0,1.0,0.0,0,5,3,0.6,0.1,office0,mean_owner_entropy,geometry_partition_7cm,1.0,1,1,
0.31666666666666654,0.8333333333333333,0.9166666666666665,0.0,0,5,3,0.6,0.1,office0,foreign_owner_link_fraction,geometry_partition_7cm,1.0,1,1,
0.03888888888888886,0.5,0.6388888888888888,0.0,0,5,3,0.6,0.1,office0,semantic_mean,geometry_partition_7cm,0.0,0,1,
0.2055555555555556,0.6666666666666666,0.8055555555555556,0.0,0,5,3,0.6,0.1,office0,combined_mean,geometry_partition_7cm,1.0,1,1,
0.2055555555555556,0.6666666666666666,0.8055555555555556,0.0,0,5,3,0.6,0.1,office0,combined_top2_mean,geometry_partition_7cm,1.0,1,1,
0.03888888888888886,0.5,0.6388888888888888,0.0,0,5,3,0.6,0.1,office0,framebalanced_semantic_mean,geometry_partition_7cm,0.0,0,1,
0.31666666666666654,0.8333333333333333,0.9166666666666665,0.0,0,5,3,0.6,0.1,office0,owner_overlap_mean,geometry_partition_7cm,1.0,1,1,
0.4,1.0,1.0,0.0,0,5,3,0.6,0.1,office0,size_num_detections,geometry_partition_7cm,1.0,1,1,
0.4,1.0,1.0,0.0,0,5,3,0.6,0.1,office0,size_object_voxels,geometry_partition_7cm,1.0,1,1,
0.2055555555555556,0.6666666666666666,0.8055555555555556,0.0,0,5,3,0.6,0.1,office0,framebalanced_mean_disagreement_size_residual,geometry_partition_7cm,1.0,1,1,
-0.011111111111111072,0.3333333333333333,0.5888888888888889,1.0,1,5,3,0.6,0.1,office0,framebalanced_majority_entropy_size_residual,geometry_partition_7cm,0.0,0,1,0.0
0.4,1.0,1.0,0.0,0,5,3,0.6,0.1,office0,mean_owner_entropy_size_residual,geometry_partition_7cm,1.0,1,1,
-0.06666666666666665,0.16666666666666666,0.5333333333333333,1.0,1,5,3,0.6,0.1,office0,voxel_second_region_size_residual,geometry_partition_7cm,0.0,0,1,0.0
0.09999999999999998,0.5,0.5,0.0,0,5,2,0.4,0.1,office0,voxel_majority_entropy,geometry_overmerge_7cm,0.0,0,1,
0.016666666666666607,0.33333333333333337,0.41666666666666663,0.0,0,5,2,0.4,0.1,office0,voxel_vote_entropy,geometry_overmerge_7cm,0.0,0,1,
0.09999999999999998,0.5,0.5,0.0,0,5,2,0.4,0.1,office0,voxel_mean_disagreement,geometry_overmerge_7cm,0.0,0,1,
0.016666666666666607,0.33333333333333337,0.41666666666666663,0.0,0,5,2,0.4,0.1,office0,voxel_second_region,geometry_overmerge_7cm,0.0,0,1,
0.09999999999999998,0.5,0.5,0.0,0,5,2,0.4,0.1,office0,voxel_second_fraction,geometry_overmerge_7cm,0.0,0,1,
0.0,0.5,0.4,0.0,0,5,2,0.4,0.1,office0,fragmentation,geometry_overmerge_7cm,0.0,0,1,
0.09999999999999998,0.5833333333333334,0.5,0.0,0,5,2,0.4,0.1,office0,pair_conflict,geometry_overmerge_7cm,0.0,0,1,
0.04999999999999999,0.5,0.45,0.0,0,5,2,0.4,0.1,office0,nonspatial_owner_label_entropy,geometry_overmerge_7cm,0.0,0,1,
0.016666666666666607,0.33333333333333337,0.41666666666666663,0.0,0,5,2,0.4,0.1,office0,frozen_semantic_max,geometry_overmerge_7cm,0.0,0,1,
0.09999999999999998,0.5,0.5,0.0,0,5,2,0.4,0.1,office0,frozen_combined_max,geometry_overmerge_7cm,0.0,0,1,
0.18333333333333324,0.6666666666666667,0.5833333333333333,0.0,0,5,2,0.4,0.1,office0,framebalanced_majority_entropy,geometry_overmerge_7cm,0.0,0,1,
0.09999999999999998,0.5,0.5,0.0,0,5,2,0.4,0.1,office0,framebalanced_mean_disagreement,geometry_overmerge_7cm,0.0,0,1,
0.016666666666666607,0.33333333333333337,0.41666666666666663,0.0,0,5,2,0.4,0.1,office0,persistent_conflict_fraction,geometry_overmerge_7cm,0.0,0,1,
0.18333333333333324,0.6666666666666667,0.5833333333333333,0.0,0,5,2,0.4,0.1,office0,multi_owner_voxel_fraction,geometry_overmerge_7cm,0.0,0,1,
0.6,1.0,1.0,0.0,0,5,2,0.4,0.1,office0,mean_owner_entropy,geometry_overmerge_7cm,1.0,1,1,
0.09999999999999998,0.5,0.5,0.0,0,5,2,0.4,0.1,office0,foreign_owner_link_fraction,geometry_overmerge_7cm,0.0,0,1,
0.016666666666666607,0.33333333333333337,0.41666666666666663,0.0,0,5,2,0.4,0.1,office0,semantic_mean,geometry_overmerge_7cm,0.0,0,1,
0.016666666666666607,0.33333333333333337,0.41666666666666663,0.0,0,5,2,0.4,0.1,office0,combined_mean,geometry_overmerge_7cm,0.0,0,1,
0.016666666666666607,0.33333333333333337,0.41666666666666663,0.0,0,5,2,0.4,0.1,office0,combined_top2_mean,geometry_overmerge_7cm,0.0,0,1,
0.016666666666666607,0.33333333333333337,0.41666666666666663,0.0,0,5,2,0.4,0.1,office0,framebalanced_semantic_mean,geometry_overmerge_7cm,0.0,0,1,
0.09999999999999998,0.5,0.5,0.0,0,5,2,0.4,0.1,office0,owner_overlap_mean,geometry_overmerge_7cm,0.0,0,1,
0.6,1.0,1.0,0.0,0,5,2,0.4,0.1,office0,size_num_detections,geometry_overmerge_7cm,1.0,1,1,
0.6,1.0,1.0,0.0,0,5,2,0.4,0.1,office0,size_object_voxels,geometry_overmerge_7cm,1.0,1,1,
0.016666666666666607,0.33333333333333337,0.41666666666666663,0.0,0,5,2,0.4,0.1,office0,framebalanced_mean_disagreement_size_residual,geometry_overmerge_7cm,0.0,0,1,
0.18333333333333324,0.6666666666666667,0.5833333333333333,0.0,0,5,2,0.4,0.1,office0,framebalanced_majority_entropy_size_residual,geometry_overmerge_7cm,0.0,0,1,
0.6,1.0,1.0,0.0,0,5,2,0.4,0.1,office0,mean_owner_entropy_size_residual,geometry_overmerge_7cm,1.0,1,1,
-0.07500000000000001,0.0,0.325,1.0,1,5,2,0.4,0.1,office0,voxel_second_region_size_residual,geometry_overmerge_7cm,0.0,0,1,0.0
