nohup: ignoring input
Done! Execution time of get_dataset function: 0.08 seconds
office0: frames 25/400, accepted=246, final=246, elapsed=25.0s
office0: frames 50/400, accepted=414, final=414, elapsed=33.5s
office0: frames 75/400, accepted=457, final=457, elapsed=37.0s
office0: frames 100/400, accepted=592, final=592, elapsed=42.3s
office0: frames 125/400, accepted=729, final=729, elapsed=48.1s
office0: frames 150/400, accepted=814, final=814, elapsed=53.4s
office0: frames 175/400, accepted=1147, final=1147, elapsed=70.1s
office0: frames 200/400, accepted=1360, final=1360, elapsed=80.3s
office0: frames 225/400, accepted=1521, final=1521, elapsed=91.4s
office0: frames 250/400, accepted=1875, final=1875, elapsed=108.7s
office0: frames 275/400, accepted=2214, final=2214, elapsed=124.6s
office0: frames 300/400, accepted=2560, final=2560, elapsed=139.5s
office0: frames 325/400, accepted=2734, final=2734, elapsed=147.6s
office0: frames 350/400, accepted=2761, final=2761, elapsed=150.4s
office0: frames 375/400, accepted=2900, final=2900, elapsed=157.6s
office0: frames 400/400, accepted=3106, final=3106, elapsed=169.4s
{
  "schema_version": "voxel-trigger-v0/1.0",
  "run_date": "20260831",
  "scene": "office0",
  "source_scene": "office_0",
  "frame_count": 400,
  "voxel_scales_m": [
    0.025,
    0.05,
    0.1
  ],
  "primary_voxel_scale_m": 0.05,
  "voxel_payload_fields": [
    "seen_count",
    "label_hist",
    "obs_ids"
  ],
  "gt_usage": "evaluation_only_not_used_in_voxel_content_or_scores",
  "pre_registered_decision_gates": {
    "go": "At 5 cm, combined object anomaly AP exceeds error prevalence by at least 0.10 and top-20% error rate is at least 2x bottom-20% in both scenes; direction agrees at two or more voxel scales.",
    "modify": "Separation appears in only one scene, one scale, or one error family; retain the useful component but do not claim a unified trigger.",
    "stop": "No stable top-vs-bottom separation, or voxel scoring does not improve over the non-spatial object label-histogram baseline."
  },
  "analysis_script": "/home/chenkejun/beauty/conceptgraphs/code/experiments/voxel_trigger_v0_20260831/voxel_trigger_v0.py",
  "analysis_script_sha256": "99a11575581ce84afe76da6277807f6b0bb19c1cf9b03373b4539d8a780598eb",
  "baseline_map": "/home/chenkejun/beauty/conceptgraphs/results/experiments/oracle_three_error_20260828/pilot/b0_dataset/Replica/office0/exps/b0_office0_fresh_final/pcd_b0_office0_fresh_final.pkl.gz",
  "baseline_map_sha256": "f1d37190041f14a3eba5ae8d1d98da086cf327b0e723806e9b4f543b476da475",
  "gt_map": "/home/chenkejun/beauty/conceptgraphs/results/experiments/oracle_three_error_20260828/pilot/office0/o3/pcd_o3.pkl.gz",
  "gt_map_sha256": "1c0a2e13f6c2ff7094e73ffa6921fff9d1ae1d0b5463e82f33807ad99a6ec1d5",
  "detection_root": "/home/chenkejun/beauty/conceptgraphs/results/experiments/oracle_three_error_20260828/pilot/b0_dataset/Replica/office0/exps/b0_office0_stride5_det_fresh_retry1/detections",
  "gt_sidecars": "/home/chenkejun/beauty/conceptgraphs/results/experiments/oracle_three_error_20260828/pilot/gt_full/office0",
  "code_root": "/home/chenkejun/beauty/conceptgraphs/code/experiments/oracle_three_error_20260828",
  "device": "cuda",
  "counters": {
    "raw_detections": 6111,
    "filtered_2d_observations": 3106,
    "accepted_3d_observations": 3106,
    "accepted_final_members": 3106
  },
  "parity": {
    "final_members_seen": 3106,
    "mask_exact": 3106,
    "label_exact": 3106,
    "unique_final_member_keys": 3106,
    "expected_final_member_keys": 3106,
    "missing_final_member_keys": 0
  },
  "final_membership_duplicates": {
    "duplicates": [],
    "duplicate_count": 0
  },
  "analyses": {
    "0.025": {
      "all_history": {
        "scene": "office0",
        "voxel_size_m": 0.025,
        "evidence_scope": "all_history",
        "voxel_payload_fields": [
          "seen_count",
          "label_hist",
          "obs_ids"
        ],
        "voxel_count": 73037,
        "voxel_observation_links": 3107264,
        "selected_observations": 3106,
        "object_count": 35,
        "neighbor_pair_count": 51,
        "evaluation": {
          "foreground_objects": 33,
          "object_evaluation": {
            "nonspatial_label_entropy": {
              "gt_identity_error": {
                "n": 33,
                "positives": 25,
                "prevalence": 0.7575757575757576,
                "average_precision": 0.785136021872864,
                "auroc": 0.465,
                "top5": {
                  "k": 5,
                  "true_errors": 3,
                  "precision": 0.6,
                  "lift_vs_prevalence": 0.7919999999999999
                },
                "top10": {
                  "k": 10,
                  "true_errors": 8,
                  "precision": 0.8,
                  "lift_vs_prevalence": 1.056
                },
                "top20pct": {
                  "k": 7,
                  "true_errors": 5,
                  "precision": 0.7142857142857143,
                  "lift_vs_prevalence": 0.9428571428571428
                },
                "bottom20pct": {
                  "k": 7,
                  "true_errors": 6,
                  "error_rate": 0.8571428571428571
                },
                "top_to_bottom_ratio": 0.8333333333333334
              },
              "gt_overmerge": {
                "n": 33,
                "positives": 22,
                "prevalence": 0.6666666666666666,
                "average_precision": 0.677639001083977,
                "auroc": 0.4359504132231405,
                "top5": {
                  "k": 5,
                  "true_errors": 2,
                  "precision": 0.4,
                  "lift_vs_prevalence": 0.6000000000000001
                },
                "top10": {
                  "k": 10,
                  "true_errors": 7,
                  "precision": 0.7,
                  "lift_vs_prevalence": 1.05
                },
                "top20pct": {
                  "k": 7,
                  "true_errors": 4,
                  "precision": 0.5714285714285714,
                  "lift_vs_prevalence": 0.8571428571428571
                },
                "bottom20pct": {
                  "k": 7,
                  "true_errors": 6,
                  "error_rate": 0.8571428571428571
                },
                "top_to_bottom_ratio": 0.6666666666666666
              },
              "gt_cross_class_overmerge": {
                "n": 33,
                "positives": 22,
                "prevalence": 0.6666666666666666,
                "average_precision": 0.677639001083977,
                "auroc": 0.4359504132231405,
                "top5": {
                  "k": 5,
                  "true_errors": 2,
                  "precision": 0.4,
                  "lift_vs_prevalence": 0.6000000000000001
                },
                "top10": {
                  "k": 10,
                  "true_errors": 7,
                  "precision": 0.7,
                  "lift_vs_prevalence": 1.05
                },
                "top20pct": {
                  "k": 7,
                  "true_errors": 4,
                  "precision": 0.5714285714285714,
                  "lift_vs_prevalence": 0.8571428571428571
                },
                "bottom20pct": {
                  "k": 7,
                  "true_errors": 6,
                  "error_rate": 0.8571428571428571
                },
                "top_to_bottom_ratio": 0.6666666666666666
              },
              "gt_same_class_overmerge": {
                "n": 33,
                "positives": 0,
                "prevalence": 0.0,
                "average_precision": null,
                "auroc": null,
                "top5": {
                  "k": 5,
                  "true_errors": 0,
                  "precision": 0.0,
                  "lift_vs_prevalence": null
                },
                "top10": {
                  "k": 10,
                  "true_errors": 0,
                  "precision": 0.0,
                  "lift_vs_prevalence": null
                },
                "top20pct": {
                  "k": 7,
                  "true_errors": 0,
                  "precision": 0.0,
                  "lift_vs_prevalence": null
                },
                "bottom20pct": {
                  "k": 7,
                  "true_errors": 0,
                  "error_rate": 0.0
                },
                "top_to_bottom_ratio": null
              },
              "gt_wrong_association": {
                "n": 33,
                "positives": 20,
                "prevalence": 0.6060606060606061,
                "average_precision": 0.6687299213943952,
                "auroc": 0.5153846153846153,
                "top5": {
                  "k": 5,
                  "true_errors": 2,
                  "precision": 0.4,
                  "lift_vs_prevalence": 0.66
                },
                "top10": {
                  "k": 10,
                  "true_errors": 7,
                  "precision": 0.7,
                  "lift_vs_prevalence": 1.1549999999999998
                },
                "top20pct": {
                  "k": 7,
                  "true_errors": 4,
                  "precision": 0.5714285714285714,
                  "lift_vs_prevalence": 0.9428571428571427
                },
                "bottom20pct": {
                  "k": 7,
                  "true_errors": 4,
                  "error_rate": 0.5714285714285714
                },
                "top_to_bottom_ratio": 1.0
              },
              "gt_split_incident": {
                "n": 33,
                "positives": 15,
                "prevalence": 0.45454545454545453,
                "average_precision": 0.5331085288980026,
                "auroc": 0.5351851851851852,
                "top5": {
                  "k": 5,
                  "true_errors": 2,
                  "precision": 0.4,
                  "lift_vs_prevalence": 0.8800000000000001
                },
                "top10": {
                  "k": 10,
                  "true_errors": 5,
                  "precision": 0.5,
                  "lift_vs_prevalence": 1.1
                },
                "top20pct": {
                  "k": 7,
                  "true_errors": 4,
                  "precision": 0.5714285714285714,
                  "lift_vs_prevalence": 1.2571428571428571
                },
                "bottom20pct": {
                  "k": 7,
                  "true_errors": 2,
                  "error_rate": 0.2857142857142857
                },
                "top_to_bottom_ratio": 2.0
              }
            },
            "voxel_semantic_conflict": {
              "gt_identity_error": {
                "n": 33,
                "positives": 25,
                "prevalence": 0.7575757575757576,
                "average_precision": 0.7188589968144955,
                "auroc": 0.4575,
                "top5": {
                  "k": 5,
                  "true_errors": 3,
                  "precision": 0.6,
                  "lift_vs_prevalence": 0.7919999999999999
                },
                "top10": {
                  "k": 10,
                  "true_errors": 7,
                  "precision": 0.7,
                  "lift_vs_prevalence": 0.9239999999999999
                },
                "top20pct": {
                  "k": 7,
                  "true_errors": 4,
                  "precision": 0.5714285714285714,
                  "lift_vs_prevalence": 0.7542857142857142
                },
                "bottom20pct": {
                  "k": 7,
                  "true_errors": 5,
                  "error_rate": 0.7142857142857143
                },
                "top_to_bottom_ratio": 0.7999999999999999
              },
              "gt_overmerge": {
                "n": 33,
                "positives": 22,
                "prevalence": 0.6666666666666666,
                "average_precision": 0.6240708310221214,
                "auroc": 0.44421487603305787,
                "top5": {
                  "k": 5,
                  "true_errors": 2,
                  "precision": 0.4,
                  "lift_vs_prevalence": 0.6000000000000001
                },
                "top10": {
                  "k": 10,
                  "true_errors": 6,
                  "precision": 0.6,
                  "lift_vs_prevalence": 0.9
                },
                "top20pct": {
                  "k": 7,
                  "true_errors": 3,
                  "precision": 0.42857142857142855,
                  "lift_vs_prevalence": 0.6428571428571429
                },
                "bottom20pct": {
                  "k": 7,
                  "true_errors": 4,
                  "error_rate": 0.5714285714285714
                },
                "top_to_bottom_ratio": 0.75
              },
              "gt_cross_class_overmerge": {
                "n": 33,
                "positives": 22,
                "prevalence": 0.6666666666666666,
                "average_precision": 0.6240708310221214,
                "auroc": 0.44421487603305787,
                "top5": {
                  "k": 5,
                  "true_errors": 2,
                  "precision": 0.4,
                  "lift_vs_prevalence": 0.6000000000000001
                },
                "top10": {
                  "k": 10,
                  "true_errors": 6,
                  "precision": 0.6,
                  "lift_vs_prevalence": 0.9
                },
                "top20pct": {
                  "k": 7,
                  "true_errors": 3,
                  "precision": 0.42857142857142855,
                  "lift_vs_prevalence": 0.6428571428571429
                },
                "bottom20pct": {
                  "k": 7,
                  "true_errors": 4,
                  "error_rate": 0.5714285714285714
                },
                "top_to_bottom_ratio": 0.75
              },
              "gt_same_class_overmerge": {
                "n": 33,
                "positives": 0,
                "prevalence": 0.0,
                "average_precision": null,
                "auroc": null,
                "top5": {
                  "k": 5,
                  "true_errors": 0,
                  "precision": 0.0,
                  "lift_vs_prevalence": null
                },
                "top10": {
                  "k": 10,
                  "true_errors": 0,
                  "precision": 0.0,
                  "lift_vs_prevalence": null
                },
                "top20pct": {
                  "k": 7,
                  "true_errors": 0,
                  "precision": 0.0,
                  "lift_vs_prevalence": null
                },
                "bottom20pct": {
                  "k": 7,
                  "true_errors": 0,
                  "error_rate": 0.0
                },
                "top_to_bottom_ratio": null
              },
              "gt_wrong_association": {
                "n": 33,
                "positives": 20,
                "prevalence": 0.6060606060606061,
                "average_precision": 0.5687969433237975,
                "auroc": 0.44999999999999996,
                "top5": {
                  "k": 5,
                  "true_errors": 1,
                  "precision": 0.2,
                  "lift_vs_prevalence": 0.33
                },
                "top10": {
                  "k": 10,
                  "true_errors": 5,
                  "precision": 0.5,
                  "lift_vs_prevalence": 0.825
                },
                "top20pct": {
                  "k": 7,
                  "true_errors": 2,
                  "precision": 0.2857142857142857,
                  "lift_vs_prevalence": 0.47142857142857136
                },
                "bottom20pct": {
                  "k": 7,
                  "true_errors": 4,
                  "error_rate": 0.5714285714285714
                },
                "top_to_bottom_ratio": 0.5
              },
              "gt_split_incident": {
                "n": 33,
                "positives": 15,
                "prevalence": 0.45454545454545453,
                "average_precision": 0.46903323413979847,
                "auroc": 0.537037037037037,
                "top5": {
                  "k": 5,
                  "true_errors": 2,
                  "precision": 0.4,
                  "lift_vs_prevalence": 0.8800000000000001
                },
                "top10": {
                  "k": 10,
                  "true_errors": 5,
                  "precision": 0.5,
                  "lift_vs_prevalence": 1.1
                },
                "top20pct": {
                  "k": 7,
                  "true_errors": 3,
                  "precision": 0.42857142857142855,
                  "lift_vs_prevalence": 0.9428571428571428
                },
                "bottom20pct": {
                  "k": 7,
                  "true_errors": 2,
                  "error_rate": 0.2857142857142857
                },
                "top_to_bottom_ratio": 1.5
              }
            },
            "fragmentation": {
              "gt_identity_error": {
                "n": 33,
                "positives": 25,
                "prevalence": 0.7575757575757576,
                "average_precision": 0.80175912975913,
                "auroc": 0.5225,
                "top5": {
                  "k": 5,
                  "true_errors": 4,
                  "precision": 0.8,
                  "lift_vs_prevalence": 1.056
                },
                "top10": {
                  "k": 10,
                  "true_errors": 8,
                  "precision": 0.8,
                  "lift_vs_prevalence": 1.056
                },
                "top20pct": {
                  "k": 7,
                  "true_errors": 5,
                  "precision": 0.7142857142857143,
                  "lift_vs_prevalence": 0.9428571428571428
                },
                "bottom20pct": {
                  "k": 7,
                  "true_errors": 5,
                  "error_rate": 0.7142857142857143
                },
                "top_to_bottom_ratio": 1.0
              },
              "gt_overmerge": {
                "n": 33,
                "positives": 22,
                "prevalence": 0.6666666666666666,
                "average_precision": 0.7375291375291373,
                "auroc": 0.5351239669421488,
                "top5": {
                  "k": 5,
                  "true_errors": 4,
                  "precision": 0.8,
                  "lift_vs_prevalence": 1.2000000000000002
                },
                "top10": {
                  "k": 10,
                  "true_errors": 7,
                  "precision": 0.7,
                  "lift_vs_prevalence": 1.05
                },
                "top20pct": {
                  "k": 7,
                  "true_errors": 5,
                  "precision": 0.7142857142857143,
                  "lift_vs_prevalence": 1.0714285714285716
                },
                "bottom20pct": {
                  "k": 7,
                  "true_errors": 5,
                  "error_rate": 0.7142857142857143
                },
                "top_to_bottom_ratio": 1.0
              },
              "gt_cross_class_overmerge": {
                "n": 33,
                "positives": 22,
                "prevalence": 0.6666666666666666,
                "average_precision": 0.7375291375291373,
                "auroc": 0.5351239669421488,
                "top5": {
                  "k": 5,
                  "true_errors": 4,
                  "precision": 0.8,
                  "lift_vs_prevalence": 1.2000000000000002
                },
                "top10": {
                  "k": 10,
                  "true_errors": 7,
                  "precision": 0.7,
                  "lift_vs_prevalence": 1.05
                },
                "top20pct": {
                  "k": 7,
                  "true_errors": 5,
                  "precision": 0.7142857142857143,
                  "lift_vs_prevalence": 1.0714285714285716
                },
                "bottom20pct": {
                  "k": 7,
                  "true_errors": 5,
                  "error_rate": 0.7142857142857143
                },
                "top_to_bottom_ratio": 1.0
              },
              "gt_same_class_overmerge": {
                "n": 33,
                "positives": 0,
                "prevalence": 0.0,
                "average_precision": null,
                "auroc": null,
                "top5": {
                  "k": 5,
                  "true_errors": 0,
                  "precision": 0.0,
                  "lift_vs_prevalence": null
                },
                "top10": {
                  "k": 10,
                  "true_errors": 0,
                  "precision": 0.0,
                  "lift_vs_prevalence": null
                },
                "top20pct": {
                  "k": 7,
                  "true_errors": 0,
                  "precision": 0.0,
                  "lift_vs_prevalence": null
                },
                "bottom20pct": {
                  "k": 7,
                  "true_errors": 0,
                  "error_rate": 0.0
                },
                "top_to_bottom_ratio": null
              },
              "gt_wrong_association": {
                "n": 33,
                "positives": 20,
                "prevalence": 0.6060606060606061,
                "average_precision": 0.7008653846153847,
                "auroc": 0.575,
                "top5": {
                  "k": 5,
                  "true_errors": 4,
                  "precision": 0.8,
                  "lift_vs_prevalence": 1.32
                },
                "top10": {
                  "k": 10,
                  "true_errors": 7,
                  "precision": 0.7,
                  "lift_vs_prevalence": 1.1549999999999998
                },
                "top20pct": {
                  "k": 7,
                  "true_errors": 4,
                  "precision": 0.5714285714285714,
                  "lift_vs_prevalence": 0.9428571428571427
                },
                "bottom20pct": {
                  "k": 7,
                  "true_errors": 4,
                  "error_rate": 0.5714285714285714
                },
                "top_to_bottom_ratio": 1.0
              },
              "gt_split_incident": {
                "n": 33,
                "positives": 15,
                "prevalence": 0.45454545454545453,
                "average_precision": 0.6857498057498057,
                "auroc": 0.7,
                "top5": {
                  "k": 5,
                  "true_errors": 4,
                  "precision": 0.8,
                  "lift_vs_prevalence": 1.7600000000000002
                },
                "top10": {
                  "k": 10,
                  "true_errors": 7,
                  "precision": 0.7,
                  "lift_vs_prevalence": 1.54
                },
                "top20pct": {
                  "k": 7,
                  "true_errors": 5,
                  "precision": 0.7142857142857143,
                  "lift_vs_prevalence": 1.5714285714285716
                },
                "bottom20pct": {
                  "k": 7,
                  "true_errors": 1,
                  "error_rate": 0.14285714285714285
                },
                "top_to_bottom_ratio": 5.0
              }
            },
            "duplicate_incident": {
              "gt_identity_error": {
                "n": 33,
                "positives": 25,
                "prevalence": 0.7575757575757576,
                "average_precision": 0.8528738110874335,
                "auroc": 0.6300000000000001,
                "top5": {
                  "k": 5,
                  "true_errors": 5,
                  "precision": 1.0,
                  "lift_vs_prevalence": 1.32
                },
                "top10": {
                  "k": 10,
                  "true_errors": 8,
                  "precision": 0.8,
                  "lift_vs_prevalence": 1.056
                },
                "top20pct": {
                  "k": 7,
                  "true_errors": 7,
                  "precision": 1.0,
                  "lift_vs_prevalence": 1.32
                },
                "bottom20pct": {
                  "k": 7,
                  "true_errors": 5,
                  "error_rate": 0.7142857142857143
                },
                "top_to_bottom_ratio": 1.4
              },
              "gt_overmerge": {
                "n": 33,
                "positives": 22,
                "prevalence": 0.6666666666666666,
                "average_precision": 0.6988301605983847,
                "auroc": 0.5516528925619835,
                "top5": {
                  "k": 5,
                  "true_errors": 4,
                  "precision": 0.8,
                  "lift_vs_prevalence": 1.2000000000000002
                },
                "top10": {
                  "k": 10,
                  "true_errors": 6,
                  "precision": 0.6,
                  "lift_vs_prevalence": 0.9
                },
                "top20pct": {
                  "k": 7,
                  "true_errors": 6,
                  "precision": 0.8571428571428571,
                  "lift_vs_prevalence": 1.2857142857142858
                },
                "bottom20pct": {
                  "k": 7,
                  "true_errors": 4,
                  "error_rate": 0.5714285714285714
                },
                "top_to_bottom_ratio": 1.5
              },
              "gt_cross_class_overmerge": {
                "n": 33,
                "positives": 22,
                "prevalence": 0.6666666666666666,
                "average_precision": 0.6988301605983847,
                "auroc": 0.5516528925619835,
                "top5": {
                  "k": 5,
                  "true_errors": 4,
                  "precision": 0.8,
                  "lift_vs_prevalence": 1.2000000000000002
                },
                "top10": {
                  "k": 10,
                  "true_errors": 6,
                  "precision": 0.6,
                  "lift_vs_prevalence": 0.9
                },
                "top20pct": {
                  "k": 7,
                  "true_errors": 6,
                  "precision": 0.8571428571428571,
                  "lift_vs_prevalence": 1.2857142857142858
                },
                "bottom20pct": {
                  "k": 7,
                  "true_errors": 4,
                  "error_rate": 0.5714285714285714
                },
                "top_to_bottom_ratio": 1.5
              },
              "gt_same_class_overmerge": {
                "n": 33,
                "positives": 0,
                "prevalence": 0.0,
                "average_precision": null,
                "auroc": null,
                "top5": {
                  "k": 5,
                  "true_errors": 0,
                  "precision": 0.0,
                  "lift_vs_prevalence": null
                },
                "top10": {
                  "k": 10,
                  "true_errors": 0,
                  "precision": 0.0,
                  "lift_vs_prevalence": null
                },
                "top20pct": {
                  "k": 7,
                  "true_errors": 0,
                  "precision": 0.0,
                  "lift_vs_prevalence": null
                },
                "bottom20pct": {
                  "k": 7,
                  "true_errors": 0,
                  "error_rate": 0.0
                },
                "top_to_bottom_ratio": null
              },
              "gt_wrong_association": {
                "n": 33,
                "positives": 20,
                "prevalence": 0.6060606060606061,
                "average_precision": 0.6822950480032524,
                "auroc": 0.6019230769230769,
                "top5": {
                  "k": 5,
                  "true_errors": 4,
                  "precision": 0.8,
                  "lift_vs_prevalence": 1.32
                },
                "top10": {
                  "k": 10,
                  "true_errors": 7,
                  "precision": 0.7,
                  "lift_vs_prevalence": 1.1549999999999998
                },
                "top20pct": {
                  "k": 7,
                  "true_errors": 6,
                  "precision": 0.8571428571428571,
                  "lift_vs_prevalence": 1.4142857142857141
                },
                "bottom20pct": {
                  "k": 7,
                  "true_errors": 3,
                  "error_rate": 0.42857142857142855
                },
                "top_to_bottom_ratio": 2.0
              },
              "gt_split_incident": {
                "n": 33,
                "positives": 15,
                "prevalence": 0.45454545454545453,
                "average_precision": 0.733468899521531,
                "auroc": 0.7574074074074075,
                "top5": {
                  "k": 5,
                  "true_errors": 4,
                  "precision": 0.8,
                  "lift_vs_prevalence": 1.7600000000000002
                },
                "top10": {
                  "k": 10,
                  "true_errors": 6,
                  "precision": 0.6,
                  "lift_vs_prevalence": 1.32
                },
                "top20pct": {
                  "k": 7,
                  "true_errors": 6,
                  "precision": 0.8571428571428571,
                  "lift_vs_prevalence": 1.8857142857142857
                },
                "bottom20pct": {
                  "k": 7,
                  "true_errors": 2,
                  "error_rate": 0.2857142857142857
                },
                "top_to_bottom_ratio": 3.0
              }
            },
            "combined": {
              "gt_identity_error": {
                "n": 33,
                "positives": 25,
                "prevalence": 0.7575757575757576,
                "average_precision": 0.7394513489068477,
                "auroc": 0.5,
                "top5": {
                  "k": 5,
                  "true_errors": 3,
                  "precision": 0.6,
                  "lift_vs_prevalence": 0.7919999999999999
                },
                "top10": {
                  "k": 10,
                  "true_errors": 7,
                  "precision": 0.7,
                  "lift_vs_prevalence": 0.9239999999999999
                },
                "top20pct": {
                  "k": 7,
                  "true_errors": 5,
                  "precision": 0.7142857142857143,
                  "lift_vs_prevalence": 0.9428571428571428
                },
                "bottom20pct": {
                  "k": 7,
                  "true_errors": 5,
                  "error_rate": 0.7142857142857143
                },
                "top_to_bottom_ratio": 1.0
              },
              "gt_overmerge": {
                "n": 33,
                "positives": 22,
                "prevalence": 0.6666666666666666,
                "average_precision": 0.6433366117852284,
                "auroc": 0.493801652892562,
                "top5": {
                  "k": 5,
                  "true_errors": 2,
                  "precision": 0.4,
                  "lift_vs_prevalence": 0.6000000000000001
                },
                "top10": {
                  "k": 10,
                  "true_errors": 6,
                  "precision": 0.6,
                  "lift_vs_prevalence": 0.9
                },
                "top20pct": {
                  "k": 7,
                  "true_errors": 4,
                  "precision": 0.5714285714285714,
                  "lift_vs_prevalence": 0.8571428571428571
                },
                "bottom20pct": {
                  "k": 7,
                  "true_errors": 4,
                  "error_rate": 0.5714285714285714
                },
                "top_to_bottom_ratio": 1.0
              },
              "gt_cross_class_overmerge": {
                "n": 33,
                "positives": 22,
                "prevalence": 0.6666666666666666,
                "average_precision": 0.6433366117852284,
                "auroc": 0.493801652892562,
                "top5": {
                  "k": 5,
                  "true_errors": 2,
                  "precision": 0.4,
                  "lift_vs_prevalence": 0.6000000000000001
                },
                "top10": {
                  "k": 10,
                  "true_errors": 6,
                  "precision": 0.6,
                  "lift_vs_prevalence": 0.9
                },
                "top20pct": {
                  "k": 7,
                  "true_errors": 4,
                  "precision": 0.5714285714285714,
                  "lift_vs_prevalence": 0.8571428571428571
                },
                "bottom20pct": {
                  "k": 7,
                  "true_errors": 4,
                  "error_rate": 0.5714285714285714
                },
                "top_to_bottom_ratio": 1.0
              },
              "gt_same_class_overmerge": {
                "n": 33,
                "positives": 0,
                "prevalence": 0.0,
                "average_precision": null,
                "auroc": null,
                "top5": {
                  "k": 5,
                  "true_errors": 0,
                  "precision": 0.0,
                  "lift_vs_prevalence": null
                },
                "top10": {
                  "k": 10,
                  "true_errors": 0,
                  "precision": 0.0,
                  "lift_vs_prevalence": null
                },
                "top20pct": {
                  "k": 7,
                  "true_errors": 0,
                  "precision": 0.0,
                  "lift_vs_prevalence": null
                },
                "bottom20pct": {
                  "k": 7,
                  "true_errors": 0,
                  "error_rate": 0.0
                },
                "top_to_bottom_ratio": null
              },
              "gt_wrong_association": {
                "n": 33,
                "positives": 20,
                "prevalence": 0.6060606060606061,
                "average_precision": 0.5919990642704837,
                "auroc": 0.5211538461538461,
                "top5": {
                  "k": 5,
                  "true_errors": 2,
                  "precision": 0.4,
                  "lift_vs_prevalence": 0.66
                },
                "top10": {
                  "k": 10,
                  "true_errors": 5,
                  "precision": 0.5,
                  "lift_vs_prevalence": 0.825
                },
                "top20pct": {
                  "k": 7,
                  "true_errors": 4,
                  "precision": 0.5714285714285714,
                  "lift_vs_prevalence": 0.9428571428571427
                },
                "bottom20pct": {
                  "k": 7,
                  "true_errors": 4,
                  "error_rate": 0.5714285714285714
                },
                "top_to_bottom_ratio": 1.0
              },
              "gt_split_incident": {
                "n": 33,
                "positives": 15,
                "prevalence": 0.45454545454545453,
                "average_precision": 0.5568315782446217,
                "auroc": 0.6370370370370371,
                "top5": {
                  "k": 5,
                  "true_errors": 3,
                  "precision": 0.6,
                  "lift_vs_prevalence": 1.32
                },
                "top10": {
                  "k": 10,
                  "true_errors": 6,
                  "precision": 0.6,
                  "lift_vs_prevalence": 1.32
                },
                "top20pct": {
                  "k": 7,
                  "true_errors": 4,
                  "precision": 0.5714285714285714,
                  "lift_vs_prevalence": 1.2571428571428571
                },
                "bottom20pct": {
                  "k": 7,
                  "true_errors": 2,
                  "error_rate": 0.2857142857142857
                },
                "top_to_bottom_ratio": 2.0
              }
            }
          },
          "pair_evaluation": {
            "r1": {
              "n": 51,
              "positives": 13,
              "prevalence": 0.2549019607843137,
              "average_precision": 0.3988264401577095,
              "auroc": 0.5850202429149798,
              "top5": {
                "k": 5,
                "true_errors": 2,
                "precision": 0.4,
                "lift_vs_prevalence": 1.5692307692307694
              },
              "top10": {
                "k": 10,
                "true_errors": 3,
                "precision": 0.3,
                "lift_vs_prevalence": 1.176923076923077
              },
              "top20pct": {
                "k": 11,
                "true_errors": 3,
                "precision": 0.2727272727272727,
                "lift_vs_prevalence": 1.06993006993007
              },
              "bottom20pct": {
                "k": 11,
                "true_errors": 2,
                "error_rate": 0.18181818181818182
              },
              "top_to_bottom_ratio": 1.4999999999999998
            },
            "r2": {
              "n": 51,
              "positives": 13,
              "prevalence": 0.2549019607843137,
              "average_precision": 0.41256270389397326,
              "auroc": 0.5880566801619433,
              "top5": {
                "k": 5,
                "true_errors": 2,
                "precision": 0.4,
                "lift_vs_prevalence": 1.5692307692307694
              },
              "top10": {
                "k": 10,
                "true_errors": 4,
                "precision": 0.4,
                "lift_vs_prevalence": 1.5692307692307694
              },
              "top20pct": {
                "k": 11,
                "true_errors": 4,
                "precision": 0.36363636363636365,
                "lift_vs_prevalence": 1.4265734265734267
              },
              "bottom20pct": {
                "k": 11,
                "true_errors": 2,
                "error_rate": 0.18181818181818182
              },
              "top_to_bottom_ratio": 2.0
            }
          }
        }
      },
      "final_members_only": {
        "scene": "office0",
        "voxel_size_m": 0.025,
        "evidence_scope": "final_members_only",
        "voxel_payload_fields": [
          "seen_count",
          "label_hist",
          "obs_ids"
        ],
        "voxel_count": 73037,
        "voxel_observation_links": 3107264,
        "selected_observations": 3106,
        "object_count": 35,
        "neighbor_pair_count": 51,
        "evaluation": {
          "foreground_objects": 33,
          "object_evaluation": {
            "nonspatial_label_entropy": {
              "gt_identity_error": {
                "n": 33,
                "positives": 25,
                "prevalence": 0.7575757575757576,
                "average_precision": 0.785136021872864,
                "auroc": 0.465,
                "top5": {
                  "k": 5,
                  "true_errors": 3,
                  "precision": 0.6,
                  "lift_vs_prevalence": 0.7919999999999999
                },
                "top10": {
                  "k": 10,
                  "true_errors": 8,
                  "precision": 0.8,
                  "lift_vs_prevalence": 1.056
                },
                "top20pct": {
                  "k": 7,
                  "true_errors": 5,
                  "precision": 0.7142857142857143,
                  "lift_vs_prevalence": 0.9428571428571428
                },
                "bottom20pct": {
                  "k": 7,
                  "true_errors": 6,
                  "error_rate": 0.8571428571428571
                },
                "top_to_bottom_ratio": 0.8333333333333334
              },
              "gt_overmerge": {
                "n": 33,
                "positives": 22,
                "prevalence": 0.6666666666666666,
                "average_precision": 0.677639001083977,
                "auroc": 0.4359504132231405,
                "top5": {
                  "k": 5,
                  "true_errors": 2,
                  "precision": 0.4,
                  "lift_vs_prevalence": 0.6000000000000001
                },
                "top10": {
                  "k": 10,
                  "true_errors": 7,
                  "precision": 0.7,
                  "lift_vs_prevalence": 1.05
                },
                "top20pct": {
                  "k": 7,
                  "true_errors": 4,
                  "precision": 0.5714285714285714,
                  "lift_vs_prevalence": 0.8571428571428571
                },
                "bottom20pct": {
                  "k": 7,
                  "true_errors": 6,
                  "error_rate": 0.8571428571428571
                },
                "top_to_bottom_ratio": 0.6666666666666666
              },
              "gt_cross_class_overmerge": {
                "n": 33,
                "positives": 22,
                "prevalence": 0.6666666666666666,
                "average_precision": 0.677639001083977,
                "auroc": 0.4359504132231405,
                "top5": {
                  "k": 5,
                  "true_errors": 2,
                  "precision": 0.4,
                  "lift_vs_prevalence": 0.6000000000000001
                },
                "top10": {
                  "k": 10,
                  "true_errors": 7,
                  "precision": 0.7,
                  "lift_vs_prevalence": 1.05
                },
                "top20pct": {
                  "k": 7,
                  "true_errors": 4,
                  "precision": 0.5714285714285714,
                  "lift_vs_prevalence": 0.8571428571428571
                },
                "bottom20pct": {
                  "k": 7,
                  "true_errors": 6,
                  "error_rate": 0.8571428571428571
                },
                "top_to_bottom_ratio": 0.6666666666666666
              },
              "gt_same_class_overmerge": {
                "n": 33,
                "positives": 0,
                "prevalence": 0.0,
                "average_precision": null,
                "auroc": null,
                "top5": {
                  "k": 5,
                  "true_errors": 0,
                  "precision": 0.0,
                  "lift_vs_prevalence": null
                },
                "top10": {
                  "k": 10,
                  "true_errors": 0,
                  "precision": 0.0,
                  "lift_vs_prevalence": null
                },
                "top20pct": {
                  "k": 7,
                  "true_errors": 0,
                  "precision": 0.0,
                  "lift_vs_prevalence": null
                },
                "bottom20pct": {
                  "k": 7,
                  "true_errors": 0,
                  "error_rate": 0.0
                },
                "top_to_bottom_ratio": null
              },
              "gt_wrong_association": {
                "n": 33,
                "positives": 20,
                "prevalence": 0.6060606060606061,
                "average_precision": 0.6687299213943952,
                "auroc": 0.5153846153846153,
                "top5": {
                  "k": 5,
                  "true_errors": 2,
                  "precision": 0.4,
                  "lift_vs_prevalence": 0.66
                },
                "top10": {
                  "k": 10,
                  "true_errors": 7,
                  "precision": 0.7,
                  "lift_vs_prevalence": 1.1549999999999998
                },
                "top20pct": {
                  "k": 7,
                  "true_errors": 4,
                  "precision": 0.5714285714285714,
                  "lift_vs_prevalence": 0.9428571428571427
                },
                "bottom20pct": {
                  "k": 7,
                  "true_errors": 4,
                  "error_rate": 0.5714285714285714
                },
                "top_to_bottom_ratio": 1.0
              },
              "gt_split_incident": {
                "n": 33,
                "positives": 15,
                "prevalence": 0.45454545454545453,
                "average_precision": 0.5331085288980026,
                "auroc": 0.5351851851851852,
                "top5": {
                  "k": 5,
                  "true_errors": 2,
                  "precision": 0.4,
                  "lift_vs_prevalence": 0.8800000000000001
                },
                "top10": {
                  "k": 10,
                  "true_errors": 5,
                  "precision": 0.5,
                  "lift_vs_prevalence": 1.1
                },
                "top20pct": {
                  "k": 7,
                  "true_errors": 4,
                  "precision": 0.5714285714285714,
                  "lift_vs_prevalence": 1.2571428571428571
                },
                "bottom20pct": {
                  "k": 7,
                  "true_errors": 2,
                  "error_rate": 0.2857142857142857
                },
                "top_to_bottom_ratio": 2.0
              }
            },
            "voxel_semantic_conflict": {
              "gt_identity_error": {
                "n": 33,
                "positives": 25,
                "prevalence": 0.7575757575757576,
                "average_precision": 0.7188589968144955,
                "auroc": 0.4575,
                "top5": {
                  "k": 5,
                  "true_errors": 3,
                  "precision": 0.6,
                  "lift_vs_prevalence": 0.7919999999999999
                },
                "top10": {
                  "k": 10,
                  "true_errors": 7,
                  "precision": 0.7,
                  "lift_vs_prevalence": 0.9239999999999999
                },
                "top20pct": {
                  "k": 7,
                  "true_errors": 4,
                  "precision": 0.5714285714285714,
                  "lift_vs_prevalence": 0.7542857142857142
                },
                "bottom20pct": {
                  "k": 7,
                  "true_errors": 5,
                  "error_rate": 0.7142857142857143
                },
                "top_to_bottom_ratio": 0.7999999999999999
              },
              "gt_overmerge": {
                "n": 33,
                "positives": 22,
                "prevalence": 0.6666666666666666,
                "average_precision": 0.6240708310221214,
                "auroc": 0.44421487603305787,
                "top5": {
                  "k": 5,
                  "true_errors": 2,
                  "precision": 0.4,
                  "lift_vs_prevalence": 0.6000000000000001
                },
                "top10": {
                  "k": 10,
                  "true_errors": 6,
                  "precision": 0.6,
                  "lift_vs_prevalence": 0.9
                },
                "top20pct": {
                  "k": 7,
                  "true_errors": 3,
                  "precision": 0.42857142857142855,
                  "lift_vs_prevalence": 0.6428571428571429
                },
                "bottom20pct": {
                  "k": 7,
                  "true_errors": 4,
                  "error_rate": 0.5714285714285714
                },
                "top_to_bottom_ratio": 0.75
              },
              "gt_cross_class_overmerge": {
                "n": 33,
                "positives": 22,
                "prevalence": 0.6666666666666666,
                "average_precision": 0.6240708310221214,
                "auroc": 0.44421487603305787,
                "top5": {
                  "k": 5,
                  "true_errors": 2,
                  "precision": 0.4,
                  "lift_vs_prevalence": 0.6000000000000001
                },
                "top10": {
                  "k": 10,
                  "true_errors": 6,
                  "precision": 0.6,
                  "lift_vs_prevalence": 0.9
                },
                "top20pct": {
                  "k": 7,
                  "true_errors": 3,
                  "precision": 0.42857142857142855,
                  "lift_vs_prevalence": 0.6428571428571429
                },
                "bottom20pct": {
                  "k": 7,
                  "true_errors": 4,
                  "error_rate": 0.5714285714285714
                },
                "top_to_bottom_ratio": 0.75
              },
              "gt_same_class_overmerge": {
                "n": 33,
                "positives": 0,
                "prevalence": 0.0,
                "average_precision": null,
                "auroc": null,
                "top5": {
                  "k": 5,
                  "true_errors": 0,
                  "precision": 0.0,
                  "lift_vs_prevalence": null
                },
                "top10": {
                  "k": 10,
                  "true_errors": 0,
                  "precision": 0.0,
                  "lift_vs_prevalence": null
                },
                "top20pct": {
                  "k": 7,
                  "true_errors": 0,
                  "precision": 0.0,
                  "lift_vs_prevalence": null
                },
                "bottom20pct": {
                  "k": 7,
                  "true_errors": 0,
                  "error_rate": 0.0
                },
                "top_to_bottom_ratio": null
              },
              "gt_wrong_association": {
                "n": 33,
                "positives": 20,
                "prevalence": 0.6060606060606061,
                "average_precision": 0.5687969433237975,
                "auroc": 0.44999999999999996,
                "top5": {
                  "k": 5,
                  "true_errors": 1,
                  "precision": 0.2,
                  "lift_vs_prevalence": 0.33
                },
                "top10": {
                  "k": 10,
                  "true_errors": 5,
                  "precision": 0.5,
                  "lift_vs_prevalence": 0.825
                },
                "top20pct": {
                  "k": 7,
                  "true_errors": 2,
                  "precision": 0.2857142857142857,
                  "lift_vs_prevalence": 0.47142857142857136
                },
                "bottom20pct": {
                  "k": 7,
                  "true_errors": 4,
                  "error_rate": 0.5714285714285714
                },
                "top_to_bottom_ratio": 0.5
              },
              "gt_split_incident": {
                "n": 33,
                "positives": 15,
                "prevalence": 0.45454545454545453,
                "average_precision": 0.46903323413979847,
                "auroc": 0.537037037037037,
                "top5": {
                  "k": 5,
                  "true_errors": 2,
                  "precision": 0.4,
                  "lift_vs_prevalence": 0.8800000000000001
                },
                "top10": {
                  "k": 10,
                  "true_errors": 5,
                  "precision": 0.5,
                  "lift_vs_prevalence": 1.1
                },
                "top20pct": {
                  "k": 7,
                  "true_errors": 3,
                  "precision": 0.42857142857142855,
                  "lift_vs_prevalence": 0.9428571428571428
                },
                "bottom20pct": {
                  "k": 7,
                  "true_errors": 2,
                  "error_rate": 0.2857142857142857
                },
                "top_to_bottom_ratio": 1.5
              }
            },
            "fragmentation": {
              "gt_identity_error": {
                "n": 33,
                "positives": 25,
                "prevalence": 0.7575757575757576,
                "average_precision": 0.80175912975913,
                "auroc": 0.5225,
                "top5": {
                  "k": 5,
                  "true_errors": 4,
                  "precision": 0.8,
                  "lift_vs_prevalence": 1.056
                },
                "top10": {
                  "k": 10,
                  "true_errors": 8,
                  "precision": 0.8,
                  "lift_vs_prevalence": 1.056
                },
                "top20pct": {
                  "k": 7,
                  "true_errors": 5,
                  "precision": 0.7142857142857143,
                  "lift_vs_prevalence": 0.9428571428571428
                },
                "bottom20pct": {
                  "k": 7,
                  "true_errors": 5,
                  "error_rate": 0.7142857142857143
                },
                "top_to_bottom_ratio": 1.0
              },
              "gt_overmerge": {
                "n": 33,
                "positives": 22,
                "prevalence": 0.6666666666666666,
                "average_precision": 0.7375291375291373,
                "auroc": 0.5351239669421488,
                "top5": {
                  "k": 5,
                  "true_errors": 4,
                  "precision": 0.8,
                  "lift_vs_prevalence": 1.2000000000000002
                },
                "top10": {
                  "k": 10,
                  "true_errors": 7,
                  "precision": 0.7,
                  "lift_vs_prevalence": 1.05
                },
                "top20pct": {
                  "k": 7,
                  "true_errors": 5,
                  "precision": 0.7142857142857143,
                  "lift_vs_prevalence": 1.0714285714285716
                },
                "bottom20pct": {
                  "k": 7,
                  "true_errors": 5,
                  "error_rate": 0.7142857142857143
                },
                "top_to_bottom_ratio": 1.0
              },
              "gt_cross_class_overmerge": {
                "n": 33,
                "positives": 22,
                "prevalence": 0.6666666666666666,
                "average_precision": 0.7375291375291373,
                "auroc": 0.5351239669421488,
                "top5": {
                  "k": 5,
                  "true_errors": 4,
                  "precision": 0.8,
                  "lift_vs_prevalence": 1.2000000000000002
                },
                "top10": {
                  "k": 10,
                  "true_errors": 7,
                  "precision": 0.7,
                  "lift_vs_prevalence": 1.05
                },
                "top20pct": {
                  "k": 7,
                  "true_errors": 5,
                  "precision": 0.7142857142857143,
                  "lift_vs_prevalence": 1.0714285714285716
                },
                "bottom20pct": {
                  "k": 7,
                  "true_errors": 5,
                  "error_rate": 0.7142857142857143
                },
                "top_to_bottom_ratio": 1.0
              },
              "gt_same_class_overmerge": {
                "n": 33,
                "positives": 0,
                "prevalence": 0.0,
                "average_precision": null,
                "auroc": null,
                "top5": {
                  "k": 5,
                  "true_errors": 0,
                  "precision": 0.0,
                  "lift_vs_prevalence": null
                },
                "top10": {
                  "k": 10,
                  "true_errors": 0,
                  "precision": 0.0,
                  "lift_vs_prevalence": null
                },
                "top20pct": {
                  "k": 7,
                  "true_errors": 0,
                  "precision": 0.0,
                  "lift_vs_prevalence": null
                },
                "bottom20pct": {
                  "k": 7,
                  "true_errors": 0,
                  "error_rate": 0.0
                },
                "top_to_bottom_ratio": null
              },
              "gt_wrong_association": {
                "n": 33,
                "positives": 20,
                "prevalence": 0.6060606060606061,
                "average_precision": 0.7008653846153847,
                "auroc": 0.575,
                "top5": {
                  "k": 5,
                  "true_errors": 4,
                  "precision": 0.8,
                  "lift_vs_prevalence": 1.32
                },
                "top10": {
                  "k": 10,
                  "true_errors": 7,
                  "precision": 0.7,
                  "lift_vs_prevalence": 1.1549999999999998
                },
                "top20pct": {
                  "k": 7,
                  "true_errors": 4,
                  "precision": 0.5714285714285714,
                  "lift_vs_prevalence": 0.9428571428571427
                },
                "bottom20pct": {
                  "k": 7,
                  "true_errors": 4,
                  "error_rate": 0.5714285714285714
                },
                "top_to_bottom_ratio": 1.0
              },
              "gt_split_incident": {
                "n": 33,
                "positives": 15,
                "prevalence": 0.45454545454545453,
                "average_precision": 0.6857498057498057,
                "auroc": 0.7,
                "top5": {
                  "k": 5,
                  "true_errors": 4,
                  "precision": 0.8,
                  "lift_vs_prevalence": 1.7600000000000002
                },
                "top10": {
                  "k": 10,
                  "true_errors": 7,
                  "precision": 0.7,
                  "lift_vs_prevalence": 1.54
                },
                "top20pct": {
                  "k": 7,
                  "true_errors": 5,
                  "precision": 0.7142857142857143,
                  "lift_vs_prevalence": 1.5714285714285716
                },
                "bottom20pct": {
                  "k": 7,
                  "true_errors": 1,
                  "error_rate": 0.14285714285714285
                },
                "top_to_bottom_ratio": 5.0
              }
            },
            "duplicate_incident": {
              "gt_identity_error": {
                "n": 33,
                "positives": 25,
                "prevalence": 0.7575757575757576,
                "average_precision": 0.8528738110874335,
                "auroc": 0.6300000000000001,
                "top5": {
                  "k": 5,
                  "true_errors": 5,
                  "precision": 1.0,
                  "lift_vs_prevalence": 1.32
                },
                "top10": {
                  "k": 10,
                  "true_errors": 8,
                  "precision": 0.8,
                  "lift_vs_prevalence": 1.056
                },
                "top20pct": {
                  "k": 7,
                  "true_errors": 7,
                  "precision": 1.0,
                  "lift_vs_prevalence": 1.32
                },
                "bottom20pct": {
                  "k": 7,
                  "true_errors": 5,
                  "error_rate": 0.7142857142857143
                },
                "top_to_bottom_ratio": 1.4
              },
              "gt_overmerge": {
                "n": 33,
                "positives": 22,
                "prevalence": 0.6666666666666666,
                "average_precision": 0.6988301605983847,
                "auroc": 0.5516528925619835,
                "top5": {
                  "k": 5,
                  "true_errors": 4,
                  "precision": 0.8,
                  "lift_vs_prevalence": 1.2000000000000002
                },
                "top10": {
                  "k": 10,
                  "true_errors": 6,
                  "precision": 0.6,
                  "lift_vs_prevalence": 0.9
                },
                "top20pct": {
                  "k": 7,
                  "true_errors": 6,
                  "precision": 0.8571428571428571,
                  "lift_vs_prevalence": 1.2857142857142858
                },
                "bottom20pct": {
                  "k": 7,
                  "true_errors": 4,
                  "error_rate": 0.5714285714285714
                },
                "top_to_bottom_ratio": 1.5
              },
              "gt_cross_class_overmerge": {
                "n": 33,
                "positives": 22,
                "prevalence": 0.6666666666666666,
                "average_precision": 0.6988301605983847,
                "auroc": 0.5516528925619835,
                "top5": {
                  "k": 5,
                  "true_errors": 4,
                  "precision": 0.8,
                  "lift_vs_prevalence": 1.2000000000000002
                },
                "top10": {
                  "k": 10,
                  "true_errors": 6,
                  "precision": 0.6,
                  "lift_vs_prevalence": 0.9
                },
                "top20pct": {
                  "k": 7,
                  "true_errors": 6,
                  "precision": 0.8571428571428571,
                  "lift_vs_prevalence": 1.2857142857142858
                },
                "bottom20pct": {
                  "k": 7,
                  "true_errors": 4,
                  "error_rate": 0.5714285714285714
                },
                "top_to_bottom_ratio": 1.5
              },
              "gt_same_class_overmerge": {
                "n": 33,
                "positives": 0,
                "prevalence": 0.0,
                "average_precision": null,
                "auroc": null,
                "top5": {
                  "k": 5,
                  "true_errors": 0,
                  "precision": 0.0,
                  "lift_vs_prevalence": null
                },
                "top10": {
                  "k": 10,
                  "true_errors": 0,
                  "precision": 0.0,
                  "lift_vs_prevalence": null
                },
                "top20pct": {
                  "k": 7,
                  "true_errors": 0,
                  "precision": 0.0,
                  "lift_vs_prevalence": null
                },
                "bottom20pct": {
                  "k": 7,
                  "true_errors": 0,
                  "error_rate": 0.0
                },
                "top_to_bottom_ratio": null
              },
              "gt_wrong_association": {
                "n": 33,
                "positives": 20,
                "prevalence": 0.6060606060606061,
                "average_precision": 0.6822950480032524,
                "auroc": 0.6019230769230769,
                "top5": {
                  "k": 5,
                  "true_errors": 4,
                  "precision": 0.8,
                  "lift_vs_prevalence": 1.32
                },
                "top10": {
                  "k": 10,
                  "true_errors": 7,
                  "precision": 0.7,
                  "lift_vs_prevalence": 1.1549999999999998
                },
                "top20pct": {
                  "k": 7,
                  "true_errors": 6,
                  "precision": 0.8571428571428571,
                  "lift_vs_prevalence": 1.4142857142857141
                },
                "bottom20pct": {
                  "k": 7,
                  "true_errors": 3,
                  "error_rate": 0.42857142857142855
                },
                "top_to_bottom_ratio": 2.0
              },
              "gt_split_incident": {
                "n": 33,
                "positives": 15,
                "prevalence": 0.45454545454545453,
                "average_precision": 0.733468899521531,
                "auroc": 0.7574074074074075,
                "top5": {
                  "k": 5,
                  "true_errors": 4,
                  "precision": 0.8,
                  "lift_vs_prevalence": 1.7600000000000002
                },
                "top10": {
                  "k": 10,
                  "true_errors": 6,
                  "precision": 0.6,
                  "lift_vs_prevalence": 1.32
                },
                "top20pct": {
                  "k": 7,
                  "true_errors": 6,
                  "precision": 0.8571428571428571,
                  "lift_vs_prevalence": 1.8857142857142857
                },
                "bottom20pct": {
                  "k": 7,
                  "true_errors": 2,
                  "error_rate": 0.2857142857142857
                },
                "top_to_bottom_ratio": 3.0
              }
            },
            "combined": {
              "gt_identity_error": {
                "n": 33,
                "positives": 25,
                "prevalence": 0.7575757575757576,
                "average_precision": 0.7394513489068477,
                "auroc": 0.5,
                "top5": {
                  "k": 5,
                  "true_errors": 3,
                  "precision": 0.6,
                  "lift_vs_prevalence": 0.7919999999999999
                },
                "top10": {
                  "k": 10,
                  "true_errors": 7,
                  "precision": 0.7,
                  "lift_vs_prevalence": 0.9239999999999999
                },
                "top20pct": {
                  "k": 7,
                  "true_errors": 5,
                  "precision": 0.7142857142857143,
                  "lift_vs_prevalence": 0.9428571428571428
                },
                "bottom20pct": {
                  "k": 7,
                  "true_errors": 5,
                  "error_rate": 0.7142857142857143
                },
                "top_to_bottom_ratio": 1.0
              },
              "gt_overmerge": {
                "n": 33,
                "positives": 22,
                "prevalence": 0.6666666666666666,
                "average_precision": 0.6433366117852284,
                "auroc": 0.493801652892562,
                "top5": {
                  "k": 5,
                  "true_errors": 2,
                  "precision": 0.4,
                  "lift_vs_prevalence": 0.6000000000000001
                },
                "top10": {
                  "k": 10,
                  "true_errors": 6,
                  "precision": 0.6,
                  "lift_vs_prevalence": 0.9
                },
                "top20pct": {
                  "k": 7,
                  "true_errors": 4,
                  "precision": 0.5714285714285714,
                  "lift_vs_prevalence": 0.8571428571428571
                },
                "bottom20pct": {
                  "k": 7,
                  "true_errors": 4,
                  "error_rate": 0.5714285714285714
                },
                "top_to_bottom_ratio": 1.0
              },
              "gt_cross_class_overmerge": {
                "n": 33,
                "positives": 22,
                "prevalence": 0.6666666666666666,
                "average_precision": 0.6433366117852284,
                "auroc": 0.493801652892562,
                "top5": {
                  "k": 5,
                  "true_errors": 2,
                  "precision": 0.4,
                  "lift_vs_prevalence": 0.6000000000000001
                },
                "top10": {
                  "k": 10,
                  "true_errors": 6,
                  "precision": 0.6,
                  "lift_vs_prevalence": 0.9
                },
                "top20pct": {
                  "k": 7,
                  "true_errors": 4,
                  "precision": 0.5714285714285714,
                  "lift_vs_prevalence": 0.8571428571428571
                },
                "bottom20pct": {
                  "k": 7,
                  "true_errors": 4,
                  "error_rate": 0.5714285714285714
                },
                "top_to_bottom_ratio": 1.0
              },
              "gt_same_class_overmerge": {
                "n": 33,
                "positives": 0,
                "prevalence": 0.0,
                "average_precision": null,
                "auroc": null,
                "top5": {
                  "k": 5,
                  "true_errors": 0,
                  "precision": 0.0,
                  "lift_vs_prevalence": null
                },
                "top10": {
                  "k": 10,
                  "true_errors": 0,
                  "precision": 0.0,
                  "lift_vs_prevalence": null
                },
                "top20pct": {
                  "k": 7,
                  "true_errors": 0,
                  "precision": 0.0,
                  "lift_vs_prevalence": null
                },
                "bottom20pct": {
                  "k": 7,
                  "true_errors": 0,
                  "error_rate": 0.0
                },
                "top_to_bottom_ratio": null
              },
              "gt_wrong_association": {
                "n": 33,
                "positives": 20,
                "prevalence": 0.6060606060606061,
                "average_precision": 0.5919990642704837,
                "auroc": 0.5211538461538461,
                "top5": {
                  "k": 5,
                  "true_errors": 2,
                  "precision": 0.4,
                  "lift_vs_prevalence": 0.66
                },
                "top10": {
                  "k": 10,
                  "true_errors": 5,
                  "precision": 0.5,
                  "lift_vs_prevalence": 0.825
                },
                "top20pct": {
                  "k": 7,
                  "true_errors": 4,
                  "precision": 0.5714285714285714,
                  "lift_vs_prevalence": 0.9428571428571427
                },
                "bottom20pct": {
                  "k": 7,
                  "true_errors": 4,
                  "error_rate": 0.5714285714285714
                },
                "top_to_bottom_ratio": 1.0
              },
              "gt_split_incident": {
                "n": 33,
                "positives": 15,
                "prevalence": 0.45454545454545453,
                "average_precision": 0.5568315782446217,
                "auroc": 0.6370370370370371,
                "top5": {
                  "k": 5,
                  "true_errors": 3,
                  "precision": 0.6,
                  "lift_vs_prevalence": 1.32
                },
                "top10": {
                  "k": 10,
                  "true_errors": 6,
                  "precision": 0.6,
                  "lift_vs_prevalence": 1.32
                },
                "top20pct": {
                  "k": 7,
                  "true_errors": 4,
                  "precision": 0.5714285714285714,
                  "lift_vs_prevalence": 1.2571428571428571
                },
                "bottom20pct": {
                  "k": 7,
                  "true_errors": 2,
                  "error_rate": 0.2857142857142857
                },
                "top_to_bottom_ratio": 2.0
              }
            }
          },
          "pair_evaluation": {
            "r1": {
              "n": 51,
              "positives": 13,
              "prevalence": 0.2549019607843137,
              "average_precision": 0.3988264401577095,
              "auroc": 0.5850202429149798,
              "top5": {
                "k": 5,
                "true_errors": 2,
                "precision": 0.4,
                "lift_vs_prevalence": 1.5692307692307694
              },
              "top10": {
                "k": 10,
                "true_errors": 3,
                "precision": 0.3,
                "lift_vs_prevalence": 1.176923076923077
              },
              "top20pct": {
                "k": 11,
                "true_errors": 3,
                "precision": 0.2727272727272727,
                "lift_vs_prevalence": 1.06993006993007
              },
              "bottom20pct": {
                "k": 11,
                "true_errors": 2,
                "error_rate": 0.18181818181818182
              },
              "top_to_bottom_ratio": 1.4999999999999998
            },
            "r2": {
              "n": 51,
              "positives": 13,
              "prevalence": 0.2549019607843137,
              "average_precision": 0.41256270389397326,
              "auroc": 0.5880566801619433,
              "top5": {
                "k": 5,
                "true_errors": 2,
                "precision": 0.4,
                "lift_vs_prevalence": 1.5692307692307694
              },
              "top10": {
                "k": 10,
                "true_errors": 4,
                "precision": 0.4,
                "lift_vs_prevalence": 1.5692307692307694
              },
              "top20pct": {
                "k": 11,
                "true_errors": 4,
                "precision": 0.36363636363636365,
                "lift_vs_prevalence": 1.4265734265734267
              },
              "bottom20pct": {
                "k": 11,
                "true_errors": 2,
                "error_rate": 0.18181818181818182
              },
              "top_to_bottom_ratio": 2.0
            }
          }
        }
      }
    },
    "0.05": {
      "all_history": {
        "scene": "office0",
        "voxel_size_m": 0.05,
        "evidence_scope": "all_history",
        "voxel_payload_fields": [
          "seen_count",
          "label_hist",
          "obs_ids"
        ],
        "voxel_count": 20431,
        "voxel_observation_links": 1020198,
        "selected_observations": 3106,
        "object_count": 35,
        "neighbor_pair_count": 60,
        "evaluation": {
          "foreground_objects": 33,
          "object_evaluation": {
            "nonspatial_label_entropy": {
              "gt_identity_error": {
                "n": 33,
                "positives": 25,
                "prevalence": 0.7575757575757576,
                "average_precision": 0.785136021872864,
                "auroc": 0.465,
                "top5": {
                  "k": 5,
                  "true_errors": 3,
                  "precision": 0.6,
                  "lift_vs_prevalence": 0.7919999999999999
                },
                "top10": {
                  "k": 10,
                  "true_errors": 8,
                  "precision": 0.8,
                  "lift_vs_prevalence": 1.056
                },
                "top20pct": {
                  "k": 7,
                  "true_errors": 5,
                  "precision": 0.7142857142857143,
                  "lift_vs_prevalence": 0.9428571428571428
                },
                "bottom20pct": {
                  "k": 7,
                  "true_errors": 6,
                  "error_rate": 0.8571428571428571
                },
                "top_to_bottom_ratio": 0.8333333333333334
              },
              "gt_overmerge": {
                "n": 33,
                "positives": 22,
                "prevalence": 0.6666666666666666,
                "average_precision": 0.677639001083977,
                "auroc": 0.4359504132231405,
                "top5": {
                  "k": 5,
                  "true_errors": 2,
                  "precision": 0.4,
                  "lift_vs_prevalence": 0.6000000000000001
                },
                "top10": {
                  "k": 10,
                  "true_errors": 7,
                  "precision": 0.7,
                  "lift_vs_prevalence": 1.05
                },
                "top20pct": {
                  "k": 7,
                  "true_errors": 4,
                  "precision": 0.5714285714285714,
                  "lift_vs_prevalence": 0.8571428571428571
                },
                "bottom20pct": {
                  "k": 7,
                  "true_errors": 6,
                  "error_rate": 0.8571428571428571
                },
                "top_to_bottom_ratio": 0.6666666666666666
              },
              "gt_cross_class_overmerge": {
                "n": 33,
                "positives": 22,
                "prevalence": 0.6666666666666666,
                "average_precision": 0.677639001083977,
                "auroc": 0.4359504132231405,
                "top5": {
                  "k": 5,
                  "true_errors": 2,
                  "precision": 0.4,
                  "lift_vs_prevalence": 0.6000000000000001
                },
                "top10": {
                  "k": 10,
                  "true_errors": 7,
                  "precision": 0.7,
                  "lift_vs_prevalence": 1.05
                },
                "top20pct": {
                  "k": 7,
                  "true_errors": 4,
                  "precision": 0.5714285714285714,
                  "lift_vs_prevalence": 0.8571428571428571
                },
                "bottom20pct": {
                  "k": 7,
                  "true_errors": 6,
                  "error_rate": 0.8571428571428571
                },
                "top_to_bottom_ratio": 0.6666666666666666
              },
              "gt_same_class_overmerge": {
                "n": 33,
                "positives": 0,
                "prevalence": 0.0,
                "average_precision": null,
                "auroc": null,
                "top5": {
                  "k": 5,
                  "true_errors": 0,
                  "precision": 0.0,
                  "lift_vs_prevalence": null
                },
                "top10": {
                  "k": 10,
                  "true_errors": 0,
                  "precision": 0.0,
                  "lift_vs_prevalence": null
                },
                "top20pct": {
                  "k": 7,
                  "true_errors": 0,
                  "precision": 0.0,
                  "lift_vs_prevalence": null
                },
                "bottom20pct": {
                  "k": 7,
                  "true_errors": 0,
                  "error_rate": 0.0
                },
                "top_to_bottom_ratio": null
              },
              "gt_wrong_association": {
                "n": 33,
                "positives": 20,
                "prevalence": 0.6060606060606061,
                "average_precision": 0.6687299213943952,
                "auroc": 0.5153846153846153,
                "top5": {
                  "k": 5,
                  "true_errors": 2,
                  "precision": 0.4,
                  "lift_vs_prevalence": 0.66
                },
                "top10": {
                  "k": 10,
                  "true_errors": 7,
                  "precision": 0.7,
                  "lift_vs_prevalence": 1.1549999999999998
                },
                "top20pct": {
                  "k": 7,
                  "true_errors": 4,
                  "precision": 0.5714285714285714,
                  "lift_vs_prevalence": 0.9428571428571427
                },
                "bottom20pct": {
                  "k": 7,
                  "true_errors": 4,
                  "error_rate": 0.5714285714285714
                },
                "top_to_bottom_ratio": 1.0
              },
              "gt_split_incident": {
                "n": 33,
                "positives": 18,
                "prevalence": 0.5454545454545454,
                "average_precision": 0.6511321970751796,
                "auroc": 0.548148148148148,
                "top5": {
                  "k": 5,
                  "true_errors": 3,
                  "precision": 0.6,
                  "lift_vs_prevalence": 1.1
                },
                "top10": {
                  "k": 10,
                  "true_errors": 6,
                  "precision": 0.6,
                  "lift_vs_prevalence": 1.1
                },
                "top20pct": {
                  "k": 7,
                  "true_errors": 5,
                  "precision": 0.7142857142857143,
                  "lift_vs_prevalence": 1.3095238095238098
                },
                "bottom20pct": {
                  "k": 7,
                  "true_errors": 2,
                  "error_rate": 0.2857142857142857
                },
                "top_to_bottom_ratio": 2.5
              }
            },
            "voxel_semantic_conflict": {
              "gt_identity_error": {
                "n": 33,
                "positives": 25,
                "prevalence": 0.7575757575757576,
                "average_precision": 0.7560086297902154,
                "auroc": 0.51,
                "top5": {
                  "k": 5,
                  "true_errors": 3,
                  "precision": 0.6,
                  "lift_vs_prevalence": 0.7919999999999999
                },
                "top10": {
                  "k": 10,
                  "true_errors": 8,
                  "precision": 0.8,
                  "lift_vs_prevalence": 1.056
                },
                "top20pct": {
                  "k": 7,
                  "true_errors": 5,
                  "precision": 0.7142857142857143,
                  "lift_vs_prevalence": 0.9428571428571428
                },
                "bottom20pct": {
                  "k": 7,
                  "true_errors": 5,
                  "error_rate": 0.7142857142857143
                },
                "top_to_bottom_ratio": 1.0
              },
              "gt_overmerge": {
                "n": 33,
                "positives": 22,
                "prevalence": 0.6666666666666666,
                "average_precision": 0.6547600775463482,
                "auroc": 0.49793388429752067,
                "top5": {
                  "k": 5,
                  "true_errors": 2,
                  "precision": 0.4,
                  "lift_vs_prevalence": 0.6000000000000001
                },
                "top10": {
                  "k": 10,
                  "true_errors": 7,
                  "precision": 0.7,
                  "lift_vs_prevalence": 1.05
                },
                "top20pct": {
                  "k": 7,
                  "true_errors": 4,
                  "precision": 0.5714285714285714,
                  "lift_vs_prevalence": 0.8571428571428571
                },
                "bottom20pct": {
                  "k": 7,
                  "true_errors": 4,
                  "error_rate": 0.5714285714285714
                },
                "top_to_bottom_ratio": 1.0
              },
              "gt_cross_class_overmerge": {
                "n": 33,
                "positives": 22,
                "prevalence": 0.6666666666666666,
                "average_precision": 0.6547600775463482,
                "auroc": 0.49793388429752067,
                "top5": {
                  "k": 5,
                  "true_errors": 2,
                  "precision": 0.4,
                  "lift_vs_prevalence": 0.6000000000000001
                },
                "top10": {
                  "k": 10,
                  "true_errors": 7,
                  "precision": 0.7,
                  "lift_vs_prevalence": 1.05
                },
                "top20pct": {
                  "k": 7,
                  "true_errors": 4,
                  "precision": 0.5714285714285714,
                  "lift_vs_prevalence": 0.8571428571428571
                },
                "bottom20pct": {
                  "k": 7,
                  "true_errors": 4,
                  "error_rate": 0.5714285714285714
                },
                "top_to_bottom_ratio": 1.0
              },
              "gt_same_class_overmerge": {
                "n": 33,
                "positives": 0,
                "prevalence": 0.0,
                "average_precision": null,
                "auroc": null,
                "top5": {
                  "k": 5,
                  "true_errors": 0,
                  "precision": 0.0,
                  "lift_vs_prevalence": null
                },
                "top10": {
                  "k": 10,
                  "true_errors": 0,
                  "precision": 0.0,
                  "lift_vs_prevalence": null
                },
                "top20pct": {
                  "k": 7,
                  "true_errors": 0,
                  "precision": 0.0,
                  "lift_vs_prevalence": null
                },
                "bottom20pct": {
                  "k": 7,
                  "true_errors": 0,
                  "error_rate": 0.0
                },
                "top_to_bottom_ratio": null
              },
              "gt_wrong_association": {
                "n": 33,
                "positives": 20,
                "prevalence": 0.6060606060606061,
                "average_precision": 0.5741303115516672,
                "auroc": 0.4557692307692308,
                "top5": {
                  "k": 5,
                  "true_errors": 2,
                  "precision": 0.4,
                  "lift_vs_prevalence": 0.66
                },
                "top10": {
                  "k": 10,
                  "true_errors": 6,
                  "precision": 0.6,
                  "lift_vs_prevalence": 0.99
                },
                "top20pct": {
                  "k": 7,
                  "true_errors": 3,
                  "precision": 0.42857142857142855,
                  "lift_vs_prevalence": 0.7071428571428571
                },
                "bottom20pct": {
                  "k": 7,
                  "true_errors": 4,
                  "error_rate": 0.5714285714285714
                },
                "top_to_bottom_ratio": 0.75
              },
              "gt_split_incident": {
                "n": 33,
                "positives": 18,
                "prevalence": 0.5454545454545454,
                "average_precision": 0.5108008309457586,
                "auroc": 0.4129629629629629,
                "top5": {
                  "k": 5,
                  "true_errors": 1,
                  "precision": 0.2,
                  "lift_vs_prevalence": 0.3666666666666667
                },
                "top10": {
                  "k": 10,
                  "true_errors": 5,
                  "precision": 0.5,
                  "lift_vs_prevalence": 0.9166666666666667
                },
                "top20pct": {
                  "k": 7,
                  "true_errors": 3,
                  "precision": 0.42857142857142855,
                  "lift_vs_prevalence": 0.7857142857142857
                },
                "bottom20pct": {
                  "k": 7,
                  "true_errors": 4,
                  "error_rate": 0.5714285714285714
                },
                "top_to_bottom_ratio": 0.75
              }
            },
            "fragmentation": {
              "gt_identity_error": {
                "n": 33,
                "positives": 25,
                "prevalence": 0.7575757575757576,
                "average_precision": 0.7436363636363637,
                "auroc": 0.47250000000000003,
                "top5": {
                  "k": 5,
                  "true_errors": 4,
                  "precision": 0.8,
                  "lift_vs_prevalence": 1.056
                },
                "top10": {
                  "k": 10,
                  "true_errors": 8,
                  "precision": 0.8,
                  "lift_vs_prevalence": 1.056
                },
                "top20pct": {
                  "k": 7,
                  "true_errors": 5,
                  "precision": 0.7142857142857143,
                  "lift_vs_prevalence": 0.9428571428571428
                },
                "bottom20pct": {
                  "k": 7,
                  "true_errors": 6,
                  "error_rate": 0.8571428571428571
                },
                "top_to_bottom_ratio": 0.8333333333333334
              },
              "gt_overmerge": {
                "n": 33,
                "positives": 22,
                "prevalence": 0.6666666666666666,
                "average_precision": 0.6515151515151515,
                "auroc": 0.4276859504132231,
                "top5": {
                  "k": 5,
                  "true_errors": 3,
                  "precision": 0.6,
                  "lift_vs_prevalence": 0.9
                },
                "top10": {
                  "k": 10,
                  "true_errors": 7,
                  "precision": 0.7,
                  "lift_vs_prevalence": 1.05
                },
                "top20pct": {
                  "k": 7,
                  "true_errors": 4,
                  "precision": 0.5714285714285714,
                  "lift_vs_prevalence": 0.8571428571428571
                },
                "bottom20pct": {
                  "k": 7,
                  "true_errors": 6,
                  "error_rate": 0.8571428571428571
                },
                "top_to_bottom_ratio": 0.6666666666666666
              },
              "gt_cross_class_overmerge": {
                "n": 33,
                "positives": 22,
                "prevalence": 0.6666666666666666,
                "average_precision": 0.6515151515151515,
                "auroc": 0.4276859504132231,
                "top5": {
                  "k": 5,
                  "true_errors": 3,
                  "precision": 0.6,
                  "lift_vs_prevalence": 0.9
                },
                "top10": {
                  "k": 10,
                  "true_errors": 7,
                  "precision": 0.7,
                  "lift_vs_prevalence": 1.05
                },
                "top20pct": {
                  "k": 7,
                  "true_errors": 4,
                  "precision": 0.5714285714285714,
                  "lift_vs_prevalence": 0.8571428571428571
                },
                "bottom20pct": {
                  "k": 7,
                  "true_errors": 6,
                  "error_rate": 0.8571428571428571
                },
                "top_to_bottom_ratio": 0.6666666666666666
              },
              "gt_same_class_overmerge": {
                "n": 33,
                "positives": 0,
                "prevalence": 0.0,
                "average_precision": null,
                "auroc": null,
                "top5": {
                  "k": 5,
                  "true_errors": 0,
                  "precision": 0.0,
                  "lift_vs_prevalence": null
                },
                "top10": {
                  "k": 10,
                  "true_errors": 0,
                  "precision": 0.0,
                  "lift_vs_prevalence": null
                },
                "top20pct": {
                  "k": 7,
                  "true_errors": 0,
                  "precision": 0.0,
                  "lift_vs_prevalence": null
                },
                "bottom20pct": {
                  "k": 7,
                  "true_errors": 0,
                  "error_rate": 0.0
                },
                "top_to_bottom_ratio": null
              },
              "gt_wrong_association": {
                "n": 33,
                "positives": 20,
                "prevalence": 0.6060606060606061,
                "average_precision": 0.6037878787878789,
                "auroc": 0.5076923076923078,
                "top5": {
                  "k": 5,
                  "true_errors": 4,
                  "precision": 0.8,
                  "lift_vs_prevalence": 1.32
                },
                "top10": {
                  "k": 10,
                  "true_errors": 8,
                  "precision": 0.8,
                  "lift_vs_prevalence": 1.32
                },
                "top20pct": {
                  "k": 7,
                  "true_errors": 5,
                  "precision": 0.7142857142857143,
                  "lift_vs_prevalence": 1.1785714285714286
                },
                "bottom20pct": {
                  "k": 7,
                  "true_errors": 4,
                  "error_rate": 0.5714285714285714
                },
                "top_to_bottom_ratio": 1.25
              },
              "gt_split_incident": {
                "n": 33,
                "positives": 18,
                "prevalence": 0.5454545454545454,
                "average_precision": 0.5336700336700336,
                "auroc": 0.45740740740740743,
                "top5": {
                  "k": 5,
                  "true_errors": 3,
                  "precision": 0.6,
                  "lift_vs_prevalence": 1.1
                },
                "top10": {
                  "k": 10,
                  "true_errors": 7,
                  "precision": 0.7,
                  "lift_vs_prevalence": 1.2833333333333334
                },
                "top20pct": {
                  "k": 7,
                  "true_errors": 4,
                  "precision": 0.5714285714285714,
                  "lift_vs_prevalence": 1.0476190476190477
                },
                "bottom20pct": {
                  "k": 7,
                  "true_errors": 2,
                  "error_rate": 0.2857142857142857
                },
                "top_to_bottom_ratio": 2.0
              }
            },
            "duplicate_incident": {
              "gt_identity_error": {
                "n": 33,
                "positives": 25,
                "prevalence": 0.7575757575757576,
                "average_precision": 0.8423470418470418,
                "auroc": 0.625,
                "top5": {
                  "k": 5,
                  "true_errors": 5,
                  "precision": 1.0,
                  "lift_vs_prevalence": 1.32
                },
                "top10": {
                  "k": 10,
                  "true_errors": 8,
                  "precision": 0.8,
                  "lift_vs_prevalence": 1.056
                },
                "top20pct": {
                  "k": 7,
                  "true_errors": 6,
                  "precision": 0.8571428571428571,
                  "lift_vs_prevalence": 1.1314285714285715
                },
                "bottom20pct": {
                  "k": 7,
                  "true_errors": 5,
                  "error_rate": 0.7142857142857143
                },
                "top_to_bottom_ratio": 1.2
              },
              "gt_overmerge": {
                "n": 33,
                "positives": 22,
                "prevalence": 0.6666666666666666,
                "average_precision": 0.6828241833923652,
                "auroc": 0.5392561983471074,
                "top5": {
                  "k": 5,
                  "true_errors": 4,
                  "precision": 0.8,
                  "lift_vs_prevalence": 1.2000000000000002
                },
                "top10": {
                  "k": 10,
                  "true_errors": 6,
                  "precision": 0.6,
                  "lift_vs_prevalence": 0.9
                },
                "top20pct": {
                  "k": 7,
                  "true_errors": 4,
                  "precision": 0.5714285714285714,
                  "lift_vs_prevalence": 0.8571428571428571
                },
                "bottom20pct": {
                  "k": 7,
                  "true_errors": 4,
                  "error_rate": 0.5714285714285714
                },
                "top_to_bottom_ratio": 1.0
              },
              "gt_cross_class_overmerge": {
                "n": 33,
                "positives": 22,
                "prevalence": 0.6666666666666666,
                "average_precision": 0.6828241833923652,
                "auroc": 0.5392561983471074,
                "top5": {
                  "k": 5,
                  "true_errors": 4,
                  "precision": 0.8,
                  "lift_vs_prevalence": 1.2000000000000002
                },
                "top10": {
                  "k": 10,
                  "true_errors": 6,
                  "precision": 0.6,
                  "lift_vs_prevalence": 0.9
                },
                "top20pct": {
                  "k": 7,
                  "true_errors": 4,
                  "precision": 0.5714285714285714,
                  "lift_vs_prevalence": 0.8571428571428571
                },
                "bottom20pct": {
                  "k": 7,
                  "true_errors": 4,
                  "error_rate": 0.5714285714285714
                },
                "top_to_bottom_ratio": 1.0
              },
              "gt_same_class_overmerge": {
                "n": 33,
                "positives": 0,
                "prevalence": 0.0,
                "average_precision": null,
                "auroc": null,
                "top5": {
                  "k": 5,
                  "true_errors": 0,
                  "precision": 0.0,
                  "lift_vs_prevalence": null
                },
                "top10": {
                  "k": 10,
                  "true_errors": 0,
                  "precision": 0.0,
                  "lift_vs_prevalence": null
                },
                "top20pct": {
                  "k": 7,
                  "true_errors": 0,
                  "precision": 0.0,
                  "lift_vs_prevalence": null
                },
                "bottom20pct": {
                  "k": 7,
                  "true_errors": 0,
                  "error_rate": 0.0
                },
                "top_to_bottom_ratio": null
              },
              "gt_wrong_association": {
                "n": 33,
                "positives": 20,
                "prevalence": 0.6060606060606061,
                "average_precision": 0.6545616883116883,
                "auroc": 0.5711538461538461,
                "top5": {
                  "k": 5,
                  "true_errors": 4,
                  "precision": 0.8,
                  "lift_vs_prevalence": 1.32
                },
                "top10": {
                  "k": 10,
                  "true_errors": 6,
                  "precision": 0.6,
                  "lift_vs_prevalence": 0.99
                },
                "top20pct": {
                  "k": 7,
                  "true_errors": 5,
                  "precision": 0.7142857142857143,
                  "lift_vs_prevalence": 1.1785714285714286
                },
                "bottom20pct": {
                  "k": 7,
                  "true_errors": 3,
                  "error_rate": 0.42857142857142855
                },
                "top_to_bottom_ratio": 1.6666666666666667
              },
              "gt_split_incident": {
                "n": 33,
                "positives": 18,
                "prevalence": 0.5454545454545454,
                "average_precision": 0.7391233766233767,
                "auroc": 0.6777777777777777,
                "top5": {
                  "k": 5,
                  "true_errors": 5,
                  "precision": 1.0,
                  "lift_vs_prevalence": 1.8333333333333335
                },
                "top10": {
                  "k": 10,
                  "true_errors": 7,
                  "precision": 0.7,
                  "lift_vs_prevalence": 1.2833333333333334
                },
                "top20pct": {
                  "k": 7,
                  "true_errors": 5,
                  "precision": 0.7142857142857143,
                  "lift_vs_prevalence": 1.3095238095238098
                },
                "bottom20pct": {
                  "k": 7,
                  "true_errors": 3,
                  "error_rate": 0.42857142857142855
                },
                "top_to_bottom_ratio": 1.6666666666666667
              }
            },
            "combined": {
              "gt_identity_error": {
                "n": 33,
                "positives": 25,
                "prevalence": 0.7575757575757576,
                "average_precision": 0.762975357975358,
                "auroc": 0.555,
                "top5": {
                  "k": 5,
                  "true_errors": 3,
                  "precision": 0.6,
                  "lift_vs_prevalence": 0.7919999999999999
                },
                "top10": {
                  "k": 10,
                  "true_errors": 8,
                  "precision": 0.8,
                  "lift_vs_prevalence": 1.056
                },
                "top20pct": {
                  "k": 7,
                  "true_errors": 5,
                  "precision": 0.7142857142857143,
                  "lift_vs_prevalence": 0.9428571428571428
                },
                "bottom20pct": {
                  "k": 7,
                  "true_errors": 5,
                  "error_rate": 0.7142857142857143
                },
                "top_to_bottom_ratio": 1.0
              },
              "gt_overmerge": {
                "n": 33,
                "positives": 22,
                "prevalence": 0.6666666666666666,
                "average_precision": 0.6495032745032745,
                "auroc": 0.49173553719008267,
                "top5": {
                  "k": 5,
                  "true_errors": 2,
                  "precision": 0.4,
                  "lift_vs_prevalence": 0.6000000000000001
                },
                "top10": {
                  "k": 10,
                  "true_errors": 6,
                  "precision": 0.6,
                  "lift_vs_prevalence": 0.9
                },
                "top20pct": {
                  "k": 7,
                  "true_errors": 3,
                  "precision": 0.42857142857142855,
                  "lift_vs_prevalence": 0.6428571428571429
                },
                "bottom20pct": {
                  "k": 7,
                  "true_errors": 4,
                  "error_rate": 0.5714285714285714
                },
                "top_to_bottom_ratio": 0.75
              },
              "gt_cross_class_overmerge": {
                "n": 33,
                "positives": 22,
                "prevalence": 0.6666666666666666,
                "average_precision": 0.6495032745032745,
                "auroc": 0.49173553719008267,
                "top5": {
                  "k": 5,
                  "true_errors": 2,
                  "precision": 0.4,
                  "lift_vs_prevalence": 0.6000000000000001
                },
                "top10": {
                  "k": 10,
                  "true_errors": 6,
                  "precision": 0.6,
                  "lift_vs_prevalence": 0.9
                },
                "top20pct": {
                  "k": 7,
                  "true_errors": 3,
                  "precision": 0.42857142857142855,
                  "lift_vs_prevalence": 0.6428571428571429
                },
                "bottom20pct": {
                  "k": 7,
                  "true_errors": 4,
                  "error_rate": 0.5714285714285714
                },
                "top_to_bottom_ratio": 0.75
              },
              "gt_same_class_overmerge": {
                "n": 33,
                "positives": 0,
                "prevalence": 0.0,
                "average_precision": null,
                "auroc": null,
                "top5": {
                  "k": 5,
                  "true_errors": 0,
                  "precision": 0.0,
                  "lift_vs_prevalence": null
                },
                "top10": {
                  "k": 10,
                  "true_errors": 0,
                  "precision": 0.0,
                  "lift_vs_prevalence": null
                },
                "top20pct": {
                  "k": 7,
                  "true_errors": 0,
                  "precision": 0.0,
                  "lift_vs_prevalence": null
                },
                "bottom20pct": {
                  "k": 7,
                  "true_errors": 0,
                  "error_rate": 0.0
                },
                "top_to_bottom_ratio": null
              },
              "gt_wrong_association": {
                "n": 33,
                "positives": 20,
                "prevalence": 0.6060606060606061,
                "average_precision": 0.6117239704739705,
                "auroc": 0.5423076923076924,
                "top5": {
                  "k": 5,
                  "true_errors": 2,
                  "precision": 0.4,
                  "lift_vs_prevalence": 0.66
                },
                "top10": {
                  "k": 10,
                  "true_errors": 6,
                  "precision": 0.6,
                  "lift_vs_prevalence": 0.99
                },
                "top20pct": {
                  "k": 7,
                  "true_errors": 4,
                  "precision": 0.5714285714285714,
                  "lift_vs_prevalence": 0.9428571428571427
                },
                "bottom20pct": {
                  "k": 7,
                  "true_errors": 3,
                  "error_rate": 0.42857142857142855
                },
                "top_to_bottom_ratio": 1.3333333333333333
              },
              "gt_split_incident": {
                "n": 33,
                "positives": 18,
                "prevalence": 0.5454545454545454,
                "average_precision": 0.5231195502028836,
                "auroc": 0.46851851851851845,
                "top5": {
                  "k": 5,
                  "true_errors": 2,
                  "precision": 0.4,
                  "lift_vs_prevalence": 0.7333333333333334
                },
                "top10": {
                  "k": 10,
                  "true_errors": 5,
                  "precision": 0.5,
                  "lift_vs_prevalence": 0.9166666666666667
                },
                "top20pct": {
                  "k": 7,
                  "true_errors": 2,
                  "precision": 0.2857142857142857,
                  "lift_vs_prevalence": 0.5238095238095238
                },
                "bottom20pct": {
                  "k": 7,
                  "true_errors": 4,
                  "error_rate": 0.5714285714285714
                },
                "top_to_bottom_ratio": 0.5
              }
            }
          },
          "pair_evaluation": {
            "r1": {
              "n": 60,
              "positives": 16,
              "prevalence": 0.26666666666666666,
              "average_precision": 0.46067370129870133,
              "auroc": 0.625,
              "top5": {
                "k": 5,
                "true_errors": 3,
                "precision": 0.6,
                "lift_vs_prevalence": 2.25
              },
              "top10": {
                "k": 10,
                "true_errors": 3,
                "precision": 0.3,
                "lift_vs_prevalence": 1.125
              },
              "top20pct": {
                "k": 12,
                "true_errors": 5,
                "precision": 0.4166666666666667,
                "lift_vs_prevalence": 1.5625
              },
              "bottom20pct": {
                "k": 12,
                "true_errors": 1,
                "error_rate": 0.08333333333333333
              },
              "top_to_bottom_ratio": 5.000000000000001
            },
            "r2": {
              "n": 60,
              "positives": 16,
              "prevalence": 0.26666666666666666,
              "average_precision": 0.46008167245048803,
              "auroc": 0.6157670454545454,
              "top5": {
                "k": 5,
                "true_errors": 3,
                "precision": 0.6,
                "lift_vs_prevalence": 2.25
              },
              "top10": {
                "k": 10,
                "true_errors": 5,
                "precision": 0.5,
                "lift_vs_prevalence": 1.875
              },
              "top20pct": {
                "k": 12,
                "true_errors": 5,
                "precision": 0.4166666666666667,
                "lift_vs_prevalence": 1.5625
              },
              "bottom20pct": {
                "k": 12,
                "true_errors": 2,
                "error_rate": 0.16666666666666666
              },
              "top_to_bottom_ratio": 2.5000000000000004
            }
          }
        }
      },
      "final_members_only": {
        "scene": "office0",
        "voxel_size_m": 0.05,
        "evidence_scope": "final_members_only",
        "voxel_payload_fields": [
          "seen_count",
          "label_hist",
          "obs_ids"
        ],
        "voxel_count": 20431,
        "voxel_observation_links": 1020198,
        "selected_observations": 3106,
        "object_count": 35,
        "neighbor_pair_count": 60,
        "evaluation": {
          "foreground_objects": 33,
          "object_evaluation": {
            "nonspatial_label_entropy": {
              "gt_identity_error": {
                "n": 33,
                "positives": 25,
                "prevalence": 0.7575757575757576,
                "average_precision": 0.785136021872864,
                "auroc": 0.465,
                "top5": {
                  "k": 5,
                  "true_errors": 3,
                  "precision": 0.6,
                  "lift_vs_prevalence": 0.7919999999999999
                },
                "top10": {
                  "k": 10,
                  "true_errors": 8,
                  "precision": 0.8,
                  "lift_vs_prevalence": 1.056
                },
                "top20pct": {
                  "k": 7,
                  "true_errors": 5,
                  "precision": 0.7142857142857143,
                  "lift_vs_prevalence": 0.9428571428571428
                },
                "bottom20pct": {
                  "k": 7,
                  "true_errors": 6,
                  "error_rate": 0.8571428571428571
                },
                "top_to_bottom_ratio": 0.8333333333333334
              },
              "gt_overmerge": {
                "n": 33,
                "positives": 22,
                "prevalence": 0.6666666666666666,
                "average_precision": 0.677639001083977,
                "auroc": 0.4359504132231405,
                "top5": {
                  "k": 5,
                  "true_errors": 2,
                  "precision": 0.4,
                  "lift_vs_prevalence": 0.6000000000000001
                },
                "top10": {
                  "k": 10,
                  "true_errors": 7,
                  "precision": 0.7,
                  "lift_vs_prevalence": 1.05
                },
                "top20pct": {
                  "k": 7,
                  "true_errors": 4,
                  "precision": 0.5714285714285714,
                  "lift_vs_prevalence": 0.8571428571428571
                },
                "bottom20pct": {
                  "k": 7,
                  "true_errors": 6,
                  "error_rate": 0.8571428571428571
                },
                "top_to_bottom_ratio": 0.6666666666666666
              },
              "gt_cross_class_overmerge": {
                "n": 33,
                "positives": 22,
                "prevalence": 0.6666666666666666,
                "average_precision": 0.677639001083977,
                "auroc": 0.4359504132231405,
                "top5": {
                  "k": 5,
                  "true_errors": 2,
                  "precision": 0.4,
                  "lift_vs_prevalence": 0.6000000000000001
                },
                "top10": {
                  "k": 10,
                  "true_errors": 7,
                  "precision": 0.7,
                  "lift_vs_prevalence": 1.05
                },
                "top20pct": {
                  "k": 7,
                  "true_errors": 4,
                  "precision": 0.5714285714285714,
                  "lift_vs_prevalence": 0.8571428571428571
                },
                "bottom20pct": {
                  "k": 7,
                  "true_errors": 6,
                  "error_rate": 0.8571428571428571
                },
                "top_to_bottom_ratio": 0.6666666666666666
              },
              "gt_same_class_overmerge": {
                "n": 33,
                "positives": 0,
                "prevalence": 0.0,
                "average_precision": null,
                "auroc": null,
                "top5": {
                  "k": 5,
                  "true_errors": 0,
                  "precision": 0.0,
                  "lift_vs_prevalence": null
                },
                "top10": {
                  "k": 10,
                  "true_errors": 0,
                  "precision": 0.0,
                  "lift_vs_prevalence": null
                },
                "top20pct": {
                  "k": 7,
                  "true_errors": 0,
                  "precision": 0.0,
                  "lift_vs_prevalence": null
                },
                "bottom20pct": {
                  "k": 7,
                  "true_errors": 0,
                  "error_rate": 0.0
                },
                "top_to_bottom_ratio": null
              },
              "gt_wrong_association": {
                "n": 33,
                "positives": 20,
                "prevalence": 0.6060606060606061,
                "average_precision": 0.6687299213943952,
                "auroc": 0.5153846153846153,
                "top5": {
                  "k": 5,
                  "true_errors": 2,
                  "precision": 0.4,
                  "lift_vs_prevalence": 0.66
                },
                "top10": {
                  "k": 10,
                  "true_errors": 7,
                  "precision": 0.7,
                  "lift_vs_prevalence": 1.1549999999999998
                },
                "top20pct": {
                  "k": 7,
                  "true_errors": 4,
                  "precision": 0.5714285714285714,
                  "lift_vs_prevalence": 0.9428571428571427
                },
                "bottom20pct": {
                  "k": 7,
                  "true_errors": 4,
                  "error_rate": 0.5714285714285714
                },
                "top_to_bottom_ratio": 1.0
              },
              "gt_split_incident": {
                "n": 33,
                "positives": 18,
                "prevalence": 0.5454545454545454,
                "average_precision": 0.6511321970751796,
                "auroc": 0.548148148148148,
                "top5": {
                  "k": 5,
                  "true_errors": 3,
                  "precision": 0.6,
                  "lift_vs_prevalence": 1.1
                },
                "top10": {
                  "k": 10,
                  "true_errors": 6,
                  "precision": 0.6,
                  "lift_vs_prevalence": 1.1
                },
                "top20pct": {
                  "k": 7,
                  "true_errors": 5,
                  "precision": 0.7142857142857143,
                  "lift_vs_prevalence": 1.3095238095238098
                },
                "bottom20pct": {
                  "k": 7,
                  "true_errors": 2,
                  "error_rate": 0.2857142857142857
                },
                "top_to_bottom_ratio": 2.5
              }
            },
            "voxel_semantic_conflict": {
              "gt_identity_error": {
                "n": 33,
                "positives": 25,
                "prevalence": 0.7575757575757576,
                "average_precision": 0.7560086297902154,
                "auroc": 0.51,
                "top5": {
                  "k": 5,
                  "true_errors": 3,
                  "precision": 0.6,
                  "lift_vs_prevalence": 0.7919999999999999
                },
                "top10": {
                  "k": 10,
                  "true_errors": 8,
                  "precision": 0.8,
                  "lift_vs_prevalence": 1.056
                },
                "top20pct": {
                  "k": 7,
                  "true_errors": 5,
                  "precision": 0.7142857142857143,
                  "lift_vs_prevalence": 0.9428571428571428
                },
                "bottom20pct": {
                  "k": 7,
                  "true_errors": 5,
                  "error_rate": 0.7142857142857143
                },
                "top_to_bottom_ratio": 1.0
              },
              "gt_overmerge": {
                "n": 33,
                "positives": 22,
                "prevalence": 0.6666666666666666,
                "average_precision": 0.6547600775463482,
                "auroc": 0.49793388429752067,
                "top5": {
                  "k": 5,
                  "true_errors": 2,
                  "precision": 0.4,
                  "lift_vs_prevalence": 0.6000000000000001
                },
                "top10": {
                  "k": 10,
                  "true_errors": 7,
                  "precision": 0.7,
                  "lift_vs_prevalence": 1.05
                },
                "top20pct": {
                  "k": 7,
                  "true_errors": 4,
                  "precision": 0.5714285714285714,
                  "lift_vs_prevalence": 0.8571428571428571
                },
                "bottom20pct": {
                  "k": 7,
                  "true_errors": 4,
                  "error_rate": 0.5714285714285714
                },
                "top_to_bottom_ratio": 1.0
              },
              "gt_cross_class_overmerge": {
                "n": 33,
                "positives": 22,
                "prevalence": 0.6666666666666666,
                "average_precision": 0.6547600775463482,
                "auroc": 0.49793388429752067,
                "top5": {
                  "k": 5,
                  "true_errors": 2,
                  "precision": 0.4,
                  "lift_vs_prevalence": 0.6000000000000001
                },
                "top10": {
                  "k": 10,
                  "true_errors": 7,
                  "precision": 0.7,
                  "lift_vs_prevalence": 1.05
                },
                "top20pct": {
                  "k": 7,
                  "true_errors": 4,
                  "precision": 0.5714285714285714,
                  "lift_vs_prevalence": 0.8571428571428571
                },
                "bottom20pct": {
                  "k": 7,
                  "true_errors": 4,
                  "error_rate": 0.5714285714285714
                },
                "top_to_bottom_ratio": 1.0
              },
              "gt_same_class_overmerge": {
                "n": 33,
                "positives": 0,
                "prevalence": 0.0,
                "average_precision": null,
                "auroc": null,
                "top5": {
                  "k": 5,
                  "true_errors": 0,
                  "precision": 0.0,
                  "lift_vs_prevalence": null
                },
                "top10": {
                  "k": 10,
                  "true_errors": 0,
                  "precision": 0.0,
                  "lift_vs_prevalence": null
                },
                "top20pct": {
                  "k": 7,
                  "true_errors": 0,
                  "precision": 0.0,
                  "lift_vs_prevalence": null
                },
                "bottom20pct": {
                  "k": 7,
                  "true_errors": 0,
                  "error_rate": 0.0
                },
                "top_to_bottom_ratio": null
              },
              "gt_wrong_association": {
                "n": 33,
                "positives": 20,
                "prevalence": 0.6060606060606061,
                "average_precision": 0.5741303115516672,
                "auroc": 0.4557692307692308,
                "top5": {
                  "k": 5,
                  "true_errors": 2,
                  "precision": 0.4,
                  "lift_vs_prevalence": 0.66
                },
                "top10": {
                  "k": 10,
                  "true_errors": 6,
                  "precision": 0.6,
                  "lift_vs_prevalence": 0.99
                },
                "top20pct": {
                  "k": 7,
                  "true_errors": 3,
                  "precision": 0.42857142857142855,
                  "lift_vs_prevalence": 0.7071428571428571
                },
                "bottom20pct": {
                  "k": 7,
                  "true_errors": 4,
                  "error_rate": 0.5714285714285714
                },
                "top_to_bottom_ratio": 0.75
              },
              "gt_split_incident": {
                "n": 33,
                "positives": 18,
                "prevalence": 0.5454545454545454,
                "average_precision": 0.5108008309457586,
                "auroc": 0.4129629629629629,
                "top5": {
                  "k": 5,
                  "true_errors": 1,
                  "precision": 0.2,
                  "lift_vs_prevalence": 0.3666666666666667
                },
                "top10": {
                  "k": 10,
                  "true_errors": 5,
                  "precision": 0.5,
                  "lift_vs_prevalence": 0.9166666666666667
                },
                "top20pct": {
                  "k": 7,
                  "true_errors": 3,
                  "precision": 0.42857142857142855,
                  "lift_vs_prevalence": 0.7857142857142857
                },
                "bottom20pct": {
                  "k": 7,
                  "true_errors": 4,
                  "error_rate": 0.5714285714285714
                },
                "top_to_bottom_ratio": 0.75
              }
            },
            "fragmentation": {
              "gt_identity_error": {
                "n": 33,
                "positives": 25,
                "prevalence": 0.7575757575757576,
                "average_precision": 0.7436363636363637,
                "auroc": 0.47250000000000003,
                "top5": {
                  "k": 5,
                  "true_errors": 4,
                  "precision": 0.8,
                  "lift_vs_prevalence": 1.056
                },
                "top10": {
                  "k": 10,
                  "true_errors": 8,
                  "precision": 0.8,
                  "lift_vs_prevalence": 1.056
                },
                "top20pct": {
                  "k": 7,
                  "true_errors": 5,
                  "precision": 0.7142857142857143,
                  "lift_vs_prevalence": 0.9428571428571428
                },
                "bottom20pct": {
                  "k": 7,
                  "true_errors": 6,
                  "error_rate": 0.8571428571428571
                },
                "top_to_bottom_ratio": 0.8333333333333334
              },
              "gt_overmerge": {
                "n": 33,
                "positives": 22,
                "prevalence": 0.6666666666666666,
                "average_precision": 0.6515151515151515,
                "auroc": 0.4276859504132231,
                "top5": {
                  "k": 5,
                  "true_errors": 3,
                  "precision": 0.6,
                  "lift_vs_prevalence": 0.9
                },
                "top10": {
                  "k": 10,
                  "true_errors": 7,
                  "precision": 0.7,
                  "lift_vs_prevalence": 1.05
                },
                "top20pct": {
                  "k": 7,
                  "true_errors": 4,
                  "precision": 0.5714285714285714,
                  "lift_vs_prevalence": 0.8571428571428571
                },
                "bottom20pct": {
                  "k": 7,
                  "true_errors": 6,
                  "error_rate": 0.8571428571428571
                },
                "top_to_bottom_ratio": 0.6666666666666666
              },
              "gt_cross_class_overmerge": {
                "n": 33,
                "positives": 22,
                "prevalence": 0.6666666666666666,
                "average_precision": 0.6515151515151515,
                "auroc": 0.4276859504132231,
                "top5": {
                  "k": 5,
                  "true_errors": 3,
                  "precision": 0.6,
                  "lift_vs_prevalence": 0.9
                },
                "top10": {
                  "k": 10,
                  "true_errors": 7,
                  "precision": 0.7,
                  "lift_vs_prevalence": 1.05
                },
                "top20pct": {
                  "k": 7,
                  "true_errors": 4,
                  "precision": 0.5714285714285714,
                  "lift_vs_prevalence": 0.8571428571428571
                },
                "bottom20pct": {
                  "k": 7,
                  "true_errors": 6,
                  "error_rate": 0.8571428571428571
                },
                "top_to_bottom_ratio": 0.6666666666666666
              },
              "gt_same_class_overmerge": {
                "n": 33,
                "positives": 0,
                "prevalence": 0.0,
                "average_precision": null,
                "auroc": null,
                "top5": {
                  "k": 5,
                  "true_errors": 0,
                  "precision": 0.0,
                  "lift_vs_prevalence": null
                },
                "top10": {
                  "k": 10,
                  "true_errors": 0,
                  "precision": 0.0,
                  "lift_vs_prevalence": null
                },
                "top20pct": {
                  "k": 7,
                  "true_errors": 0,
                  "precision": 0.0,
                  "lift_vs_prevalence": null
                },
                "bottom20pct": {
                  "k": 7,
                  "true_errors": 0,
                  "error_rate": 0.0
                },
                "top_to_bottom_ratio": null
              },
              "gt_wrong_association": {
                "n": 33,
                "positives": 20,
                "prevalence": 0.6060606060606061,
                "average_precision": 0.6037878787878789,
                "auroc": 0.5076923076923078,
                "top5": {
                  "k": 5,
                  "true_errors": 4,
                  "precision": 0.8,
                  "lift_vs_prevalence": 1.32
                },
                "top10": {
                  "k": 10,
                  "true_errors": 8,
                  "precision": 0.8,
                  "lift_vs_prevalence": 1.32
                },
                "top20pct": {
                  "k": 7,
                  "true_errors": 5,
                  "precision": 0.7142857142857143,
                  "lift_vs_prevalence": 1.1785714285714286
                },
                "bottom20pct": {
                  "k": 7,
                  "true_errors": 4,
                  "error_rate": 0.5714285714285714
                },
                "top_to_bottom_ratio": 1.25
              },
              "gt_split_incident": {
                "n": 33,
                "positives": 18,
                "prevalence": 0.5454545454545454,
                "average_precision": 0.5336700336700336,
                "auroc": 0.45740740740740743,
                "top5": {
                  "k": 5,
                  "true_errors": 3,
                  "precision": 0.6,
                  "lift_vs_prevalence": 1.1
                },
                "top10": {
                  "k": 10,
                  "true_errors": 7,
                  "precision": 0.7,
                  "lift_vs_prevalence": 1.2833333333333334
                },
                "top20pct": {
                  "k": 7,
                  "true_errors": 4,
                  "precision": 0.5714285714285714,
                  "lift_vs_prevalence": 1.0476190476190477
                },
                "bottom20pct": {
                  "k": 7,
                  "true_errors": 2,
                  "error_rate": 0.2857142857142857
                },
                "top_to_bottom_ratio": 2.0
              }
            },
            "duplicate_incident": {
              "gt_identity_error": {
                "n": 33,
                "positives": 25,
                "prevalence": 0.7575757575757576,
                "average_precision": 0.8423470418470418,
                "auroc": 0.625,
                "top5": {
                  "k": 5,
                  "true_errors": 5,
                  "precision": 1.0,
                  "lift_vs_prevalence": 1.32
                },
                "top10": {
                  "k": 10,
                  "true_errors": 8,
                  "precision": 0.8,
                  "lift_vs_prevalence": 1.056
                },
                "top20pct": {
                  "k": 7,
                  "true_errors": 6,
                  "precision": 0.8571428571428571,
                  "lift_vs_prevalence": 1.1314285714285715
                },
                "bottom20pct": {
                  "k": 7,
                  "true_errors": 5,
                  "error_rate": 0.7142857142857143
                },
                "top_to_bottom_ratio": 1.2
              },
              "gt_overmerge": {
                "n": 33,
                "positives": 22,
                "prevalence": 0.6666666666666666,
                "average_precision": 0.6828241833923652,
                "auroc": 0.5392561983471074,
                "top5": {
                  "k": 5,
                  "true_errors": 4,
                  "precision": 0.8,
                  "lift_vs_prevalence": 1.2000000000000002
                },
                "top10": {
                  "k": 10,
                  "true_errors": 6,
                  "precision": 0.6,
                  "lift_vs_prevalence": 0.9
                },
                "top20pct": {
                  "k": 7,
                  "true_errors": 4,
                  "precision": 0.5714285714285714,
                  "lift_vs_prevalence": 0.8571428571428571
                },
                "bottom20pct": {
                  "k": 7,
                  "true_errors": 4,
                  "error_rate": 0.5714285714285714
                },
                "top_to_bottom_ratio": 1.0
              },
              "gt_cross_class_overmerge": {
                "n": 33,
                "positives": 22,
                "prevalence": 0.6666666666666666,
                "average_precision": 0.6828241833923652,
                "auroc": 0.5392561983471074,
                "top5": {
                  "k": 5,
                  "true_errors": 4,
                  "precision": 0.8,
                  "lift_vs_prevalence": 1.2000000000000002
                },
                "top10": {
                  "k": 10,
                  "true_errors": 6,
                  "precision": 0.6,
                  "lift_vs_prevalence": 0.9
                },
                "top20pct": {
                  "k": 7,
                  "true_errors": 4,
                  "precision": 0.5714285714285714,
                  "lift_vs_prevalence": 0.8571428571428571
                },
                "bottom20pct": {
                  "k": 7,
                  "true_errors": 4,
                  "error_rate": 0.5714285714285714
                },
                "top_to_bottom_ratio": 1.0
              },
              "gt_same_class_overmerge": {
                "n": 33,
                "positives": 0,
                "prevalence": 0.0,
                "average_precision": null,
                "auroc": null,
                "top5": {
                  "k": 5,
                  "true_errors": 0,
                  "precision": 0.0,
                  "lift_vs_prevalence": null
                },
                "top10": {
                  "k": 10,
                  "true_errors": 0,
                  "precision": 0.0,
                  "lift_vs_prevalence": null
                },
                "top20pct": {
                  "k": 7,
                  "true_errors": 0,
                  "precision": 0.0,
                  "lift_vs_prevalence": null
                },
                "bottom20pct": {
                  "k": 7,
                  "true_errors": 0,
                  "error_rate": 0.0
                },
                "top_to_bottom_ratio": null
              },
              "gt_wrong_association": {
                "n": 33,
                "positives": 20,
                "prevalence": 0.6060606060606061,
                "average_precision": 0.6545616883116883,
                "auroc": 0.5711538461538461,
                "top5": {
                  "k": 5,
                  "true_errors": 4,
                  "precision": 0.8,
                  "lift_vs_prevalence": 1.32
                },
                "top10": {
                  "k": 10,
                  "true_errors": 6,
                  "precision": 0.6,
                  "lift_vs_prevalence": 0.99
                },
                "top20pct": {
                  "k": 7,
                  "true_errors": 5,
                  "precision": 0.7142857142857143,
                  "lift_vs_prevalence": 1.1785714285714286
                },
                "bottom20pct": {
                  "k": 7,
                  "true_errors": 3,
                  "error_rate": 0.42857142857142855
                },
                "top_to_bottom_ratio": 1.6666666666666667
              },
              "gt_split_incident": {
                "n": 33,
                "positives": 18,
                "prevalence": 0.5454545454545454,
                "average_precision": 0.7391233766233767,
                "auroc": 0.6777777777777777,
                "top5": {
                  "k": 5,
                  "true_errors": 5,
                  "precision": 1.0,
                  "lift_vs_prevalence": 1.8333333333333335
                },
                "top10": {
                  "k": 10,
                  "true_errors": 7,
                  "precision": 0.7,
                  "lift_vs_prevalence": 1.2833333333333334
                },
                "top20pct": {
                  "k": 7,
                  "true_errors": 5,
                  "precision": 0.7142857142857143,
                  "lift_vs_prevalence": 1.3095238095238098
                },
                "bottom20pct": {
                  "k": 7,
                  "true_errors": 3,
                  "error_rate": 0.42857142857142855
                },
                "top_to_bottom_ratio": 1.6666666666666667
              }
            },
            "combined": {
              "gt_identity_error": {
                "n": 33,
                "positives": 25,
                "prevalence": 0.7575757575757576,
                "average_precision": 0.762975357975358,
                "auroc": 0.555,
                "top5": {
                  "k": 5,
                  "true_errors": 3,
                  "precision": 0.6,
                  "lift_vs_prevalence": 0.7919999999999999
                },
                "top10": {
                  "k": 10,
                  "true_errors": 8,
                  "precision": 0.8,
                  "lift_vs_prevalence": 1.056
                },
                "top20pct": {
                  "k": 7,
                  "true_errors": 5,
                  "precision": 0.7142857142857143,
                  "lift_vs_prevalence": 0.9428571428571428
                },
                "bottom20pct": {
                  "k": 7,
                  "true_errors": 5,
                  "error_rate": 0.7142857142857143
                },
                "top_to_bottom_ratio": 1.0
              },
              "gt_overmerge": {
                "n": 33,
                "positives": 22,
                "prevalence": 0.6666666666666666,
                "average_precision": 0.6495032745032745,
                "auroc": 0.49173553719008267,
                "top5": {
                  "k": 5,
                  "true_errors": 2,
                  "precision": 0.4,
                  "lift_vs_prevalence": 0.6000000000000001
                },
                "top10": {
                  "k": 10,
                  "true_errors": 6,
                  "precision": 0.6,
                  "lift_vs_prevalence": 0.9
                },
                "top20pct": {
                  "k": 7,
                  "true_errors": 3,
                  "precision": 0.42857142857142855,
                  "lift_vs_prevalence": 0.6428571428571429
                },
                "bottom20pct": {
                  "k": 7,
                  "true_errors": 4,
                  "error_rate": 0.5714285714285714
                },
                "top_to_bottom_ratio": 0.75
              },
              "gt_cross_class_overmerge": {
                "n": 33,
                "positives": 22,
                "prevalence": 0.6666666666666666,
                "average_precision": 0.6495032745032745,
                "auroc": 0.49173553719008267,
                "top5": {
                  "k": 5,
                  "true_errors": 2,
                  "precision": 0.4,
                  "lift_vs_prevalence": 0.6000000000000001
                },
                "top10": {
                  "k": 10,
                  "true_errors": 6,
                  "precision": 0.6,
                  "lift_vs_prevalence": 0.9
                },
                "top20pct": {
                  "k": 7,
                  "true_errors": 3,
                  "precision": 0.42857142857142855,
                  "lift_vs_prevalence": 0.6428571428571429
                },
                "bottom20pct": {
                  "k": 7,
                  "true_errors": 4,
                  "error_rate": 0.5714285714285714
                },
                "top_to_bottom_ratio": 0.75
              },
              "gt_same_class_overmerge": {
                "n": 33,
                "positives": 0,
                "prevalence": 0.0,
                "average_precision": null,
                "auroc": null,
                "top5": {
                  "k": 5,
                  "true_errors": 0,
                  "precision": 0.0,
                  "lift_vs_prevalence": null
                },
                "top10": {
                  "k": 10,
                  "true_errors": 0,
                  "precision": 0.0,
                  "lift_vs_prevalence": null
                },
                "top20pct": {
                  "k": 7,
                  "true_errors": 0,
                  "precision": 0.0,
                  "lift_vs_prevalence": null
                },
                "bottom20pct": {
                  "k": 7,
                  "true_errors": 0,
                  "error_rate": 0.0
                },
                "top_to_bottom_ratio": null
              },
              "gt_wrong_association": {
                "n": 33,
                "positives": 20,
                "prevalence": 0.6060606060606061,
                "average_precision": 0.6117239704739705,
                "auroc": 0.5423076923076924,
                "top5": {
                  "k": 5,
                  "true_errors": 2,
                  "precision": 0.4,
                  "lift_vs_prevalence": 0.66
                },
                "top10": {
                  "k": 10,
                  "true_errors": 6,
                  "precision": 0.6,
                  "lift_vs_prevalence": 0.99
                },
                "top20pct": {
                  "k": 7,
                  "true_errors": 4,
                  "precision": 0.5714285714285714,
                  "lift_vs_prevalence": 0.9428571428571427
                },
                "bottom20pct": {
                  "k": 7,
                  "true_errors": 3,
                  "error_rate": 0.42857142857142855
                },
                "top_to_bottom_ratio": 1.3333333333333333
              },
              "gt_split_incident": {
                "n": 33,
                "positives": 18,
                "prevalence": 0.5454545454545454,
                "average_precision": 0.5231195502028836,
                "auroc": 0.46851851851851845,
                "top5": {
                  "k": 5,
                  "true_errors": 2,
                  "precision": 0.4,
                  "lift_vs_prevalence": 0.7333333333333334
                },
                "top10": {
                  "k": 10,
                  "true_errors": 5,
                  "precision": 0.5,
                  "lift_vs_prevalence": 0.9166666666666667
                },
                "top20pct": {
                  "k": 7,
                  "true_errors": 2,
                  "precision": 0.2857142857142857,
                  "lift_vs_prevalence": 0.5238095238095238
                },
                "bottom20pct": {
                  "k": 7,
                  "true_errors": 4,
                  "error_rate": 0.5714285714285714
                },
                "top_to_bottom_ratio": 0.5
              }
            }
          },
          "pair_evaluation": {
            "r1": {
              "n": 60,
              "positives": 16,
              "prevalence": 0.26666666666666666,
              "average_precision": 0.46067370129870133,
              "auroc": 0.625,
              "top5": {
                "k": 5,
                "true_errors": 3,
                "precision": 0.6,
                "lift_vs_prevalence": 2.25
              },
              "top10": {
                "k": 10,
                "true_errors": 3,
                "precision": 0.3,
                "lift_vs_prevalence": 1.125
              },
              "top20pct": {
                "k": 12,
                "true_errors": 5,
                "precision": 0.4166666666666667,
                "lift_vs_prevalence": 1.5625
              },
              "bottom20pct": {
                "k": 12,
                "true_errors": 1,
                "error_rate": 0.08333333333333333
              },
              "top_to_bottom_ratio": 5.000000000000001
            },
            "r2": {
              "n": 60,
              "positives": 16,
              "prevalence": 0.26666666666666666,
              "average_precision": 0.46008167245048803,
              "auroc": 0.6157670454545454,
              "top5": {
                "k": 5,
                "true_errors": 3,
                "precision": 0.6,
                "lift_vs_prevalence": 2.25
              },
              "top10": {
                "k": 10,
                "true_errors": 5,
                "precision": 0.5,
                "lift_vs_prevalence": 1.875
              },
              "top20pct": {
                "k": 12,
                "true_errors": 5,
                "precision": 0.4166666666666667,
                "lift_vs_prevalence": 1.5625
              },
              "bottom20pct": {
                "k": 12,
                "true_errors": 2,
                "error_rate": 0.16666666666666666
              },
              "top_to_bottom_ratio": 2.5000000000000004
            }
          }
        }
      }
    },
    "0.1": {
      "all_history": {
        "scene": "office0",
        "voxel_size_m": 0.1,
        "evidence_scope": "all_history",
        "voxel_payload_fields": [
          "seen_count",
          "label_hist",
          "obs_ids"
        ],
        "voxel_count": 5427,
        "voxel_observation_links": 295798,
        "selected_observations": 3106,
        "object_count": 35,
        "neighbor_pair_count": 71,
        "evaluation": {
          "foreground_objects": 33,
          "object_evaluation": {
            "nonspatial_label_entropy": {
              "gt_identity_error": {
                "n": 33,
                "positives": 26,
                "prevalence": 0.7878787878787878,
                "average_precision": 0.847640845996109,
                "auroc": 0.532967032967033,
                "top5": {
                  "k": 5,
                  "true_errors": 4,
                  "precision": 0.8,
                  "lift_vs_prevalence": 1.0153846153846156
                },
                "top10": {
                  "k": 10,
                  "true_errors": 9,
                  "precision": 0.9,
                  "lift_vs_prevalence": 1.1423076923076925
                },
                "top20pct": {
                  "k": 7,
                  "true_errors": 6,
                  "precision": 0.8571428571428571,
                  "lift_vs_prevalence": 1.0879120879120878
                },
                "bottom20pct": {
                  "k": 7,
                  "true_errors": 6,
                  "error_rate": 0.8571428571428571
                },
                "top_to_bottom_ratio": 1.0
              },
              "gt_overmerge": {
                "n": 33,
                "positives": 20,
                "prevalence": 0.6060606060606061,
                "average_precision": 0.5616322529809372,
                "auroc": 0.4192307692307692,
                "top5": {
                  "k": 5,
                  "true_errors": 1,
                  "precision": 0.2,
                  "lift_vs_prevalence": 0.33
                },
                "top10": {
                  "k": 10,
                  "true_errors": 6,
                  "precision": 0.6,
                  "lift_vs_prevalence": 0.99
                },
                "top20pct": {
                  "k": 7,
                  "true_errors": 3,
                  "precision": 0.42857142857142855,
                  "lift_vs_prevalence": 0.7071428571428571
                },
                "bottom20pct": {
                  "k": 7,
                  "true_errors": 5,
                  "error_rate": 0.7142857142857143
                },
                "top_to_bottom_ratio": 0.6
              },
              "gt_cross_class_overmerge": {
                "n": 33,
                "positives": 20,
                "prevalence": 0.6060606060606061,
                "average_precision": 0.5616322529809372,
                "auroc": 0.4192307692307692,
                "top5": {
                  "k": 5,
                  "true_errors": 1,
                  "precision": 0.2,
                  "lift_vs_prevalence": 0.33
                },
                "top10": {
                  "k": 10,
                  "true_errors": 6,
                  "precision": 0.6,
                  "lift_vs_prevalence": 0.99
                },
                "top20pct": {
                  "k": 7,
                  "true_errors": 3,
                  "precision": 0.42857142857142855,
                  "lift_vs_prevalence": 0.7071428571428571
                },
                "bottom20pct": {
                  "k": 7,
                  "true_errors": 5,
                  "error_rate": 0.7142857142857143
                },
                "top_to_bottom_ratio": 0.6
              },
              "gt_same_class_overmerge": {
                "n": 33,
                "positives": 0,
                "prevalence": 0.0,
                "average_precision": null,
                "auroc": null,
                "top5": {
                  "k": 5,
                  "true_errors": 0,
                  "precision": 0.0,
                  "lift_vs_prevalence": null
                },
                "top10": {
                  "k": 10,
                  "true_errors": 0,
                  "precision": 0.0,
                  "lift_vs_prevalence": null
                },
                "top20pct": {
                  "k": 7,
                  "true_errors": 0,
                  "precision": 0.0,
                  "lift_vs_prevalence": null
                },
                "bottom20pct": {
                  "k": 7,
                  "true_errors": 0,
                  "error_rate": 0.0
                },
                "top_to_bottom_ratio": null
              },
              "gt_wrong_association": {
                "n": 33,
                "positives": 21,
                "prevalence": 0.6363636363636364,
                "average_precision": 0.7348730773542804,
                "auroc": 0.5972222222222221,
                "top5": {
                  "k": 5,
                  "true_errors": 3,
                  "precision": 0.6,
                  "lift_vs_prevalence": 0.9428571428571428
                },
                "top10": {
                  "k": 10,
                  "true_errors": 8,
                  "precision": 0.8,
                  "lift_vs_prevalence": 1.2571428571428573
                },
                "top20pct": {
                  "k": 7,
                  "true_errors": 5,
                  "precision": 0.7142857142857143,
                  "lift_vs_prevalence": 1.1224489795918369
                },
                "bottom20pct": {
                  "k": 7,
                  "true_errors": 3,
                  "error_rate": 0.42857142857142855
                },
                "top_to_bottom_ratio": 1.6666666666666667
              },
              "gt_split_incident": {
                "n": 33,
                "positives": 19,
                "prevalence": 0.5757575757575758,
                "average_precision": 0.5768472716879919,
                "auroc": 0.4830827067669173,
                "top5": {
                  "k": 5,
                  "true_errors": 2,
                  "precision": 0.4,
                  "lift_vs_prevalence": 0.6947368421052631
                },
                "top10": {
                  "k": 10,
                  "true_errors": 6,
                  "precision": 0.6,
                  "lift_vs_prevalence": 1.0421052631578946
                },
                "top20pct": {
                  "k": 7,
                  "true_errors": 4,
                  "precision": 0.5714285714285714,
                  "lift_vs_prevalence": 0.9924812030075186
                },
                "bottom20pct": {
                  "k": 7,
                  "true_errors": 3,
                  "error_rate": 0.42857142857142855
                },
                "top_to_bottom_ratio": 1.3333333333333333
              }
            },
            "voxel_semantic_conflict": {
              "gt_identity_error": {
                "n": 33,
                "positives": 26,
                "prevalence": 0.7878787878787878,
                "average_precision": 0.9104397451629453,
                "auroc": 0.6978021978021978,
                "top5": {
                  "k": 5,
                  "true_errors": 5,
                  "precision": 1.0,
                  "lift_vs_prevalence": 1.2692307692307694
                },
                "top10": {
                  "k": 10,
                  "true_errors": 10,
                  "precision": 1.0,
                  "lift_vs_prevalence": 1.2692307692307694
                },
                "top20pct": {
                  "k": 7,
                  "true_errors": 7,
                  "precision": 1.0,
                  "lift_vs_prevalence": 1.2692307692307694
                },
                "bottom20pct": {
                  "k": 7,
                  "true_errors": 5,
                  "error_rate": 0.7142857142857143
                },
                "top_to_bottom_ratio": 1.4
              },
              "gt_overmerge": {
                "n": 33,
                "positives": 20,
                "prevalence": 0.6060606060606061,
                "average_precision": 0.6630703585337452,
                "auroc": 0.55,
                "top5": {
                  "k": 5,
                  "true_errors": 3,
                  "precision": 0.6,
                  "lift_vs_prevalence": 0.99
                },
                "top10": {
                  "k": 10,
                  "true_errors": 8,
                  "precision": 0.8,
                  "lift_vs_prevalence": 1.32
                },
                "top20pct": {
                  "k": 7,
                  "true_errors": 5,
                  "precision": 0.7142857142857143,
                  "lift_vs_prevalence": 1.1785714285714286
                },
                "bottom20pct": {
                  "k": 7,
                  "true_errors": 4,
                  "error_rate": 0.5714285714285714
                },
                "top_to_bottom_ratio": 1.25
              },
              "gt_cross_class_overmerge": {
                "n": 33,
                "positives": 20,
                "prevalence": 0.6060606060606061,
                "average_precision": 0.6630703585337452,
                "auroc": 0.55,
                "top5": {
                  "k": 5,
                  "true_errors": 3,
                  "precision": 0.6,
                  "lift_vs_prevalence": 0.99
                },
                "top10": {
                  "k": 10,
                  "true_errors": 8,
                  "precision": 0.8,
                  "lift_vs_prevalence": 1.32
                },
                "top20pct": {
                  "k": 7,
                  "true_errors": 5,
                  "precision": 0.7142857142857143,
                  "lift_vs_prevalence": 1.1785714285714286
                },
                "bottom20pct": {
                  "k": 7,
                  "true_errors": 4,
                  "error_rate": 0.5714285714285714
                },
                "top_to_bottom_ratio": 1.25
              },
              "gt_same_class_overmerge": {
                "n": 33,
                "positives": 0,
                "prevalence": 0.0,
                "average_precision": null,
                "auroc": null,
                "top5": {
                  "k": 5,
                  "true_errors": 0,
                  "precision": 0.0,
                  "lift_vs_prevalence": null
                },
                "top10": {
                  "k": 10,
                  "true_errors": 0,
                  "precision": 0.0,
                  "lift_vs_prevalence": null
                },
                "top20pct": {
                  "k": 7,
                  "true_errors": 0,
                  "precision": 0.0,
                  "lift_vs_prevalence": null
                },
                "bottom20pct": {
                  "k": 7,
                  "true_errors": 0,
                  "error_rate": 0.0
                },
                "top_to_bottom_ratio": null
              },
              "gt_wrong_association": {
                "n": 33,
                "positives": 21,
                "prevalence": 0.6363636363636364,
                "average_precision": 0.5985896242074731,
                "auroc": 0.46825396825396826,
                "top5": {
                  "k": 5,
                  "true_errors": 2,
                  "precision": 0.4,
                  "lift_vs_prevalence": 0.6285714285714287
                },
                "top10": {
                  "k": 10,
                  "true_errors": 6,
                  "precision": 0.6,
                  "lift_vs_prevalence": 0.9428571428571428
                },
                "top20pct": {
                  "k": 7,
                  "true_errors": 3,
                  "precision": 0.42857142857142855,
                  "lift_vs_prevalence": 0.673469387755102
                },
                "bottom20pct": {
                  "k": 7,
                  "true_errors": 4,
                  "error_rate": 0.5714285714285714
                },
                "top_to_bottom_ratio": 0.75
              },
              "gt_split_incident": {
                "n": 33,
                "positives": 19,
                "prevalence": 0.5757575757575758,
                "average_precision": 0.5581883424964239,
                "auroc": 0.41729323308270677,
                "top5": {
                  "k": 5,
                  "true_errors": 3,
                  "precision": 0.6,
                  "lift_vs_prevalence": 1.0421052631578946
                },
                "top10": {
                  "k": 10,
                  "true_errors": 6,
                  "precision": 0.6,
                  "lift_vs_prevalence": 1.0421052631578946
                },
                "top20pct": {
                  "k": 7,
                  "true_errors": 3,
                  "precision": 0.42857142857142855,
                  "lift_vs_prevalence": 0.744360902255639
                },
                "bottom20pct": {
                  "k": 7,
                  "true_errors": 5,
                  "error_rate": 0.7142857142857143
                },
                "top_to_bottom_ratio": 0.6
              }
            },
            "fragmentation": {
              "gt_identity_error": {
                "n": 33,
                "positives": 26,
                "prevalence": 0.7878787878787878,
                "average_precision": 0.7878787878787878,
                "auroc": 0.5,
                "top5": {
                  "k": 5,
                  "true_errors": 4,
                  "precision": 0.8,
                  "lift_vs_prevalence": 1.0153846153846156
                },
                "top10": {
                  "k": 10,
                  "true_errors": 9,
                  "precision": 0.9,
                  "lift_vs_prevalence": 1.1423076923076925
                },
                "top20pct": {
                  "k": 7,
                  "true_errors": 6,
                  "precision": 0.8571428571428571,
                  "lift_vs_prevalence": 1.0879120879120878
                },
                "bottom20pct": {
                  "k": 7,
                  "true_errors": 7,
                  "error_rate": 1.0
                },
                "top_to_bottom_ratio": 0.8571428571428571
              },
              "gt_overmerge": {
                "n": 33,
                "positives": 20,
                "prevalence": 0.6060606060606061,
                "average_precision": 0.6060606060606061,
                "auroc": 0.5,
                "top5": {
                  "k": 5,
                  "true_errors": 4,
                  "precision": 0.8,
                  "lift_vs_prevalence": 1.32
                },
                "top10": {
                  "k": 10,
                  "true_errors": 7,
                  "precision": 0.7,
                  "lift_vs_prevalence": 1.1549999999999998
                },
                "top20pct": {
                  "k": 7,
                  "true_errors": 4,
                  "precision": 0.5714285714285714,
                  "lift_vs_prevalence": 0.9428571428571427
                },
                "bottom20pct": {
                  "k": 7,
                  "true_errors": 5,
                  "error_rate": 0.7142857142857143
                },
                "top_to_bottom_ratio": 0.7999999999999999
              },
              "gt_cross_class_overmerge": {
                "n": 33,
                "positives": 20,
                "prevalence": 0.6060606060606061,
                "average_precision": 0.6060606060606061,
                "auroc": 0.5,
                "top5": {
                  "k": 5,
                  "true_errors": 4,
                  "precision": 0.8,
                  "lift_vs_prevalence": 1.32
                },
                "top10": {
                  "k": 10,
                  "true_errors": 7,
                  "precision": 0.7,
                  "lift_vs_prevalence": 1.1549999999999998
                },
                "top20pct": {
                  "k": 7,
                  "true_errors": 4,
                  "precision": 0.5714285714285714,
                  "lift_vs_prevalence": 0.9428571428571427
                },
                "bottom20pct": {
                  "k": 7,
                  "true_errors": 5,
                  "error_rate": 0.7142857142857143
                },
                "top_to_bottom_ratio": 0.7999999999999999
              },
              "gt_same_class_overmerge": {
                "n": 33,
                "positives": 0,
                "prevalence": 0.0,
                "average_precision": null,
                "auroc": null,
                "top5": {
                  "k": 5,
                  "true_errors": 0,
                  "precision": 0.0,
                  "lift_vs_prevalence": null
                },
                "top10": {
                  "k": 10,
                  "true_errors": 0,
                  "precision": 0.0,
                  "lift_vs_prevalence": null
                },
                "top20pct": {
                  "k": 7,
                  "true_errors": 0,
                  "precision": 0.0,
                  "lift_vs_prevalence": null
                },
                "bottom20pct": {
                  "k": 7,
                  "true_errors": 0,
                  "error_rate": 0.0
                },
                "top_to_bottom_ratio": null
              },
              "gt_wrong_association": {
                "n": 33,
                "positives": 21,
                "prevalence": 0.6363636363636364,
                "average_precision": 0.6363636363636364,
                "auroc": 0.5,
                "top5": {
                  "k": 5,
                  "true_errors": 4,
                  "precision": 0.8,
                  "lift_vs_prevalence": 1.2571428571428573
                },
                "top10": {
                  "k": 10,
                  "true_errors": 9,
                  "precision": 0.9,
                  "lift_vs_prevalence": 1.4142857142857144
                },
                "top20pct": {
                  "k": 7,
                  "true_errors": 6,
                  "precision": 0.8571428571428571,
                  "lift_vs_prevalence": 1.346938775510204
                },
                "bottom20pct": {
                  "k": 7,
                  "true_errors": 4,
                  "error_rate": 0.5714285714285714
                },
                "top_to_bottom_ratio": 1.5
              },
              "gt_split_incident": {
                "n": 33,
                "positives": 19,
                "prevalence": 0.5757575757575758,
                "average_precision": 0.5757575757575758,
                "auroc": 0.5,
                "top5": {
                  "k": 5,
                  "true_errors": 4,
                  "precision": 0.8,
                  "lift_vs_prevalence": 1.3894736842105262
                },
                "top10": {
                  "k": 10,
                  "true_errors": 6,
                  "precision": 0.6,
                  "lift_vs_prevalence": 1.0421052631578946
                },
                "top20pct": {
                  "k": 7,
                  "true_errors": 4,
                  "precision": 0.5714285714285714,
                  "lift_vs_prevalence": 0.9924812030075186
                },
                "bottom20pct": {
                  "k": 7,
                  "true_errors": 3,
                  "error_rate": 0.42857142857142855
                },
                "top_to_bottom_ratio": 1.3333333333333333
              }
            },
            "duplicate_incident": {
              "gt_identity_error": {
                "n": 33,
                "positives": 26,
                "prevalence": 0.7878787878787878,
                "average_precision": 0.9217358564590565,
                "auroc": 0.7115384615384615,
                "top5": {
                  "k": 5,
                  "true_errors": 5,
                  "precision": 1.0,
                  "lift_vs_prevalence": 1.2692307692307694
                },
                "top10": {
                  "k": 10,
                  "true_errors": 10,
                  "precision": 1.0,
                  "lift_vs_prevalence": 1.2692307692307694
                },
                "top20pct": {
                  "k": 7,
                  "true_errors": 7,
                  "precision": 1.0,
                  "lift_vs_prevalence": 1.2692307692307694
                },
                "bottom20pct": {
                  "k": 7,
                  "true_errors": 5,
                  "error_rate": 0.7142857142857143
                },
                "top_to_bottom_ratio": 1.4
              },
              "gt_overmerge": {
                "n": 33,
                "positives": 20,
                "prevalence": 0.6060606060606061,
                "average_precision": 0.6564235503880813,
                "auroc": 0.6,
                "top5": {
                  "k": 5,
                  "true_errors": 2,
                  "precision": 0.4,
                  "lift_vs_prevalence": 0.66
                },
                "top10": {
                  "k": 10,
                  "true_errors": 7,
                  "precision": 0.7,
                  "lift_vs_prevalence": 1.1549999999999998
                },
                "top20pct": {
                  "k": 7,
                  "true_errors": 4,
                  "precision": 0.5714285714285714,
                  "lift_vs_prevalence": 0.9428571428571427
                },
                "bottom20pct": {
                  "k": 7,
                  "true_errors": 3,
                  "error_rate": 0.42857142857142855
                },
                "top_to_bottom_ratio": 1.3333333333333333
              },
              "gt_cross_class_overmerge": {
                "n": 33,
                "positives": 20,
                "prevalence": 0.6060606060606061,
                "average_precision": 0.6564235503880813,
                "auroc": 0.6,
                "top5": {
                  "k": 5,
                  "true_errors": 2,
                  "precision": 0.4,
                  "lift_vs_prevalence": 0.66
                },
                "top10": {
                  "k": 10,
                  "true_errors": 7,
                  "precision": 0.7,
                  "lift_vs_prevalence": 1.1549999999999998
                },
                "top20pct": {
                  "k": 7,
                  "true_errors": 4,
                  "precision": 0.5714285714285714,
                  "lift_vs_prevalence": 0.9428571428571427
                },
                "bottom20pct": {
                  "k": 7,
                  "true_errors": 3,
                  "error_rate": 0.42857142857142855
                },
                "top_to_bottom_ratio": 1.3333333333333333
              },
              "gt_same_class_overmerge": {
                "n": 33,
                "positives": 0,
                "prevalence": 0.0,
                "average_precision": null,
                "auroc": null,
                "top5": {
                  "k": 5,
                  "true_errors": 0,
                  "precision": 0.0,
                  "lift_vs_prevalence": null
                },
                "top10": {
                  "k": 10,
                  "true_errors": 0,
                  "precision": 0.0,
                  "lift_vs_prevalence": null
                },
                "top20pct": {
                  "k": 7,
                  "true_errors": 0,
                  "precision": 0.0,
                  "lift_vs_prevalence": null
                },
                "bottom20pct": {
                  "k": 7,
                  "true_errors": 0,
                  "error_rate": 0.0
                },
                "top_to_bottom_ratio": null
              },
              "gt_wrong_association": {
                "n": 33,
                "positives": 21,
                "prevalence": 0.6363636363636364,
                "average_precision": 0.7051693672157876,
                "auroc": 0.5853174603174603,
                "top5": {
                  "k": 5,
                  "true_errors": 4,
                  "precision": 0.8,
                  "lift_vs_prevalence": 1.2571428571428573
                },
                "top10": {
                  "k": 10,
                  "true_errors": 8,
                  "precision": 0.8,
                  "lift_vs_prevalence": 1.2571428571428573
                },
                "top20pct": {
                  "k": 7,
                  "true_errors": 5,
                  "precision": 0.7142857142857143,
                  "lift_vs_prevalence": 1.1224489795918369
                },
                "bottom20pct": {
                  "k": 7,
                  "true_errors": 4,
                  "error_rate": 0.5714285714285714
                },
                "top_to_bottom_ratio": 1.25
              },
              "gt_split_incident": {
                "n": 33,
                "positives": 19,
                "prevalence": 0.5757575757575758,
                "average_precision": 0.684360099734061,
                "auroc": 0.6071428571428572,
                "top5": {
                  "k": 5,
                  "true_errors": 3,
                  "precision": 0.6,
                  "lift_vs_prevalence": 1.0421052631578946
                },
                "top10": {
                  "k": 10,
                  "true_errors": 7,
                  "precision": 0.7,
                  "lift_vs_prevalence": 1.2157894736842103
                },
                "top20pct": {
                  "k": 7,
                  "true_errors": 4,
                  "precision": 0.5714285714285714,
                  "lift_vs_prevalence": 0.9924812030075186
                },
                "bottom20pct": {
                  "k": 7,
                  "true_errors": 3,
                  "error_rate": 0.42857142857142855
                },
                "top_to_bottom_ratio": 1.3333333333333333
              }
            },
            "combined": {
              "gt_identity_error": {
                "n": 33,
                "positives": 26,
                "prevalence": 0.7878787878787878,
                "average_precision": 0.9372495796257407,
                "auroc": 0.7884615384615384,
                "top5": {
                  "k": 5,
                  "true_errors": 5,
                  "precision": 1.0,
                  "lift_vs_prevalence": 1.2692307692307694
                },
                "top10": {
                  "k": 10,
                  "true_errors": 10,
                  "precision": 1.0,
                  "lift_vs_prevalence": 1.2692307692307694
                },
                "top20pct": {
                  "k": 7,
                  "true_errors": 7,
                  "precision": 1.0,
                  "lift_vs_prevalence": 1.2692307692307694
                },
                "bottom20pct": {
                  "k": 7,
                  "true_errors": 4,
                  "error_rate": 0.5714285714285714
                },
                "top_to_bottom_ratio": 1.75
              },
              "gt_overmerge": {
                "n": 33,
                "positives": 20,
                "prevalence": 0.6060606060606061,
                "average_precision": 0.6912753586282998,
                "auroc": 0.6134615384615385,
                "top5": {
                  "k": 5,
                  "true_errors": 3,
                  "precision": 0.6,
                  "lift_vs_prevalence": 0.99
                },
                "top10": {
                  "k": 10,
                  "true_errors": 7,
                  "precision": 0.7,
                  "lift_vs_prevalence": 1.1549999999999998
                },
                "top20pct": {
                  "k": 7,
                  "true_errors": 5,
                  "precision": 0.7142857142857143,
                  "lift_vs_prevalence": 1.1785714285714286
                },
                "bottom20pct": {
                  "k": 7,
                  "true_errors": 3,
                  "error_rate": 0.42857142857142855
                },
                "top_to_bottom_ratio": 1.6666666666666667
              },
              "gt_cross_class_overmerge": {
                "n": 33,
                "positives": 20,
                "prevalence": 0.6060606060606061,
                "average_precision": 0.6912753586282998,
                "auroc": 0.6134615384615385,
                "top5": {
                  "k": 5,
                  "true_errors": 3,
                  "precision": 0.6,
                  "lift_vs_prevalence": 0.99
                },
                "top10": {
                  "k": 10,
                  "true_errors": 7,
                  "precision": 0.7,
                  "lift_vs_prevalence": 1.1549999999999998
                },
                "top20pct": {
                  "k": 7,
                  "true_errors": 5,
                  "precision": 0.7142857142857143,
                  "lift_vs_prevalence": 1.1785714285714286
                },
                "bottom20pct": {
                  "k": 7,
                  "true_errors": 3,
                  "error_rate": 0.42857142857142855
                },
                "top_to_bottom_ratio": 1.6666666666666667
              },
              "gt_same_class_overmerge": {
                "n": 33,
                "positives": 0,
                "prevalence": 0.0,
                "average_precision": null,
                "auroc": null,
                "top5": {
                  "k": 5,
                  "true_errors": 0,
                  "precision": 0.0,
                  "lift_vs_prevalence": null
                },
                "top10": {
                  "k": 10,
                  "true_errors": 0,
                  "precision": 0.0,
                  "lift_vs_prevalence": null
                },
                "top20pct": {
                  "k": 7,
                  "true_errors": 0,
                  "precision": 0.0,
                  "lift_vs_prevalence": null
                },
                "bottom20pct": {
                  "k": 7,
                  "true_errors": 0,
                  "error_rate": 0.0
                },
                "top_to_bottom_ratio": null
              },
              "gt_wrong_association": {
                "n": 33,
                "positives": 21,
                "prevalence": 0.6363636363636364,
                "average_precision": 0.6307001028031545,
                "auroc": 0.5515873015873016,
                "top5": {
                  "k": 5,
                  "true_errors": 3,
                  "precision": 0.6,
                  "lift_vs_prevalence": 0.9428571428571428
                },
                "top10": {
                  "k": 10,
                  "true_errors": 6,
                  "precision": 0.6,
                  "lift_vs_prevalence": 0.9428571428571428
                },
                "top20pct": {
                  "k": 7,
                  "true_errors": 3,
                  "precision": 0.42857142857142855,
                  "lift_vs_prevalence": 0.673469387755102
                },
                "bottom20pct": {
                  "k": 7,
                  "true_errors": 3,
                  "error_rate": 0.42857142857142855
                },
                "top_to_bottom_ratio": 1.0
              },
              "gt_split_incident": {
                "n": 33,
                "positives": 19,
                "prevalence": 0.5757575757575758,
                "average_precision": 0.5963467045510389,
                "auroc": 0.49060150375939854,
                "top5": {
                  "k": 5,
                  "true_errors": 3,
                  "precision": 0.6,
                  "lift_vs_prevalence": 1.0421052631578946
                },
                "top10": {
                  "k": 10,
                  "true_errors": 5,
                  "precision": 0.5,
                  "lift_vs_prevalence": 0.8684210526315789
                },
                "top20pct": {
                  "k": 7,
                  "true_errors": 4,
                  "precision": 0.5714285714285714,
                  "lift_vs_prevalence": 0.9924812030075186
                },
                "bottom20pct": {
                  "k": 7,
                  "true_errors": 4,
                  "error_rate": 0.5714285714285714
                },
                "top_to_bottom_ratio": 1.0
              }
            }
          },
          "pair_evaluation": {
            "r1": {
              "n": 71,
              "positives": 14,
              "prevalence": 0.19718309859154928,
              "average_precision": 0.3582139237705495,
              "auroc": 0.6221804511278195,
              "top5": {
                "k": 5,
                "true_errors": 3,
                "precision": 0.6,
                "lift_vs_prevalence": 3.042857142857143
              },
              "top10": {
                "k": 10,
                "true_errors": 4,
                "precision": 0.4,
                "lift_vs_prevalence": 2.028571428571429
              },
              "top20pct": {
                "k": 15,
                "true_errors": 5,
                "precision": 0.3333333333333333,
                "lift_vs_prevalence": 1.6904761904761905
              },
              "bottom20pct": {
                "k": 15,
                "true_errors": 1,
                "error_rate": 0.06666666666666667
              },
              "top_to_bottom_ratio": 5.0
            },
            "r2": {
              "n": 71,
              "positives": 14,
              "prevalence": 0.19718309859154928,
              "average_precision": 0.2588576156223509,
              "auroc": 0.5363408521303258,
              "top5": {
                "k": 5,
                "true_errors": 1,
                "precision": 0.2,
                "lift_vs_prevalence": 1.0142857142857145
              },
              "top10": {
                "k": 10,
                "true_errors": 2,
                "precision": 0.2,
                "lift_vs_prevalence": 1.0142857142857145
              },
              "top20pct": {
                "k": 15,
                "true_errors": 5,
                "precision": 0.3333333333333333,
                "lift_vs_prevalence": 1.6904761904761905
              },
              "bottom20pct": {
                "k": 15,
                "true_errors": 3,
                "error_rate": 0.2
              },
              "top_to_bottom_ratio": 1.6666666666666665
            }
          }
        }
      },
      "final_members_only": {
        "scene": "office0",
        "voxel_size_m": 0.1,
        "evidence_scope": "final_members_only",
        "voxel_payload_fields": [
          "seen_count",
          "label_hist",
          "obs_ids"
        ],
        "voxel_count": 5427,
        "voxel_observation_links": 295798,
        "selected_observations": 3106,
        "object_count": 35,
        "neighbor_pair_count": 71,
        "evaluation": {
          "foreground_objects": 33,
          "object_evaluation": {
            "nonspatial_label_entropy": {
              "gt_identity_error": {
                "n": 33,
                "positives": 26,
                "prevalence": 0.7878787878787878,
                "average_precision": 0.847640845996109,
                "auroc": 0.532967032967033,
                "top5": {
                  "k": 5,
                  "true_errors": 4,
                  "precision": 0.8,
                  "lift_vs_prevalence": 1.0153846153846156
                },
                "top10": {
                  "k": 10,
                  "true_errors": 9,
                  "precision": 0.9,
                  "lift_vs_prevalence": 1.1423076923076925
                },
                "top20pct": {
                  "k": 7,
                  "true_errors": 6,
                  "precision": 0.8571428571428571,
                  "lift_vs_prevalence": 1.0879120879120878
                },
                "bottom20pct": {
                  "k": 7,
                  "true_errors": 6,
                  "error_rate": 0.8571428571428571
                },
                "top_to_bottom_ratio": 1.0
              },
              "gt_overmerge": {
                "n": 33,
                "positives": 20,
                "prevalence": 0.6060606060606061,
                "average_precision": 0.5616322529809372,
                "auroc": 0.4192307692307692,
                "top5": {
                  "k": 5,
                  "true_errors": 1,
                  "precision": 0.2,
                  "lift_vs_prevalence": 0.33
                },
                "top10": {
                  "k": 10,
                  "true_errors": 6,
                  "precision": 0.6,
                  "lift_vs_prevalence": 0.99
                },
                "top20pct": {
                  "k": 7,
                  "true_errors": 3,
                  "precision": 0.42857142857142855,
                  "lift_vs_prevalence": 0.7071428571428571
                },
                "bottom20pct": {
                  "k": 7,
                  "true_errors": 5,
                  "error_rate": 0.7142857142857143
                },
                "top_to_bottom_ratio": 0.6
              },
              "gt_cross_class_overmerge": {
                "n": 33,
                "positives": 20,
                "prevalence": 0.6060606060606061,
                "average_precision": 0.5616322529809372,
                "auroc": 0.4192307692307692,
                "top5": {
                  "k": 5,
                  "true_errors": 1,
                  "precision": 0.2,
                  "lift_vs_prevalence": 0.33
                },
                "top10": {
                  "k": 10,
                  "true_errors": 6,
                  "precision": 0.6,
                  "lift_vs_prevalence": 0.99
                },
                "top20pct": {
                  "k": 7,
                  "true_errors": 3,
                  "precision": 0.42857142857142855,
                  "lift_vs_prevalence": 0.7071428571428571
                },
                "bottom20pct": {
                  "k": 7,
                  "true_errors": 5,
                  "error_rate": 0.7142857142857143
                },
                "top_to_bottom_ratio": 0.6
              },
              "gt_same_class_overmerge": {
                "n": 33,
                "positives": 0,
                "prevalence": 0.0,
                "average_precision": null,
                "auroc": null,
                "top5": {
                  "k": 5,
                  "true_errors": 0,
                  "precision": 0.0,
                  "lift_vs_prevalence": null
                },
                "top10": {
                  "k": 10,
                  "true_errors": 0,
                  "precision": 0.0,
                  "lift_vs_prevalence": null
                },
                "top20pct": {
                  "k": 7,
                  "true_errors": 0,
                  "precision": 0.0,
                  "lift_vs_prevalence": null
                },
                "bottom20pct": {
                  "k": 7,
                  "true_errors": 0,
                  "error_rate": 0.0
                },
                "top_to_bottom_ratio": null
              },
              "gt_wrong_association": {
                "n": 33,
                "positives": 21,
                "prevalence": 0.6363636363636364,
                "average_precision": 0.7348730773542804,
                "auroc": 0.5972222222222221,
                "top5": {
                  "k": 5,
                  "true_errors": 3,
                  "precision": 0.6,
                  "lift_vs_prevalence": 0.9428571428571428
                },
                "top10": {
                  "k": 10,
                  "true_errors": 8,
                  "precision": 0.8,
                  "lift_vs_prevalence": 1.2571428571428573
                },
                "top20pct": {
                  "k": 7,
                  "true_errors": 5,
                  "precision": 0.7142857142857143,
                  "lift_vs_prevalence": 1.1224489795918369
                },
                "bottom20pct": {
                  "k": 7,
                  "true_errors": 3,
                  "error_rate": 0.42857142857142855
                },
                "top_to_bottom_ratio": 1.6666666666666667
              },
              "gt_split_incident": {
                "n": 33,
                "positives": 19,
                "prevalence": 0.5757575757575758,
                "average_precision": 0.5768472716879919,
                "auroc": 0.4830827067669173,
                "top5": {
                  "k": 5,
                  "true_errors": 2,
                  "precision": 0.4,
                  "lift_vs_prevalence": 0.6947368421052631
                },
                "top10": {
                  "k": 10,
                  "true_errors": 6,
                  "precision": 0.6,
                  "lift_vs_prevalence": 1.0421052631578946
                },
                "top20pct": {
                  "k": 7,
                  "true_errors": 4,
                  "precision": 0.5714285714285714,
                  "lift_vs_prevalence": 0.9924812030075186
                },
                "bottom20pct": {
                  "k": 7,
                  "true_errors": 3,
                  "error_rate": 0.42857142857142855
                },
                "top_to_bottom_ratio": 1.3333333333333333
              }
            },
            "voxel_semantic_conflict": {
              "gt_identity_error": {
                "n": 33,
                "positives": 26,
                "prevalence": 0.7878787878787878,
                "average_precision": 0.9104397451629453,
                "auroc": 0.6978021978021978,
                "top5": {
                  "k": 5,
                  "true_errors": 5,
                  "precision": 1.0,
                  "lift_vs_prevalence": 1.2692307692307694
                },
                "top10": {
                  "k": 10,
                  "true_errors": 10,
                  "precision": 1.0,
                  "lift_vs_prevalence": 1.2692307692307694
                },
                "top20pct": {
                  "k": 7,
                  "true_errors": 7,
                  "precision": 1.0,
                  "lift_vs_prevalence": 1.2692307692307694
                },
                "bottom20pct": {
                  "k": 7,
                  "true_errors": 5,
                  "error_rate": 0.7142857142857143
                },
                "top_to_bottom_ratio": 1.4
              },
              "gt_overmerge": {
                "n": 33,
                "positives": 20,
                "prevalence": 0.6060606060606061,
                "average_precision": 0.6630703585337452,
                "auroc": 0.55,
                "top5": {
                  "k": 5,
                  "true_errors": 3,
                  "precision": 0.6,
                  "lift_vs_prevalence": 0.99
                },
                "top10": {
                  "k": 10,
                  "true_errors": 8,
                  "precision": 0.8,
                  "lift_vs_prevalence": 1.32
                },
                "top20pct": {
                  "k": 7,
                  "true_errors": 5,
                  "precision": 0.7142857142857143,
                  "lift_vs_prevalence": 1.1785714285714286
                },
                "bottom20pct": {
                  "k": 7,
                  "true_errors": 4,
                  "error_rate": 0.5714285714285714
                },
                "top_to_bottom_ratio": 1.25
              },
              "gt_cross_class_overmerge": {
                "n": 33,
                "positives": 20,
                "prevalence": 0.6060606060606061,
                "average_precision": 0.6630703585337452,
                "auroc": 0.55,
                "top5": {
                  "k": 5,
                  "true_errors": 3,
                  "precision": 0.6,
                  "lift_vs_prevalence": 0.99
                },
                "top10": {
                  "k": 10,
                  "true_errors": 8,
                  "precision": 0.8,
                  "lift_vs_prevalence": 1.32
                },
                "top20pct": {
                  "k": 7,
                  "true_errors": 5,
                  "precision": 0.7142857142857143,
                  "lift_vs_prevalence": 1.1785714285714286
                },
                "bottom20pct": {
                  "k": 7,
                  "true_errors": 4,
                  "error_rate": 0.5714285714285714
                },
                "top_to_bottom_ratio": 1.25
              },
              "gt_same_class_overmerge": {
                "n": 33,
                "positives": 0,
                "prevalence": 0.0,
                "average_precision": null,
                "auroc": null,
                "top5": {
                  "k": 5,
                  "true_errors": 0,
                  "precision": 0.0,
                  "lift_vs_prevalence": null
                },
                "top10": {
                  "k": 10,
                  "true_errors": 0,
                  "precision": 0.0,
                  "lift_vs_prevalence": null
                },
                "top20pct": {
                  "k": 7,
                  "true_errors": 0,
                  "precision": 0.0,
                  "lift_vs_prevalence": null
                },
                "bottom20pct": {
                  "k": 7,
                  "true_errors": 0,
                  "error_rate": 0.0
                },
                "top_to_bottom_ratio": null
              },
              "gt_wrong_association": {
                "n": 33,
                "positives": 21,
                "prevalence": 0.6363636363636364,
                "average_precision": 0.5985896242074731,
                "auroc": 0.46825396825396826,
                "top5": {
                  "k": 5,
                  "true_errors": 2,
                  "precision": 0.4,
                  "lift_vs_prevalence": 0.6285714285714287
                },
                "top10": {
                  "k": 10,
                  "true_errors": 6,
                  "precision": 0.6,
                  "lift_vs_prevalence": 0.9428571428571428
                },
                "top20pct": {
                  "k": 7,
                  "true_errors": 3,
                  "precision": 0.42857142857142855,
                  "lift_vs_prevalence": 0.673469387755102
                },
                "bottom20pct": {
                  "k": 7,
                  "true_errors": 4,
                  "error_rate": 0.5714285714285714
                },
                "top_to_bottom_ratio": 0.75
              },
              "gt_split_incident": {
                "n": 33,
                "positives": 19,
                "prevalence": 0.5757575757575758,
                "average_precision": 0.5581883424964239,
                "auroc": 0.41729323308270677,
                "top5": {
                  "k": 5,
                  "true_errors": 3,
                  "precision": 0.6,
                  "lift_vs_prevalence": 1.0421052631578946
                },
                "top10": {
                  "k": 10,
                  "true_errors": 6,
                  "precision": 0.6,
                  "lift_vs_prevalence": 1.0421052631578946
                },
                "top20pct": {
                  "k": 7,
                  "true_errors": 3,
                  "precision": 0.42857142857142855,
                  "lift_vs_prevalence": 0.744360902255639
                },
                "bottom20pct": {
                  "k": 7,
                  "true_errors": 5,
                  "error_rate": 0.7142857142857143
                },
                "top_to_bottom_ratio": 0.6
              }
            },
            "fragmentation": {
              "gt_identity_error": {
                "n": 33,
                "positives": 26,
                "prevalence": 0.7878787878787878,
                "average_precision": 0.7878787878787878,
                "auroc": 0.5,
                "top5": {
                  "k": 5,
                  "true_errors": 4,
                  "precision": 0.8,
                  "lift_vs_prevalence": 1.0153846153846156
                },
                "top10": {
                  "k": 10,
                  "true_errors": 9,
                  "precision": 0.9,
                  "lift_vs_prevalence": 1.1423076923076925
                },
                "top20pct": {
                  "k": 7,
                  "true_errors": 6,
                  "precision": 0.8571428571428571,
                  "lift_vs_prevalence": 1.0879120879120878
                },
                "bottom20pct": {
                  "k": 7,
                  "true_errors": 7,
                  "error_rate": 1.0
                },
                "top_to_bottom_ratio": 0.8571428571428571
              },
              "gt_overmerge": {
                "n": 33,
                "positives": 20,
                "prevalence": 0.6060606060606061,
                "average_precision": 0.6060606060606061,
                "auroc": 0.5,
                "top5": {
                  "k": 5,
                  "true_errors": 4,
                  "precision": 0.8,
                  "lift_vs_prevalence": 1.32
                },
                "top10": {
                  "k": 10,
                  "true_errors": 7,
                  "precision": 0.7,
                  "lift_vs_prevalence": 1.1549999999999998
                },
                "top20pct": {
                  "k": 7,
                  "true_errors": 4,
                  "precision": 0.5714285714285714,
                  "lift_vs_prevalence": 0.9428571428571427
                },
                "bottom20pct": {
                  "k": 7,
                  "true_errors": 5,
                  "error_rate": 0.7142857142857143
                },
                "top_to_bottom_ratio": 0.7999999999999999
              },
              "gt_cross_class_overmerge": {
                "n": 33,
                "positives": 20,
                "prevalence": 0.6060606060606061,
                "average_precision": 0.6060606060606061,
                "auroc": 0.5,
                "top5": {
                  "k": 5,
                  "true_errors": 4,
                  "precision": 0.8,
                  "lift_vs_prevalence": 1.32
                },
                "top10": {
                  "k": 10,
                  "true_errors": 7,
                  "precision": 0.7,
                  "lift_vs_prevalence": 1.1549999999999998
                },
                "top20pct": {
                  "k": 7,
                  "true_errors": 4,
                  "precision": 0.5714285714285714,
                  "lift_vs_prevalence": 0.9428571428571427
                },
                "bottom20pct": {
                  "k": 7,
                  "true_errors": 5,
                  "error_rate": 0.7142857142857143
                },
                "top_to_bottom_ratio": 0.7999999999999999
              },
              "gt_same_class_overmerge": {
                "n": 33,
                "positives": 0,
                "prevalence": 0.0,
                "average_precision": null,
                "auroc": null,
                "top5": {
                  "k": 5,
                  "true_errors": 0,
                  "precision": 0.0,
                  "lift_vs_prevalence": null
                },
                "top10": {
                  "k": 10,
                  "true_errors": 0,
                  "precision": 0.0,
                  "lift_vs_prevalence": null
                },
                "top20pct": {
                  "k": 7,
                  "true_errors": 0,
                  "precision": 0.0,
                  "lift_vs_prevalence": null
                },
                "bottom20pct": {
                  "k": 7,
                  "true_errors": 0,
                  "error_rate": 0.0
                },
                "top_to_bottom_ratio": null
              },
              "gt_wrong_association": {
                "n": 33,
                "positives": 21,
                "prevalence": 0.6363636363636364,
                "average_precision": 0.6363636363636364,
                "auroc": 0.5,
                "top5": {
                  "k": 5,
                  "true_errors": 4,
                  "precision": 0.8,
                  "lift_vs_prevalence": 1.2571428571428573
                },
                "top10": {
                  "k": 10,
                  "true_errors": 9,
                  "precision": 0.9,
                  "lift_vs_prevalence": 1.4142857142857144
                },
                "top20pct": {
                  "k": 7,
                  "true_errors": 6,
                  "precision": 0.8571428571428571,
                  "lift_vs_prevalence": 1.346938775510204
                },
                "bottom20pct": {
                  "k": 7,
                  "true_errors": 4,
                  "error_rate": 0.5714285714285714
                },
                "top_to_bottom_ratio": 1.5
              },
              "gt_split_incident": {
                "n": 33,
                "positives": 19,
                "prevalence": 0.5757575757575758,
                "average_precision": 0.5757575757575758,
                "auroc": 0.5,
                "top5": {
                  "k": 5,
                  "true_errors": 4,
                  "precision": 0.8,
                  "lift_vs_prevalence": 1.3894736842105262
                },
                "top10": {
                  "k": 10,
                  "true_errors": 6,
                  "precision": 0.6,
                  "lift_vs_prevalence": 1.0421052631578946
                },
                "top20pct": {
                  "k": 7,
                  "true_errors": 4,
                  "precision": 0.5714285714285714,
                  "lift_vs_prevalence": 0.9924812030075186
                },
                "bottom20pct": {
                  "k": 7,
                  "true_errors": 3,
                  "error_rate": 0.42857142857142855
                },
                "top_to_bottom_ratio": 1.3333333333333333
              }
            },
            "duplicate_incident": {
              "gt_identity_error": {
                "n": 33,
                "positives": 26,
                "prevalence": 0.7878787878787878,
                "average_precision": 0.9217358564590565,
                "auroc": 0.7115384615384615,
                "top5": {
                  "k": 5,
                  "true_errors": 5,
                  "precision": 1.0,
                  "lift_vs_prevalence": 1.2692307692307694
                },
                "top10": {
                  "k": 10,
                  "true_errors": 10,
                  "precision": 1.0,
                  "lift_vs_prevalence": 1.2692307692307694
                },
                "top20pct": {
                  "k": 7,
                  "true_errors": 7,
                  "precision": 1.0,
                  "lift_vs_prevalence": 1.2692307692307694
                },
                "bottom20pct": {
                  "k": 7,
                  "true_errors": 5,
                  "error_rate": 0.7142857142857143
                },
                "top_to_bottom_ratio": 1.4
              },
              "gt_overmerge": {
                "n": 33,
                "positives": 20,
                "prevalence": 0.6060606060606061,
                "average_precision": 0.6564235503880813,
                "auroc": 0.6,
                "top5": {
                  "k": 5,
                  "true_errors": 2,
                  "precision": 0.4,
                  "lift_vs_prevalence": 0.66
                },
                "top10": {
                  "k": 10,
                  "true_errors": 7,
                  "precision": 0.7,
                  "lift_vs_prevalence": 1.1549999999999998
                },
                "top20pct": {
                  "k": 7,
                  "true_errors": 4,
                  "precision": 0.5714285714285714,
                  "lift_vs_prevalence": 0.9428571428571427
                },
                "bottom20pct": {
                  "k": 7,
                  "true_errors": 3,
                  "error_rate": 0.42857142857142855
                },
                "top_to_bottom_ratio": 1.3333333333333333
              },
              "gt_cross_class_overmerge": {
                "n": 33,
                "positives": 20,
                "prevalence": 0.6060606060606061,
                "average_precision": 0.6564235503880813,
                "auroc": 0.6,
                "top5": {
                  "k": 5,
                  "true_errors": 2,
                  "precision": 0.4,
                  "lift_vs_prevalence": 0.66
                },
                "top10": {
                  "k": 10,
                  "true_errors": 7,
                  "precision": 0.7,
                  "lift_vs_prevalence": 1.1549999999999998
                },
                "top20pct": {
                  "k": 7,
                  "true_errors": 4,
                  "precision": 0.5714285714285714,
                  "lift_vs_prevalence": 0.9428571428571427
                },
                "bottom20pct": {
                  "k": 7,
                  "true_errors": 3,
                  "error_rate": 0.42857142857142855
                },
                "top_to_bottom_ratio": 1.3333333333333333
              },
              "gt_same_class_overmerge": {
                "n": 33,
                "positives": 0,
                "prevalence": 0.0,
                "average_precision": null,
                "auroc": null,
                "top5": {
                  "k": 5,
                  "true_errors": 0,
                  "precision": 0.0,
                  "lift_vs_prevalence": null
                },
                "top10": {
                  "k": 10,
                  "true_errors": 0,
                  "precision": 0.0,
                  "lift_vs_prevalence": null
                },
                "top20pct": {
                  "k": 7,
                  "true_errors": 0,
                  "precision": 0.0,
                  "lift_vs_prevalence": null
                },
                "bottom20pct": {
                  "k": 7,
                  "true_errors": 0,
                  "error_rate": 0.0
                },
                "top_to_bottom_ratio": null
              },
              "gt_wrong_association": {
                "n": 33,
                "positives": 21,
                "prevalence": 0.6363636363636364,
                "average_precision": 0.7051693672157876,
                "auroc": 0.5853174603174603,
                "top5": {
                  "k": 5,
                  "true_errors": 4,
                  "precision": 0.8,
                  "lift_vs_prevalence": 1.2571428571428573
                },
                "top10": {
                  "k": 10,
                  "true_errors": 8,
                  "precision": 0.8,
                  "lift_vs_prevalence": 1.2571428571428573
                },
                "top20pct": {
                  "k": 7,
                  "true_errors": 5,
                  "precision": 0.7142857142857143,
                  "lift_vs_prevalence": 1.1224489795918369
                },
                "bottom20pct": {
                  "k": 7,
                  "true_errors": 4,
                  "error_rate": 0.5714285714285714
                },
                "top_to_bottom_ratio": 1.25
              },
              "gt_split_incident": {
                "n": 33,
                "positives": 19,
                "prevalence": 0.5757575757575758,
                "average_precision": 0.684360099734061,
                "auroc": 0.6071428571428572,
                "top5": {
                  "k": 5,
                  "true_errors": 3,
                  "precision": 0.6,
                  "lift_vs_prevalence": 1.0421052631578946
                },
                "top10": {
                  "k": 10,
                  "true_errors": 7,
                  "precision": 0.7,
                  "lift_vs_prevalence": 1.2157894736842103
                },
                "top20pct": {
                  "k": 7,
                  "true_errors": 4,
                  "precision": 0.5714285714285714,
                  "lift_vs_prevalence": 0.9924812030075186
                },
                "bottom20pct": {
                  "k": 7,
                  "true_errors": 3,
                  "error_rate": 0.42857142857142855
                },
                "top_to_bottom_ratio": 1.3333333333333333
              }
            },
            "combined": {
              "gt_identity_error": {
                "n": 33,
                "positives": 26,
                "prevalence": 0.7878787878787878,
                "average_precision": 0.9372495796257407,
                "auroc": 0.7884615384615384,
                "top5": {
                  "k": 5,
                  "true_errors": 5,
                  "precision": 1.0,
                  "lift_vs_prevalence": 1.2692307692307694
                },
                "top10": {
                  "k": 10,
                  "true_errors": 10,
                  "precision": 1.0,
                  "lift_vs_prevalence": 1.2692307692307694
                },
                "top20pct": {
                  "k": 7,
                  "true_errors": 7,
                  "precision": 1.0,
                  "lift_vs_prevalence": 1.2692307692307694
                },
                "bottom20pct": {
                  "k": 7,
                  "true_errors": 4,
                  "error_rate": 0.5714285714285714
                },
                "top_to_bottom_ratio": 1.75
              },
              "gt_overmerge": {
                "n": 33,
                "positives": 20,
                "prevalence": 0.6060606060606061,
                "average_precision": 0.6912753586282998,
                "auroc": 0.6134615384615385,
                "top5": {
                  "k": 5,
                  "true_errors": 3,
                  "precision": 0.6,
                  "lift_vs_prevalence": 0.99
                },
                "top10": {
                  "k": 10,
                  "true_errors": 7,
                  "precision": 0.7,
                  "lift_vs_prevalence": 1.1549999999999998
                },
                "top20pct": {
                  "k": 7,
                  "true_errors": 5,
                  "precision": 0.7142857142857143,
                  "lift_vs_prevalence": 1.1785714285714286
                },
                "bottom20pct": {
                  "k": 7,
                  "true_errors": 3,
                  "error_rate": 0.42857142857142855
                },
                "top_to_bottom_ratio": 1.6666666666666667
              },
              "gt_cross_class_overmerge": {
                "n": 33,
                "positives": 20,
                "prevalence": 0.6060606060606061,
                "average_precision": 0.6912753586282998,
                "auroc": 0.6134615384615385,
                "top5": {
                  "k": 5,
                  "true_errors": 3,
                  "precision": 0.6,
                  "lift_vs_prevalence": 0.99
                },
                "top10": {
                  "k": 10,
                  "true_errors": 7,
                  "precision": 0.7,
                  "lift_vs_prevalence": 1.1549999999999998
                },
                "top20pct": {
                  "k": 7,
                  "true_errors": 5,
                  "precision": 0.7142857142857143,
                  "lift_vs_prevalence": 1.1785714285714286
                },
                "bottom20pct": {
                  "k": 7,
                  "true_errors": 3,
                  "error_rate": 0.42857142857142855
                },
                "top_to_bottom_ratio": 1.6666666666666667
              },
              "gt_same_class_overmerge": {
                "n": 33,
                "positives": 0,
                "prevalence": 0.0,
                "average_precision": null,
                "auroc": null,
                "top5": {
                  "k": 5,
                  "true_errors": 0,
                  "precision": 0.0,
                  "lift_vs_prevalence": null
                },
                "top10": {
                  "k": 10,
                  "true_errors": 0,
                  "precision": 0.0,
                  "lift_vs_prevalence": null
                },
                "top20pct": {
                  "k": 7,
                  "true_errors": 0,
                  "precision": 0.0,
                  "lift_vs_prevalence": null
                },
                "bottom20pct": {
                  "k": 7,
                  "true_errors": 0,
                  "error_rate": 0.0
                },
                "top_to_bottom_ratio": null
              },
              "gt_wrong_association": {
                "n": 33,
                "positives": 21,
                "prevalence": 0.6363636363636364,
                "average_precision": 0.6307001028031545,
                "auroc": 0.5515873015873016,
                "top5": {
                  "k": 5,
                  "true_errors": 3,
                  "precision": 0.6,
                  "lift_vs_prevalence": 0.9428571428571428
                },
                "top10": {
                  "k": 10,
                  "true_errors": 6,
                  "precision": 0.6,
                  "lift_vs_prevalence": 0.9428571428571428
                },
                "top20pct": {
                  "k": 7,
                  "true_errors": 3,
                  "precision": 0.42857142857142855,
                  "lift_vs_prevalence": 0.673469387755102
                },
                "bottom20pct": {
                  "k": 7,
                  "true_errors": 3,
                  "error_rate": 0.42857142857142855
                },
                "top_to_bottom_ratio": 1.0
              },
              "gt_split_incident": {
                "n": 33,
                "positives": 19,
                "prevalence": 0.5757575757575758,
                "average_precision": 0.5963467045510389,
                "auroc": 0.49060150375939854,
                "top5": {
                  "k": 5,
                  "true_errors": 3,
                  "precision": 0.6,
                  "lift_vs_prevalence": 1.0421052631578946
                },
                "top10": {
                  "k": 10,
                  "true_errors": 5,
                  "precision": 0.5,
                  "lift_vs_prevalence": 0.8684210526315789
                },
                "top20pct": {
                  "k": 7,
                  "true_errors": 4,
                  "precision": 0.5714285714285714,
                  "lift_vs_prevalence": 0.9924812030075186
                },
                "bottom20pct": {
                  "k": 7,
                  "true_errors": 4,
                  "error_rate": 0.5714285714285714
                },
                "top_to_bottom_ratio": 1.0
              }
            }
          },
          "pair_evaluation": {
            "r1": {
              "n": 71,
              "positives": 14,
              "prevalence": 0.19718309859154928,
              "average_precision": 0.3582139237705495,
              "auroc": 0.6221804511278195,
              "top5": {
                "k": 5,
                "true_errors": 3,
                "precision": 0.6,
                "lift_vs_prevalence": 3.042857142857143
              },
              "top10": {
                "k": 10,
                "true_errors": 4,
                "precision": 0.4,
                "lift_vs_prevalence": 2.028571428571429
              },
              "top20pct": {
                "k": 15,
                "true_errors": 5,
                "precision": 0.3333333333333333,
                "lift_vs_prevalence": 1.6904761904761905
              },
              "bottom20pct": {
                "k": 15,
                "true_errors": 1,
                "error_rate": 0.06666666666666667
              },
              "top_to_bottom_ratio": 5.0
            },
            "r2": {
              "n": 71,
              "positives": 14,
              "prevalence": 0.19718309859154928,
              "average_precision": 0.2588576156223509,
              "auroc": 0.5363408521303258,
              "top5": {
                "k": 5,
                "true_errors": 1,
                "precision": 0.2,
                "lift_vs_prevalence": 1.0142857142857145
              },
              "top10": {
                "k": 10,
                "true_errors": 2,
                "precision": 0.2,
                "lift_vs_prevalence": 1.0142857142857145
              },
              "top20pct": {
                "k": 15,
                "true_errors": 5,
                "precision": 0.3333333333333333,
                "lift_vs_prevalence": 1.6904761904761905
              },
              "bottom20pct": {
                "k": 15,
                "true_errors": 3,
                "error_rate": 0.2
              },
              "top_to_bottom_ratio": 1.6666666666666665
            }
          }
        }
      }
    }
  },
  "elapsed_seconds": 182.78167852573097
}
