nohup: ignoring input
Done! Execution time of get_dataset function: 0.10 seconds
room0: frames 25/400, accepted=477, final=477, elapsed=57.6s
room0: frames 50/400, accepted=861, final=861, elapsed=73.1s
room0: frames 75/400, accepted=1285, final=1285, elapsed=90.0s
room0: frames 100/400, accepted=1715, final=1715, elapsed=104.3s
room0: frames 125/400, accepted=2119, final=2119, elapsed=119.7s
room0: frames 150/400, accepted=2585, final=2585, elapsed=140.9s
room0: frames 175/400, accepted=3142, final=3142, elapsed=166.4s
room0: frames 200/400, accepted=3668, final=3668, elapsed=185.8s
room0: frames 225/400, accepted=4202, final=4202, elapsed=205.5s
room0: frames 250/400, accepted=4706, final=4706, elapsed=222.4s
room0: frames 275/400, accepted=5065, final=5065, elapsed=235.8s
room0: frames 300/400, accepted=5554, final=5554, elapsed=252.2s
room0: frames 325/400, accepted=6069, final=6069, elapsed=270.6s
room0: frames 350/400, accepted=6737, final=6737, elapsed=294.0s
room0: frames 375/400, accepted=7155, final=7155, elapsed=307.4s
room0: frames 400/400, accepted=7507, final=7507, elapsed=320.5s
{
  "schema_version": "voxel-trigger-v0/1.0",
  "run_date": "20260831",
  "scene": "room0",
  "source_scene": "room_0",
  "frame_count": 400,
  "voxel_scales_m": [
    0.025,
    0.05,
    0.1
  ],
  "primary_voxel_scale_m": 0.05,
  "voxel_payload_fields": [
    "seen_count",
    "label_hist",
    "obs_ids"
  ],
  "gt_usage": "evaluation_only_not_used_in_voxel_content_or_scores",
  "pre_registered_decision_gates": {
    "go": "At 5 cm, combined object anomaly AP exceeds error prevalence by at least 0.10 and top-20% error rate is at least 2x bottom-20% in both scenes; direction agrees at two or more voxel scales.",
    "modify": "Separation appears in only one scene, one scale, or one error family; retain the useful component but do not claim a unified trigger.",
    "stop": "No stable top-vs-bottom separation, or voxel scoring does not improve over the non-spatial object label-histogram baseline."
  },
  "analysis_script": "/home/chenkejun/beauty/conceptgraphs/code/experiments/voxel_trigger_v0_20260831/voxel_trigger_v0.py",
  "analysis_script_sha256": "99a11575581ce84afe76da6277807f6b0bb19c1cf9b03373b4539d8a780598eb",
  "baseline_map": "/home/chenkejun/beauty/conceptgraphs/results/experiments/oracle_three_error_20260828/pilot/b0_dataset/Replica/room0/exps/b0_room0_fresh/pcd_b0_room0_fresh.pkl.gz",
  "baseline_map_sha256": "ab33d37eb3e868e529876b73d32ee37274c3502ef436027be1c911156e3ba5c1",
  "gt_map": "/home/chenkejun/beauty/conceptgraphs/results/experiments/oracle_three_error_20260828/pilot/room0/o3/pcd_o3.pkl.gz",
  "gt_map_sha256": "f60a35694814ebef169ce863024cbdc521e636f565b3c88758435d7133f74100",
  "detection_root": "/home/chenkejun/beauty/conceptgraphs/results/experiments/oracle_three_error_20260828/pilot/b0_dataset/Replica/room0/exps/ali_dev_room0_stride5_det_frozen/detections",
  "gt_sidecars": "/home/chenkejun/beauty/conceptgraphs/results/experiments/oracle_three_error_20260828/pilot/gt_full/room0",
  "code_root": "/home/chenkejun/beauty/conceptgraphs/code/experiments/oracle_three_error_20260828",
  "device": "cuda",
  "counters": {
    "raw_detections": 12514,
    "filtered_2d_observations": 7524,
    "accepted_3d_observations": 7507,
    "accepted_final_members": 7507,
    "rejected_3d": 17
  },
  "parity": {
    "final_members_seen": 7507,
    "mask_exact": 7507,
    "label_exact": 7507,
    "unique_final_member_keys": 7507,
    "expected_final_member_keys": 7507,
    "missing_final_member_keys": 0
  },
  "final_membership_duplicates": {
    "duplicates": [
      {
        "frame": "frame000000",
        "mask_idx": 18,
        "previous_owner": 12,
        "owner": 12,
        "same_owner": true,
        "same_mask": true,
        "same_label": true
      },
      {
        "frame": "frame000005",
        "mask_idx": 10,
        "previous_owner": 12,
        "owner": 12,
        "same_owner": true,
        "same_mask": true,
        "same_label": true
      },
      {
        "frame": "frame000005",
        "mask_idx": 14,
        "previous_owner": 12,
        "owner": 12,
        "same_owner": true,
        "same_mask": true,
        "same_label": true
      },
      {
        "frame": "frame000010",
        "mask_idx": 14,
        "previous_owner": 12,
        "owner": 12,
        "same_owner": true,
        "same_mask": true,
        "same_label": true
      },
      {
        "frame": "frame000010",
        "mask_idx": 18,
        "previous_owner": 12,
        "owner": 12,
        "same_owner": true,
        "same_mask": true,
        "same_label": true
      },
      {
        "frame": "frame000015",
        "mask_idx": 8,
        "previous_owner": 12,
        "owner": 12,
        "same_owner": true,
        "same_mask": true,
        "same_label": true
      },
      {
        "frame": "frame000020",
        "mask_idx": 10,
        "previous_owner": 12,
        "owner": 12,
        "same_owner": true,
        "same_mask": true,
        "same_label": true
      },
      {
        "frame": "frame000020",
        "mask_idx": 16,
        "previous_owner": 12,
        "owner": 12,
        "same_owner": true,
        "same_mask": true,
        "same_label": true
      }
    ],
    "duplicate_count": 8
  },
  "analyses": {
    "0.025": {
      "all_history": {
        "scene": "room0",
        "voxel_size_m": 0.025,
        "evidence_scope": "all_history",
        "voxel_payload_fields": [
          "seen_count",
          "label_hist",
          "obs_ids"
        ],
        "voxel_count": 150048,
        "voxel_observation_links": 7374153,
        "selected_observations": 7507,
        "object_count": 72,
        "neighbor_pair_count": 97,
        "evaluation": {
          "foreground_objects": 69,
          "object_evaluation": {
            "nonspatial_label_entropy": {
              "gt_identity_error": {
                "n": 69,
                "positives": 60,
                "prevalence": 0.8695652173913043,
                "average_precision": 0.8466612836878856,
                "auroc": 0.4305555555555556,
                "top5": {
                  "k": 5,
                  "true_errors": 4,
                  "precision": 0.8,
                  "lift_vs_prevalence": 0.92
                },
                "top10": {
                  "k": 10,
                  "true_errors": 8,
                  "precision": 0.8,
                  "lift_vs_prevalence": 0.92
                },
                "top20pct": {
                  "k": 14,
                  "true_errors": 12,
                  "precision": 0.8571428571428571,
                  "lift_vs_prevalence": 0.9857142857142857
                },
                "bottom20pct": {
                  "k": 14,
                  "true_errors": 12,
                  "error_rate": 0.8571428571428571
                },
                "top_to_bottom_ratio": 1.0
              },
              "gt_overmerge": {
                "n": 69,
                "positives": 46,
                "prevalence": 0.6666666666666666,
                "average_precision": 0.625206121935343,
                "auroc": 0.3941398865784499,
                "top5": {
                  "k": 5,
                  "true_errors": 3,
                  "precision": 0.6,
                  "lift_vs_prevalence": 0.9
                },
                "top10": {
                  "k": 10,
                  "true_errors": 6,
                  "precision": 0.6,
                  "lift_vs_prevalence": 0.9
                },
                "top20pct": {
                  "k": 14,
                  "true_errors": 7,
                  "precision": 0.5,
                  "lift_vs_prevalence": 0.75
                },
                "bottom20pct": {
                  "k": 14,
                  "true_errors": 10,
                  "error_rate": 0.7142857142857143
                },
                "top_to_bottom_ratio": 0.7
              },
              "gt_cross_class_overmerge": {
                "n": 69,
                "positives": 46,
                "prevalence": 0.6666666666666666,
                "average_precision": 0.625206121935343,
                "auroc": 0.3941398865784499,
                "top5": {
                  "k": 5,
                  "true_errors": 3,
                  "precision": 0.6,
                  "lift_vs_prevalence": 0.9
                },
                "top10": {
                  "k": 10,
                  "true_errors": 6,
                  "precision": 0.6,
                  "lift_vs_prevalence": 0.9
                },
                "top20pct": {
                  "k": 14,
                  "true_errors": 7,
                  "precision": 0.5,
                  "lift_vs_prevalence": 0.75
                },
                "bottom20pct": {
                  "k": 14,
                  "true_errors": 10,
                  "error_rate": 0.7142857142857143
                },
                "top_to_bottom_ratio": 0.7
              },
              "gt_same_class_overmerge": {
                "n": 69,
                "positives": 0,
                "prevalence": 0.0,
                "average_precision": null,
                "auroc": null,
                "top5": {
                  "k": 5,
                  "true_errors": 0,
                  "precision": 0.0,
                  "lift_vs_prevalence": null
                },
                "top10": {
                  "k": 10,
                  "true_errors": 0,
                  "precision": 0.0,
                  "lift_vs_prevalence": null
                },
                "top20pct": {
                  "k": 14,
                  "true_errors": 0,
                  "precision": 0.0,
                  "lift_vs_prevalence": null
                },
                "bottom20pct": {
                  "k": 14,
                  "true_errors": 0,
                  "error_rate": 0.0
                },
                "top_to_bottom_ratio": null
              },
              "gt_wrong_association": {
                "n": 69,
                "positives": 36,
                "prevalence": 0.5217391304347826,
                "average_precision": 0.5846753763560743,
                "auroc": 0.6170033670033669,
                "top5": {
                  "k": 5,
                  "true_errors": 3,
                  "precision": 0.6,
                  "lift_vs_prevalence": 1.15
                },
                "top10": {
                  "k": 10,
                  "true_errors": 6,
                  "precision": 0.6,
                  "lift_vs_prevalence": 1.15
                },
                "top20pct": {
                  "k": 14,
                  "true_errors": 8,
                  "precision": 0.5714285714285714,
                  "lift_vs_prevalence": 1.0952380952380951
                },
                "bottom20pct": {
                  "k": 14,
                  "true_errors": 7,
                  "error_rate": 0.5
                },
                "top_to_bottom_ratio": 1.1428571428571428
              },
              "gt_split_incident": {
                "n": 69,
                "positives": 39,
                "prevalence": 0.5652173913043478,
                "average_precision": 0.5610628714548048,
                "auroc": 0.49230769230769234,
                "top5": {
                  "k": 5,
                  "true_errors": 3,
                  "precision": 0.6,
                  "lift_vs_prevalence": 1.0615384615384615
                },
                "top10": {
                  "k": 10,
                  "true_errors": 5,
                  "precision": 0.5,
                  "lift_vs_prevalence": 0.8846153846153847
                },
                "top20pct": {
                  "k": 14,
                  "true_errors": 8,
                  "precision": 0.5714285714285714,
                  "lift_vs_prevalence": 1.010989010989011
                },
                "bottom20pct": {
                  "k": 14,
                  "true_errors": 8,
                  "error_rate": 0.5714285714285714
                },
                "top_to_bottom_ratio": 1.0
              }
            },
            "voxel_semantic_conflict": {
              "gt_identity_error": {
                "n": 69,
                "positives": 60,
                "prevalence": 0.8695652173913043,
                "average_precision": 0.8500243731080427,
                "auroc": 0.4472222222222223,
                "top5": {
                  "k": 5,
                  "true_errors": 4,
                  "precision": 0.8,
                  "lift_vs_prevalence": 0.92
                },
                "top10": {
                  "k": 10,
                  "true_errors": 9,
                  "precision": 0.9,
                  "lift_vs_prevalence": 1.0350000000000001
                },
                "top20pct": {
                  "k": 14,
                  "true_errors": 12,
                  "precision": 0.8571428571428571,
                  "lift_vs_prevalence": 0.9857142857142857
                },
                "bottom20pct": {
                  "k": 14,
                  "true_errors": 12,
                  "error_rate": 0.8571428571428571
                },
                "top_to_bottom_ratio": 1.0
              },
              "gt_overmerge": {
                "n": 69,
                "positives": 46,
                "prevalence": 0.6666666666666666,
                "average_precision": 0.6310195173783918,
                "auroc": 0.4106805293005671,
                "top5": {
                  "k": 5,
                  "true_errors": 4,
                  "precision": 0.8,
                  "lift_vs_prevalence": 1.2000000000000002
                },
                "top10": {
                  "k": 10,
                  "true_errors": 6,
                  "precision": 0.6,
                  "lift_vs_prevalence": 0.9
                },
                "top20pct": {
                  "k": 14,
                  "true_errors": 8,
                  "precision": 0.5714285714285714,
                  "lift_vs_prevalence": 0.8571428571428571
                },
                "bottom20pct": {
                  "k": 14,
                  "true_errors": 9,
                  "error_rate": 0.6428571428571429
                },
                "top_to_bottom_ratio": 0.8888888888888887
              },
              "gt_cross_class_overmerge": {
                "n": 69,
                "positives": 46,
                "prevalence": 0.6666666666666666,
                "average_precision": 0.6310195173783918,
                "auroc": 0.4106805293005671,
                "top5": {
                  "k": 5,
                  "true_errors": 4,
                  "precision": 0.8,
                  "lift_vs_prevalence": 1.2000000000000002
                },
                "top10": {
                  "k": 10,
                  "true_errors": 6,
                  "precision": 0.6,
                  "lift_vs_prevalence": 0.9
                },
                "top20pct": {
                  "k": 14,
                  "true_errors": 8,
                  "precision": 0.5714285714285714,
                  "lift_vs_prevalence": 0.8571428571428571
                },
                "bottom20pct": {
                  "k": 14,
                  "true_errors": 9,
                  "error_rate": 0.6428571428571429
                },
                "top_to_bottom_ratio": 0.8888888888888887
              },
              "gt_same_class_overmerge": {
                "n": 69,
                "positives": 0,
                "prevalence": 0.0,
                "average_precision": null,
                "auroc": null,
                "top5": {
                  "k": 5,
                  "true_errors": 0,
                  "precision": 0.0,
                  "lift_vs_prevalence": null
                },
                "top10": {
                  "k": 10,
                  "true_errors": 0,
                  "precision": 0.0,
                  "lift_vs_prevalence": null
                },
                "top20pct": {
                  "k": 14,
                  "true_errors": 0,
                  "precision": 0.0,
                  "lift_vs_prevalence": null
                },
                "bottom20pct": {
                  "k": 14,
                  "true_errors": 0,
                  "error_rate": 0.0
                },
                "top_to_bottom_ratio": null
              },
              "gt_wrong_association": {
                "n": 69,
                "positives": 36,
                "prevalence": 0.5217391304347826,
                "average_precision": 0.48808678731927724,
                "auroc": 0.4255050505050505,
                "top5": {
                  "k": 5,
                  "true_errors": 2,
                  "precision": 0.4,
                  "lift_vs_prevalence": 0.7666666666666667
                },
                "top10": {
                  "k": 10,
                  "true_errors": 5,
                  "precision": 0.5,
                  "lift_vs_prevalence": 0.9583333333333334
                },
                "top20pct": {
                  "k": 14,
                  "true_errors": 7,
                  "precision": 0.5,
                  "lift_vs_prevalence": 0.9583333333333334
                },
                "bottom20pct": {
                  "k": 14,
                  "true_errors": 8,
                  "error_rate": 0.5714285714285714
                },
                "top_to_bottom_ratio": 0.875
              },
              "gt_split_incident": {
                "n": 69,
                "positives": 39,
                "prevalence": 0.5652173913043478,
                "average_precision": 0.5506633335076219,
                "auroc": 0.5247863247863247,
                "top5": {
                  "k": 5,
                  "true_errors": 2,
                  "precision": 0.4,
                  "lift_vs_prevalence": 0.7076923076923077
                },
                "top10": {
                  "k": 10,
                  "true_errors": 5,
                  "precision": 0.5,
                  "lift_vs_prevalence": 0.8846153846153847
                },
                "top20pct": {
                  "k": 14,
                  "true_errors": 6,
                  "precision": 0.42857142857142855,
                  "lift_vs_prevalence": 0.7582417582417582
                },
                "bottom20pct": {
                  "k": 14,
                  "true_errors": 5,
                  "error_rate": 0.35714285714285715
                },
                "top_to_bottom_ratio": 1.2
              }
            },
            "fragmentation": {
              "gt_identity_error": {
                "n": 69,
                "positives": 60,
                "prevalence": 0.8695652173913043,
                "average_precision": 0.8811352945549726,
                "auroc": 0.5175925925925926,
                "top5": {
                  "k": 5,
                  "true_errors": 5,
                  "precision": 1.0,
                  "lift_vs_prevalence": 1.1500000000000001
                },
                "top10": {
                  "k": 10,
                  "true_errors": 8,
                  "precision": 0.8,
                  "lift_vs_prevalence": 0.92
                },
                "top20pct": {
                  "k": 14,
                  "true_errors": 12,
                  "precision": 0.8571428571428571,
                  "lift_vs_prevalence": 0.9857142857142857
                },
                "bottom20pct": {
                  "k": 14,
                  "true_errors": 10,
                  "error_rate": 0.7142857142857143
                },
                "top_to_bottom_ratio": 1.2
              },
              "gt_overmerge": {
                "n": 69,
                "positives": 46,
                "prevalence": 0.6666666666666666,
                "average_precision": 0.6894526212867235,
                "auroc": 0.49527410207939504,
                "top5": {
                  "k": 5,
                  "true_errors": 4,
                  "precision": 0.8,
                  "lift_vs_prevalence": 1.2000000000000002
                },
                "top10": {
                  "k": 10,
                  "true_errors": 5,
                  "precision": 0.5,
                  "lift_vs_prevalence": 0.75
                },
                "top20pct": {
                  "k": 14,
                  "true_errors": 9,
                  "precision": 0.6428571428571429,
                  "lift_vs_prevalence": 0.9642857142857144
                },
                "bottom20pct": {
                  "k": 14,
                  "true_errors": 8,
                  "error_rate": 0.5714285714285714
                },
                "top_to_bottom_ratio": 1.1250000000000002
              },
              "gt_cross_class_overmerge": {
                "n": 69,
                "positives": 46,
                "prevalence": 0.6666666666666666,
                "average_precision": 0.6894526212867235,
                "auroc": 0.49527410207939504,
                "top5": {
                  "k": 5,
                  "true_errors": 4,
                  "precision": 0.8,
                  "lift_vs_prevalence": 1.2000000000000002
                },
                "top10": {
                  "k": 10,
                  "true_errors": 5,
                  "precision": 0.5,
                  "lift_vs_prevalence": 0.75
                },
                "top20pct": {
                  "k": 14,
                  "true_errors": 9,
                  "precision": 0.6428571428571429,
                  "lift_vs_prevalence": 0.9642857142857144
                },
                "bottom20pct": {
                  "k": 14,
                  "true_errors": 8,
                  "error_rate": 0.5714285714285714
                },
                "top_to_bottom_ratio": 1.1250000000000002
              },
              "gt_same_class_overmerge": {
                "n": 69,
                "positives": 0,
                "prevalence": 0.0,
                "average_precision": null,
                "auroc": null,
                "top5": {
                  "k": 5,
                  "true_errors": 0,
                  "precision": 0.0,
                  "lift_vs_prevalence": null
                },
                "top10": {
                  "k": 10,
                  "true_errors": 0,
                  "precision": 0.0,
                  "lift_vs_prevalence": null
                },
                "top20pct": {
                  "k": 14,
                  "true_errors": 0,
                  "precision": 0.0,
                  "lift_vs_prevalence": null
                },
                "bottom20pct": {
                  "k": 14,
                  "true_errors": 0,
                  "error_rate": 0.0
                },
                "top_to_bottom_ratio": null
              },
              "gt_wrong_association": {
                "n": 69,
                "positives": 36,
                "prevalence": 0.5217391304347826,
                "average_precision": 0.6111140524952485,
                "auroc": 0.6127946127946129,
                "top5": {
                  "k": 5,
                  "true_errors": 4,
                  "precision": 0.8,
                  "lift_vs_prevalence": 1.5333333333333334
                },
                "top10": {
                  "k": 10,
                  "true_errors": 5,
                  "precision": 0.5,
                  "lift_vs_prevalence": 0.9583333333333334
                },
                "top20pct": {
                  "k": 14,
                  "true_errors": 8,
                  "precision": 0.5714285714285714,
                  "lift_vs_prevalence": 1.0952380952380951
                },
                "bottom20pct": {
                  "k": 14,
                  "true_errors": 7,
                  "error_rate": 0.5
                },
                "top_to_bottom_ratio": 1.1428571428571428
              },
              "gt_split_incident": {
                "n": 69,
                "positives": 39,
                "prevalence": 0.5652173913043478,
                "average_precision": 0.65442739729754,
                "auroc": 0.6333333333333334,
                "top5": {
                  "k": 5,
                  "true_errors": 3,
                  "precision": 0.6,
                  "lift_vs_prevalence": 1.0615384615384615
                },
                "top10": {
                  "k": 10,
                  "true_errors": 6,
                  "precision": 0.6,
                  "lift_vs_prevalence": 1.0615384615384615
                },
                "top20pct": {
                  "k": 14,
                  "true_errors": 10,
                  "precision": 0.7142857142857143,
                  "lift_vs_prevalence": 1.263736263736264
                },
                "bottom20pct": {
                  "k": 14,
                  "true_errors": 7,
                  "error_rate": 0.5
                },
                "top_to_bottom_ratio": 1.4285714285714286
              }
            },
            "duplicate_incident": {
              "gt_identity_error": {
                "n": 69,
                "positives": 60,
                "prevalence": 0.8695652173913043,
                "average_precision": 0.8230969778684015,
                "auroc": 0.4268518518518518,
                "top5": {
                  "k": 5,
                  "true_errors": 3,
                  "precision": 0.6,
                  "lift_vs_prevalence": 0.69
                },
                "top10": {
                  "k": 10,
                  "true_errors": 7,
                  "precision": 0.7,
                  "lift_vs_prevalence": 0.8049999999999999
                },
                "top20pct": {
                  "k": 14,
                  "true_errors": 11,
                  "precision": 0.7857142857142857,
                  "lift_vs_prevalence": 0.9035714285714286
                },
                "bottom20pct": {
                  "k": 14,
                  "true_errors": 12,
                  "error_rate": 0.8571428571428571
                },
                "top_to_bottom_ratio": 0.9166666666666667
              },
              "gt_overmerge": {
                "n": 69,
                "positives": 46,
                "prevalence": 0.6666666666666666,
                "average_precision": 0.6199403102554583,
                "auroc": 0.4645557655954632,
                "top5": {
                  "k": 5,
                  "true_errors": 2,
                  "precision": 0.4,
                  "lift_vs_prevalence": 0.6000000000000001
                },
                "top10": {
                  "k": 10,
                  "true_errors": 2,
                  "precision": 0.2,
                  "lift_vs_prevalence": 0.30000000000000004
                },
                "top20pct": {
                  "k": 14,
                  "true_errors": 6,
                  "precision": 0.42857142857142855,
                  "lift_vs_prevalence": 0.6428571428571429
                },
                "bottom20pct": {
                  "k": 14,
                  "true_errors": 8,
                  "error_rate": 0.5714285714285714
                },
                "top_to_bottom_ratio": 0.75
              },
              "gt_cross_class_overmerge": {
                "n": 69,
                "positives": 46,
                "prevalence": 0.6666666666666666,
                "average_precision": 0.6199403102554583,
                "auroc": 0.4645557655954632,
                "top5": {
                  "k": 5,
                  "true_errors": 2,
                  "precision": 0.4,
                  "lift_vs_prevalence": 0.6000000000000001
                },
                "top10": {
                  "k": 10,
                  "true_errors": 2,
                  "precision": 0.2,
                  "lift_vs_prevalence": 0.30000000000000004
                },
                "top20pct": {
                  "k": 14,
                  "true_errors": 6,
                  "precision": 0.42857142857142855,
                  "lift_vs_prevalence": 0.6428571428571429
                },
                "bottom20pct": {
                  "k": 14,
                  "true_errors": 8,
                  "error_rate": 0.5714285714285714
                },
                "top_to_bottom_ratio": 0.75
              },
              "gt_same_class_overmerge": {
                "n": 69,
                "positives": 0,
                "prevalence": 0.0,
                "average_precision": null,
                "auroc": null,
                "top5": {
                  "k": 5,
                  "true_errors": 0,
                  "precision": 0.0,
                  "lift_vs_prevalence": null
                },
                "top10": {
                  "k": 10,
                  "true_errors": 0,
                  "precision": 0.0,
                  "lift_vs_prevalence": null
                },
                "top20pct": {
                  "k": 14,
                  "true_errors": 0,
                  "precision": 0.0,
                  "lift_vs_prevalence": null
                },
                "bottom20pct": {
                  "k": 14,
                  "true_errors": 0,
                  "error_rate": 0.0
                },
                "top_to_bottom_ratio": null
              },
              "gt_wrong_association": {
                "n": 69,
                "positives": 36,
                "prevalence": 0.5217391304347826,
                "average_precision": 0.46999734791985126,
                "auroc": 0.4212962962962963,
                "top5": {
                  "k": 5,
                  "true_errors": 2,
                  "precision": 0.4,
                  "lift_vs_prevalence": 0.7666666666666667
                },
                "top10": {
                  "k": 10,
                  "true_errors": 3,
                  "precision": 0.3,
                  "lift_vs_prevalence": 0.575
                },
                "top20pct": {
                  "k": 14,
                  "true_errors": 5,
                  "precision": 0.35714285714285715,
                  "lift_vs_prevalence": 0.6845238095238095
                },
                "bottom20pct": {
                  "k": 14,
                  "true_errors": 8,
                  "error_rate": 0.5714285714285714
                },
                "top_to_bottom_ratio": 0.625
              },
              "gt_split_incident": {
                "n": 69,
                "positives": 39,
                "prevalence": 0.5652173913043478,
                "average_precision": 0.6607914143186956,
                "auroc": 0.6653846153846155,
                "top5": {
                  "k": 5,
                  "true_errors": 3,
                  "precision": 0.6,
                  "lift_vs_prevalence": 1.0615384615384615
                },
                "top10": {
                  "k": 10,
                  "true_errors": 6,
                  "precision": 0.6,
                  "lift_vs_prevalence": 1.0615384615384615
                },
                "top20pct": {
                  "k": 14,
                  "true_errors": 9,
                  "precision": 0.6428571428571429,
                  "lift_vs_prevalence": 1.1373626373626375
                },
                "bottom20pct": {
                  "k": 14,
                  "true_errors": 3,
                  "error_rate": 0.21428571428571427
                },
                "top_to_bottom_ratio": 3.0000000000000004
              }
            },
            "combined": {
              "gt_identity_error": {
                "n": 69,
                "positives": 60,
                "prevalence": 0.8695652173913043,
                "average_precision": 0.8127417750055377,
                "auroc": 0.3648148148148148,
                "top5": {
                  "k": 5,
                  "true_errors": 2,
                  "precision": 0.4,
                  "lift_vs_prevalence": 0.46
                },
                "top10": {
                  "k": 10,
                  "true_errors": 7,
                  "precision": 0.7,
                  "lift_vs_prevalence": 0.8049999999999999
                },
                "top20pct": {
                  "k": 14,
                  "true_errors": 11,
                  "precision": 0.7857142857142857,
                  "lift_vs_prevalence": 0.9035714285714286
                },
                "bottom20pct": {
                  "k": 14,
                  "true_errors": 12,
                  "error_rate": 0.8571428571428571
                },
                "top_to_bottom_ratio": 0.9166666666666667
              },
              "gt_overmerge": {
                "n": 69,
                "positives": 46,
                "prevalence": 0.6666666666666666,
                "average_precision": 0.618350130660741,
                "auroc": 0.39272211720226835,
                "top5": {
                  "k": 5,
                  "true_errors": 2,
                  "precision": 0.4,
                  "lift_vs_prevalence": 0.6000000000000001
                },
                "top10": {
                  "k": 10,
                  "true_errors": 6,
                  "precision": 0.6,
                  "lift_vs_prevalence": 0.9
                },
                "top20pct": {
                  "k": 14,
                  "true_errors": 9,
                  "precision": 0.6428571428571429,
                  "lift_vs_prevalence": 0.9642857142857144
                },
                "bottom20pct": {
                  "k": 14,
                  "true_errors": 11,
                  "error_rate": 0.7857142857142857
                },
                "top_to_bottom_ratio": 0.8181818181818182
              },
              "gt_cross_class_overmerge": {
                "n": 69,
                "positives": 46,
                "prevalence": 0.6666666666666666,
                "average_precision": 0.618350130660741,
                "auroc": 0.39272211720226835,
                "top5": {
                  "k": 5,
                  "true_errors": 2,
                  "precision": 0.4,
                  "lift_vs_prevalence": 0.6000000000000001
                },
                "top10": {
                  "k": 10,
                  "true_errors": 6,
                  "precision": 0.6,
                  "lift_vs_prevalence": 0.9
                },
                "top20pct": {
                  "k": 14,
                  "true_errors": 9,
                  "precision": 0.6428571428571429,
                  "lift_vs_prevalence": 0.9642857142857144
                },
                "bottom20pct": {
                  "k": 14,
                  "true_errors": 11,
                  "error_rate": 0.7857142857142857
                },
                "top_to_bottom_ratio": 0.8181818181818182
              },
              "gt_same_class_overmerge": {
                "n": 69,
                "positives": 0,
                "prevalence": 0.0,
                "average_precision": null,
                "auroc": null,
                "top5": {
                  "k": 5,
                  "true_errors": 0,
                  "precision": 0.0,
                  "lift_vs_prevalence": null
                },
                "top10": {
                  "k": 10,
                  "true_errors": 0,
                  "precision": 0.0,
                  "lift_vs_prevalence": null
                },
                "top20pct": {
                  "k": 14,
                  "true_errors": 0,
                  "precision": 0.0,
                  "lift_vs_prevalence": null
                },
                "bottom20pct": {
                  "k": 14,
                  "true_errors": 0,
                  "error_rate": 0.0
                },
                "top_to_bottom_ratio": null
              },
              "gt_wrong_association": {
                "n": 69,
                "positives": 36,
                "prevalence": 0.5217391304347826,
                "average_precision": 0.49422130132730574,
                "auroc": 0.43771043771043766,
                "top5": {
                  "k": 5,
                  "true_errors": 1,
                  "precision": 0.2,
                  "lift_vs_prevalence": 0.38333333333333336
                },
                "top10": {
                  "k": 10,
                  "true_errors": 5,
                  "precision": 0.5,
                  "lift_vs_prevalence": 0.9583333333333334
                },
                "top20pct": {
                  "k": 14,
                  "true_errors": 8,
                  "precision": 0.5714285714285714,
                  "lift_vs_prevalence": 1.0952380952380951
                },
                "bottom20pct": {
                  "k": 14,
                  "true_errors": 8,
                  "error_rate": 0.5714285714285714
                },
                "top_to_bottom_ratio": 1.0
              },
              "gt_split_incident": {
                "n": 69,
                "positives": 39,
                "prevalence": 0.5652173913043478,
                "average_precision": 0.5393493599751203,
                "auroc": 0.5068376068376068,
                "top5": {
                  "k": 5,
                  "true_errors": 1,
                  "precision": 0.2,
                  "lift_vs_prevalence": 0.35384615384615387
                },
                "top10": {
                  "k": 10,
                  "true_errors": 3,
                  "precision": 0.3,
                  "lift_vs_prevalence": 0.5307692307692308
                },
                "top20pct": {
                  "k": 14,
                  "true_errors": 7,
                  "precision": 0.5,
                  "lift_vs_prevalence": 0.8846153846153847
                },
                "bottom20pct": {
                  "k": 14,
                  "true_errors": 4,
                  "error_rate": 0.2857142857142857
                },
                "top_to_bottom_ratio": 1.75
              }
            }
          },
          "pair_evaluation": {
            "r1": {
              "n": 97,
              "positives": 45,
              "prevalence": 0.4639175257731959,
              "average_precision": 0.5616289580726734,
              "auroc": 0.6307692307692307,
              "top5": {
                "k": 5,
                "true_errors": 3,
                "precision": 0.6,
                "lift_vs_prevalence": 1.2933333333333332
              },
              "top10": {
                "k": 10,
                "true_errors": 5,
                "precision": 0.5,
                "lift_vs_prevalence": 1.0777777777777777
              },
              "top20pct": {
                "k": 20,
                "true_errors": 12,
                "precision": 0.6,
                "lift_vs_prevalence": 1.2933333333333332
              },
              "bottom20pct": {
                "k": 20,
                "true_errors": 6,
                "error_rate": 0.3
              },
              "top_to_bottom_ratio": 2.0
            },
            "r2": {
              "n": 97,
              "positives": 45,
              "prevalence": 0.4639175257731959,
              "average_precision": 0.5724479626349297,
              "auroc": 0.6397435897435898,
              "top5": {
                "k": 5,
                "true_errors": 3,
                "precision": 0.6,
                "lift_vs_prevalence": 1.2933333333333332
              },
              "top10": {
                "k": 10,
                "true_errors": 6,
                "precision": 0.6,
                "lift_vs_prevalence": 1.2933333333333332
              },
              "top20pct": {
                "k": 20,
                "true_errors": 11,
                "precision": 0.55,
                "lift_vs_prevalence": 1.1855555555555557
              },
              "bottom20pct": {
                "k": 20,
                "true_errors": 5,
                "error_rate": 0.25
              },
              "top_to_bottom_ratio": 2.2
            }
          }
        }
      },
      "final_members_only": {
        "scene": "room0",
        "voxel_size_m": 0.025,
        "evidence_scope": "final_members_only",
        "voxel_payload_fields": [
          "seen_count",
          "label_hist",
          "obs_ids"
        ],
        "voxel_count": 150048,
        "voxel_observation_links": 7374153,
        "selected_observations": 7507,
        "object_count": 72,
        "neighbor_pair_count": 97,
        "evaluation": {
          "foreground_objects": 69,
          "object_evaluation": {
            "nonspatial_label_entropy": {
              "gt_identity_error": {
                "n": 69,
                "positives": 60,
                "prevalence": 0.8695652173913043,
                "average_precision": 0.8466612836878856,
                "auroc": 0.4305555555555556,
                "top5": {
                  "k": 5,
                  "true_errors": 4,
                  "precision": 0.8,
                  "lift_vs_prevalence": 0.92
                },
                "top10": {
                  "k": 10,
                  "true_errors": 8,
                  "precision": 0.8,
                  "lift_vs_prevalence": 0.92
                },
                "top20pct": {
                  "k": 14,
                  "true_errors": 12,
                  "precision": 0.8571428571428571,
                  "lift_vs_prevalence": 0.9857142857142857
                },
                "bottom20pct": {
                  "k": 14,
                  "true_errors": 12,
                  "error_rate": 0.8571428571428571
                },
                "top_to_bottom_ratio": 1.0
              },
              "gt_overmerge": {
                "n": 69,
                "positives": 46,
                "prevalence": 0.6666666666666666,
                "average_precision": 0.625206121935343,
                "auroc": 0.3941398865784499,
                "top5": {
                  "k": 5,
                  "true_errors": 3,
                  "precision": 0.6,
                  "lift_vs_prevalence": 0.9
                },
                "top10": {
                  "k": 10,
                  "true_errors": 6,
                  "precision": 0.6,
                  "lift_vs_prevalence": 0.9
                },
                "top20pct": {
                  "k": 14,
                  "true_errors": 7,
                  "precision": 0.5,
                  "lift_vs_prevalence": 0.75
                },
                "bottom20pct": {
                  "k": 14,
                  "true_errors": 10,
                  "error_rate": 0.7142857142857143
                },
                "top_to_bottom_ratio": 0.7
              },
              "gt_cross_class_overmerge": {
                "n": 69,
                "positives": 46,
                "prevalence": 0.6666666666666666,
                "average_precision": 0.625206121935343,
                "auroc": 0.3941398865784499,
                "top5": {
                  "k": 5,
                  "true_errors": 3,
                  "precision": 0.6,
                  "lift_vs_prevalence": 0.9
                },
                "top10": {
                  "k": 10,
                  "true_errors": 6,
                  "precision": 0.6,
                  "lift_vs_prevalence": 0.9
                },
                "top20pct": {
                  "k": 14,
                  "true_errors": 7,
                  "precision": 0.5,
                  "lift_vs_prevalence": 0.75
                },
                "bottom20pct": {
                  "k": 14,
                  "true_errors": 10,
                  "error_rate": 0.7142857142857143
                },
                "top_to_bottom_ratio": 0.7
              },
              "gt_same_class_overmerge": {
                "n": 69,
                "positives": 0,
                "prevalence": 0.0,
                "average_precision": null,
                "auroc": null,
                "top5": {
                  "k": 5,
                  "true_errors": 0,
                  "precision": 0.0,
                  "lift_vs_prevalence": null
                },
                "top10": {
                  "k": 10,
                  "true_errors": 0,
                  "precision": 0.0,
                  "lift_vs_prevalence": null
                },
                "top20pct": {
                  "k": 14,
                  "true_errors": 0,
                  "precision": 0.0,
                  "lift_vs_prevalence": null
                },
                "bottom20pct": {
                  "k": 14,
                  "true_errors": 0,
                  "error_rate": 0.0
                },
                "top_to_bottom_ratio": null
              },
              "gt_wrong_association": {
                "n": 69,
                "positives": 36,
                "prevalence": 0.5217391304347826,
                "average_precision": 0.5846753763560743,
                "auroc": 0.6170033670033669,
                "top5": {
                  "k": 5,
                  "true_errors": 3,
                  "precision": 0.6,
                  "lift_vs_prevalence": 1.15
                },
                "top10": {
                  "k": 10,
                  "true_errors": 6,
                  "precision": 0.6,
                  "lift_vs_prevalence": 1.15
                },
                "top20pct": {
                  "k": 14,
                  "true_errors": 8,
                  "precision": 0.5714285714285714,
                  "lift_vs_prevalence": 1.0952380952380951
                },
                "bottom20pct": {
                  "k": 14,
                  "true_errors": 7,
                  "error_rate": 0.5
                },
                "top_to_bottom_ratio": 1.1428571428571428
              },
              "gt_split_incident": {
                "n": 69,
                "positives": 39,
                "prevalence": 0.5652173913043478,
                "average_precision": 0.5610628714548048,
                "auroc": 0.49230769230769234,
                "top5": {
                  "k": 5,
                  "true_errors": 3,
                  "precision": 0.6,
                  "lift_vs_prevalence": 1.0615384615384615
                },
                "top10": {
                  "k": 10,
                  "true_errors": 5,
                  "precision": 0.5,
                  "lift_vs_prevalence": 0.8846153846153847
                },
                "top20pct": {
                  "k": 14,
                  "true_errors": 8,
                  "precision": 0.5714285714285714,
                  "lift_vs_prevalence": 1.010989010989011
                },
                "bottom20pct": {
                  "k": 14,
                  "true_errors": 8,
                  "error_rate": 0.5714285714285714
                },
                "top_to_bottom_ratio": 1.0
              }
            },
            "voxel_semantic_conflict": {
              "gt_identity_error": {
                "n": 69,
                "positives": 60,
                "prevalence": 0.8695652173913043,
                "average_precision": 0.8500243731080427,
                "auroc": 0.4472222222222223,
                "top5": {
                  "k": 5,
                  "true_errors": 4,
                  "precision": 0.8,
                  "lift_vs_prevalence": 0.92
                },
                "top10": {
                  "k": 10,
                  "true_errors": 9,
                  "precision": 0.9,
                  "lift_vs_prevalence": 1.0350000000000001
                },
                "top20pct": {
                  "k": 14,
                  "true_errors": 12,
                  "precision": 0.8571428571428571,
                  "lift_vs_prevalence": 0.9857142857142857
                },
                "bottom20pct": {
                  "k": 14,
                  "true_errors": 12,
                  "error_rate": 0.8571428571428571
                },
                "top_to_bottom_ratio": 1.0
              },
              "gt_overmerge": {
                "n": 69,
                "positives": 46,
                "prevalence": 0.6666666666666666,
                "average_precision": 0.6310195173783918,
                "auroc": 0.4106805293005671,
                "top5": {
                  "k": 5,
                  "true_errors": 4,
                  "precision": 0.8,
                  "lift_vs_prevalence": 1.2000000000000002
                },
                "top10": {
                  "k": 10,
                  "true_errors": 6,
                  "precision": 0.6,
                  "lift_vs_prevalence": 0.9
                },
                "top20pct": {
                  "k": 14,
                  "true_errors": 8,
                  "precision": 0.5714285714285714,
                  "lift_vs_prevalence": 0.8571428571428571
                },
                "bottom20pct": {
                  "k": 14,
                  "true_errors": 9,
                  "error_rate": 0.6428571428571429
                },
                "top_to_bottom_ratio": 0.8888888888888887
              },
              "gt_cross_class_overmerge": {
                "n": 69,
                "positives": 46,
                "prevalence": 0.6666666666666666,
                "average_precision": 0.6310195173783918,
                "auroc": 0.4106805293005671,
                "top5": {
                  "k": 5,
                  "true_errors": 4,
                  "precision": 0.8,
                  "lift_vs_prevalence": 1.2000000000000002
                },
                "top10": {
                  "k": 10,
                  "true_errors": 6,
                  "precision": 0.6,
                  "lift_vs_prevalence": 0.9
                },
                "top20pct": {
                  "k": 14,
                  "true_errors": 8,
                  "precision": 0.5714285714285714,
                  "lift_vs_prevalence": 0.8571428571428571
                },
                "bottom20pct": {
                  "k": 14,
                  "true_errors": 9,
                  "error_rate": 0.6428571428571429
                },
                "top_to_bottom_ratio": 0.8888888888888887
              },
              "gt_same_class_overmerge": {
                "n": 69,
                "positives": 0,
                "prevalence": 0.0,
                "average_precision": null,
                "auroc": null,
                "top5": {
                  "k": 5,
                  "true_errors": 0,
                  "precision": 0.0,
                  "lift_vs_prevalence": null
                },
                "top10": {
                  "k": 10,
                  "true_errors": 0,
                  "precision": 0.0,
                  "lift_vs_prevalence": null
                },
                "top20pct": {
                  "k": 14,
                  "true_errors": 0,
                  "precision": 0.0,
                  "lift_vs_prevalence": null
                },
                "bottom20pct": {
                  "k": 14,
                  "true_errors": 0,
                  "error_rate": 0.0
                },
                "top_to_bottom_ratio": null
              },
              "gt_wrong_association": {
                "n": 69,
                "positives": 36,
                "prevalence": 0.5217391304347826,
                "average_precision": 0.48808678731927724,
                "auroc": 0.4255050505050505,
                "top5": {
                  "k": 5,
                  "true_errors": 2,
                  "precision": 0.4,
                  "lift_vs_prevalence": 0.7666666666666667
                },
                "top10": {
                  "k": 10,
                  "true_errors": 5,
                  "precision": 0.5,
                  "lift_vs_prevalence": 0.9583333333333334
                },
                "top20pct": {
                  "k": 14,
                  "true_errors": 7,
                  "precision": 0.5,
                  "lift_vs_prevalence": 0.9583333333333334
                },
                "bottom20pct": {
                  "k": 14,
                  "true_errors": 8,
                  "error_rate": 0.5714285714285714
                },
                "top_to_bottom_ratio": 0.875
              },
              "gt_split_incident": {
                "n": 69,
                "positives": 39,
                "prevalence": 0.5652173913043478,
                "average_precision": 0.5506633335076219,
                "auroc": 0.5247863247863247,
                "top5": {
                  "k": 5,
                  "true_errors": 2,
                  "precision": 0.4,
                  "lift_vs_prevalence": 0.7076923076923077
                },
                "top10": {
                  "k": 10,
                  "true_errors": 5,
                  "precision": 0.5,
                  "lift_vs_prevalence": 0.8846153846153847
                },
                "top20pct": {
                  "k": 14,
                  "true_errors": 6,
                  "precision": 0.42857142857142855,
                  "lift_vs_prevalence": 0.7582417582417582
                },
                "bottom20pct": {
                  "k": 14,
                  "true_errors": 5,
                  "error_rate": 0.35714285714285715
                },
                "top_to_bottom_ratio": 1.2
              }
            },
            "fragmentation": {
              "gt_identity_error": {
                "n": 69,
                "positives": 60,
                "prevalence": 0.8695652173913043,
                "average_precision": 0.8811352945549726,
                "auroc": 0.5175925925925926,
                "top5": {
                  "k": 5,
                  "true_errors": 5,
                  "precision": 1.0,
                  "lift_vs_prevalence": 1.1500000000000001
                },
                "top10": {
                  "k": 10,
                  "true_errors": 8,
                  "precision": 0.8,
                  "lift_vs_prevalence": 0.92
                },
                "top20pct": {
                  "k": 14,
                  "true_errors": 12,
                  "precision": 0.8571428571428571,
                  "lift_vs_prevalence": 0.9857142857142857
                },
                "bottom20pct": {
                  "k": 14,
                  "true_errors": 10,
                  "error_rate": 0.7142857142857143
                },
                "top_to_bottom_ratio": 1.2
              },
              "gt_overmerge": {
                "n": 69,
                "positives": 46,
                "prevalence": 0.6666666666666666,
                "average_precision": 0.6894526212867235,
                "auroc": 0.49527410207939504,
                "top5": {
                  "k": 5,
                  "true_errors": 4,
                  "precision": 0.8,
                  "lift_vs_prevalence": 1.2000000000000002
                },
                "top10": {
                  "k": 10,
                  "true_errors": 5,
                  "precision": 0.5,
                  "lift_vs_prevalence": 0.75
                },
                "top20pct": {
                  "k": 14,
                  "true_errors": 9,
                  "precision": 0.6428571428571429,
                  "lift_vs_prevalence": 0.9642857142857144
                },
                "bottom20pct": {
                  "k": 14,
                  "true_errors": 8,
                  "error_rate": 0.5714285714285714
                },
                "top_to_bottom_ratio": 1.1250000000000002
              },
              "gt_cross_class_overmerge": {
                "n": 69,
                "positives": 46,
                "prevalence": 0.6666666666666666,
                "average_precision": 0.6894526212867235,
                "auroc": 0.49527410207939504,
                "top5": {
                  "k": 5,
                  "true_errors": 4,
                  "precision": 0.8,
                  "lift_vs_prevalence": 1.2000000000000002
                },
                "top10": {
                  "k": 10,
                  "true_errors": 5,
                  "precision": 0.5,
                  "lift_vs_prevalence": 0.75
                },
                "top20pct": {
                  "k": 14,
                  "true_errors": 9,
                  "precision": 0.6428571428571429,
                  "lift_vs_prevalence": 0.9642857142857144
                },
                "bottom20pct": {
                  "k": 14,
                  "true_errors": 8,
                  "error_rate": 0.5714285714285714
                },
                "top_to_bottom_ratio": 1.1250000000000002
              },
              "gt_same_class_overmerge": {
                "n": 69,
                "positives": 0,
                "prevalence": 0.0,
                "average_precision": null,
                "auroc": null,
                "top5": {
                  "k": 5,
                  "true_errors": 0,
                  "precision": 0.0,
                  "lift_vs_prevalence": null
                },
                "top10": {
                  "k": 10,
                  "true_errors": 0,
                  "precision": 0.0,
                  "lift_vs_prevalence": null
                },
                "top20pct": {
                  "k": 14,
                  "true_errors": 0,
                  "precision": 0.0,
                  "lift_vs_prevalence": null
                },
                "bottom20pct": {
                  "k": 14,
                  "true_errors": 0,
                  "error_rate": 0.0
                },
                "top_to_bottom_ratio": null
              },
              "gt_wrong_association": {
                "n": 69,
                "positives": 36,
                "prevalence": 0.5217391304347826,
                "average_precision": 0.6111140524952485,
                "auroc": 0.6127946127946129,
                "top5": {
                  "k": 5,
                  "true_errors": 4,
                  "precision": 0.8,
                  "lift_vs_prevalence": 1.5333333333333334
                },
                "top10": {
                  "k": 10,
                  "true_errors": 5,
                  "precision": 0.5,
                  "lift_vs_prevalence": 0.9583333333333334
                },
                "top20pct": {
                  "k": 14,
                  "true_errors": 8,
                  "precision": 0.5714285714285714,
                  "lift_vs_prevalence": 1.0952380952380951
                },
                "bottom20pct": {
                  "k": 14,
                  "true_errors": 7,
                  "error_rate": 0.5
                },
                "top_to_bottom_ratio": 1.1428571428571428
              },
              "gt_split_incident": {
                "n": 69,
                "positives": 39,
                "prevalence": 0.5652173913043478,
                "average_precision": 0.65442739729754,
                "auroc": 0.6333333333333334,
                "top5": {
                  "k": 5,
                  "true_errors": 3,
                  "precision": 0.6,
                  "lift_vs_prevalence": 1.0615384615384615
                },
                "top10": {
                  "k": 10,
                  "true_errors": 6,
                  "precision": 0.6,
                  "lift_vs_prevalence": 1.0615384615384615
                },
                "top20pct": {
                  "k": 14,
                  "true_errors": 10,
                  "precision": 0.7142857142857143,
                  "lift_vs_prevalence": 1.263736263736264
                },
                "bottom20pct": {
                  "k": 14,
                  "true_errors": 7,
                  "error_rate": 0.5
                },
                "top_to_bottom_ratio": 1.4285714285714286
              }
            },
            "duplicate_incident": {
              "gt_identity_error": {
                "n": 69,
                "positives": 60,
                "prevalence": 0.8695652173913043,
                "average_precision": 0.8230969778684015,
                "auroc": 0.4268518518518518,
                "top5": {
                  "k": 5,
                  "true_errors": 3,
                  "precision": 0.6,
                  "lift_vs_prevalence": 0.69
                },
                "top10": {
                  "k": 10,
                  "true_errors": 7,
                  "precision": 0.7,
                  "lift_vs_prevalence": 0.8049999999999999
                },
                "top20pct": {
                  "k": 14,
                  "true_errors": 11,
                  "precision": 0.7857142857142857,
                  "lift_vs_prevalence": 0.9035714285714286
                },
                "bottom20pct": {
                  "k": 14,
                  "true_errors": 12,
                  "error_rate": 0.8571428571428571
                },
                "top_to_bottom_ratio": 0.9166666666666667
              },
              "gt_overmerge": {
                "n": 69,
                "positives": 46,
                "prevalence": 0.6666666666666666,
                "average_precision": 0.6199403102554583,
                "auroc": 0.4645557655954632,
                "top5": {
                  "k": 5,
                  "true_errors": 2,
                  "precision": 0.4,
                  "lift_vs_prevalence": 0.6000000000000001
                },
                "top10": {
                  "k": 10,
                  "true_errors": 2,
                  "precision": 0.2,
                  "lift_vs_prevalence": 0.30000000000000004
                },
                "top20pct": {
                  "k": 14,
                  "true_errors": 6,
                  "precision": 0.42857142857142855,
                  "lift_vs_prevalence": 0.6428571428571429
                },
                "bottom20pct": {
                  "k": 14,
                  "true_errors": 8,
                  "error_rate": 0.5714285714285714
                },
                "top_to_bottom_ratio": 0.75
              },
              "gt_cross_class_overmerge": {
                "n": 69,
                "positives": 46,
                "prevalence": 0.6666666666666666,
                "average_precision": 0.6199403102554583,
                "auroc": 0.4645557655954632,
                "top5": {
                  "k": 5,
                  "true_errors": 2,
                  "precision": 0.4,
                  "lift_vs_prevalence": 0.6000000000000001
                },
                "top10": {
                  "k": 10,
                  "true_errors": 2,
                  "precision": 0.2,
                  "lift_vs_prevalence": 0.30000000000000004
                },
                "top20pct": {
                  "k": 14,
                  "true_errors": 6,
                  "precision": 0.42857142857142855,
                  "lift_vs_prevalence": 0.6428571428571429
                },
                "bottom20pct": {
                  "k": 14,
                  "true_errors": 8,
                  "error_rate": 0.5714285714285714
                },
                "top_to_bottom_ratio": 0.75
              },
              "gt_same_class_overmerge": {
                "n": 69,
                "positives": 0,
                "prevalence": 0.0,
                "average_precision": null,
                "auroc": null,
                "top5": {
                  "k": 5,
                  "true_errors": 0,
                  "precision": 0.0,
                  "lift_vs_prevalence": null
                },
                "top10": {
                  "k": 10,
                  "true_errors": 0,
                  "precision": 0.0,
                  "lift_vs_prevalence": null
                },
                "top20pct": {
                  "k": 14,
                  "true_errors": 0,
                  "precision": 0.0,
                  "lift_vs_prevalence": null
                },
                "bottom20pct": {
                  "k": 14,
                  "true_errors": 0,
                  "error_rate": 0.0
                },
                "top_to_bottom_ratio": null
              },
              "gt_wrong_association": {
                "n": 69,
                "positives": 36,
                "prevalence": 0.5217391304347826,
                "average_precision": 0.46999734791985126,
                "auroc": 0.4212962962962963,
                "top5": {
                  "k": 5,
                  "true_errors": 2,
                  "precision": 0.4,
                  "lift_vs_prevalence": 0.7666666666666667
                },
                "top10": {
                  "k": 10,
                  "true_errors": 3,
                  "precision": 0.3,
                  "lift_vs_prevalence": 0.575
                },
                "top20pct": {
                  "k": 14,
                  "true_errors": 5,
                  "precision": 0.35714285714285715,
                  "lift_vs_prevalence": 0.6845238095238095
                },
                "bottom20pct": {
                  "k": 14,
                  "true_errors": 8,
                  "error_rate": 0.5714285714285714
                },
                "top_to_bottom_ratio": 0.625
              },
              "gt_split_incident": {
                "n": 69,
                "positives": 39,
                "prevalence": 0.5652173913043478,
                "average_precision": 0.6607914143186956,
                "auroc": 0.6653846153846155,
                "top5": {
                  "k": 5,
                  "true_errors": 3,
                  "precision": 0.6,
                  "lift_vs_prevalence": 1.0615384615384615
                },
                "top10": {
                  "k": 10,
                  "true_errors": 6,
                  "precision": 0.6,
                  "lift_vs_prevalence": 1.0615384615384615
                },
                "top20pct": {
                  "k": 14,
                  "true_errors": 9,
                  "precision": 0.6428571428571429,
                  "lift_vs_prevalence": 1.1373626373626375
                },
                "bottom20pct": {
                  "k": 14,
                  "true_errors": 3,
                  "error_rate": 0.21428571428571427
                },
                "top_to_bottom_ratio": 3.0000000000000004
              }
            },
            "combined": {
              "gt_identity_error": {
                "n": 69,
                "positives": 60,
                "prevalence": 0.8695652173913043,
                "average_precision": 0.8127417750055377,
                "auroc": 0.3648148148148148,
                "top5": {
                  "k": 5,
                  "true_errors": 2,
                  "precision": 0.4,
                  "lift_vs_prevalence": 0.46
                },
                "top10": {
                  "k": 10,
                  "true_errors": 7,
                  "precision": 0.7,
                  "lift_vs_prevalence": 0.8049999999999999
                },
                "top20pct": {
                  "k": 14,
                  "true_errors": 11,
                  "precision": 0.7857142857142857,
                  "lift_vs_prevalence": 0.9035714285714286
                },
                "bottom20pct": {
                  "k": 14,
                  "true_errors": 12,
                  "error_rate": 0.8571428571428571
                },
                "top_to_bottom_ratio": 0.9166666666666667
              },
              "gt_overmerge": {
                "n": 69,
                "positives": 46,
                "prevalence": 0.6666666666666666,
                "average_precision": 0.618350130660741,
                "auroc": 0.39272211720226835,
                "top5": {
                  "k": 5,
                  "true_errors": 2,
                  "precision": 0.4,
                  "lift_vs_prevalence": 0.6000000000000001
                },
                "top10": {
                  "k": 10,
                  "true_errors": 6,
                  "precision": 0.6,
                  "lift_vs_prevalence": 0.9
                },
                "top20pct": {
                  "k": 14,
                  "true_errors": 9,
                  "precision": 0.6428571428571429,
                  "lift_vs_prevalence": 0.9642857142857144
                },
                "bottom20pct": {
                  "k": 14,
                  "true_errors": 11,
                  "error_rate": 0.7857142857142857
                },
                "top_to_bottom_ratio": 0.8181818181818182
              },
              "gt_cross_class_overmerge": {
                "n": 69,
                "positives": 46,
                "prevalence": 0.6666666666666666,
                "average_precision": 0.618350130660741,
                "auroc": 0.39272211720226835,
                "top5": {
                  "k": 5,
                  "true_errors": 2,
                  "precision": 0.4,
                  "lift_vs_prevalence": 0.6000000000000001
                },
                "top10": {
                  "k": 10,
                  "true_errors": 6,
                  "precision": 0.6,
                  "lift_vs_prevalence": 0.9
                },
                "top20pct": {
                  "k": 14,
                  "true_errors": 9,
                  "precision": 0.6428571428571429,
                  "lift_vs_prevalence": 0.9642857142857144
                },
                "bottom20pct": {
                  "k": 14,
                  "true_errors": 11,
                  "error_rate": 0.7857142857142857
                },
                "top_to_bottom_ratio": 0.8181818181818182
              },
              "gt_same_class_overmerge": {
                "n": 69,
                "positives": 0,
                "prevalence": 0.0,
                "average_precision": null,
                "auroc": null,
                "top5": {
                  "k": 5,
                  "true_errors": 0,
                  "precision": 0.0,
                  "lift_vs_prevalence": null
                },
                "top10": {
                  "k": 10,
                  "true_errors": 0,
                  "precision": 0.0,
                  "lift_vs_prevalence": null
                },
                "top20pct": {
                  "k": 14,
                  "true_errors": 0,
                  "precision": 0.0,
                  "lift_vs_prevalence": null
                },
                "bottom20pct": {
                  "k": 14,
                  "true_errors": 0,
                  "error_rate": 0.0
                },
                "top_to_bottom_ratio": null
              },
              "gt_wrong_association": {
                "n": 69,
                "positives": 36,
                "prevalence": 0.5217391304347826,
                "average_precision": 0.49422130132730574,
                "auroc": 0.43771043771043766,
                "top5": {
                  "k": 5,
                  "true_errors": 1,
                  "precision": 0.2,
                  "lift_vs_prevalence": 0.38333333333333336
                },
                "top10": {
                  "k": 10,
                  "true_errors": 5,
                  "precision": 0.5,
                  "lift_vs_prevalence": 0.9583333333333334
                },
                "top20pct": {
                  "k": 14,
                  "true_errors": 8,
                  "precision": 0.5714285714285714,
                  "lift_vs_prevalence": 1.0952380952380951
                },
                "bottom20pct": {
                  "k": 14,
                  "true_errors": 8,
                  "error_rate": 0.5714285714285714
                },
                "top_to_bottom_ratio": 1.0
              },
              "gt_split_incident": {
                "n": 69,
                "positives": 39,
                "prevalence": 0.5652173913043478,
                "average_precision": 0.5393493599751203,
                "auroc": 0.5068376068376068,
                "top5": {
                  "k": 5,
                  "true_errors": 1,
                  "precision": 0.2,
                  "lift_vs_prevalence": 0.35384615384615387
                },
                "top10": {
                  "k": 10,
                  "true_errors": 3,
                  "precision": 0.3,
                  "lift_vs_prevalence": 0.5307692307692308
                },
                "top20pct": {
                  "k": 14,
                  "true_errors": 7,
                  "precision": 0.5,
                  "lift_vs_prevalence": 0.8846153846153847
                },
                "bottom20pct": {
                  "k": 14,
                  "true_errors": 4,
                  "error_rate": 0.2857142857142857
                },
                "top_to_bottom_ratio": 1.75
              }
            }
          },
          "pair_evaluation": {
            "r1": {
              "n": 97,
              "positives": 45,
              "prevalence": 0.4639175257731959,
              "average_precision": 0.5616289580726734,
              "auroc": 0.6307692307692307,
              "top5": {
                "k": 5,
                "true_errors": 3,
                "precision": 0.6,
                "lift_vs_prevalence": 1.2933333333333332
              },
              "top10": {
                "k": 10,
                "true_errors": 5,
                "precision": 0.5,
                "lift_vs_prevalence": 1.0777777777777777
              },
              "top20pct": {
                "k": 20,
                "true_errors": 12,
                "precision": 0.6,
                "lift_vs_prevalence": 1.2933333333333332
              },
              "bottom20pct": {
                "k": 20,
                "true_errors": 6,
                "error_rate": 0.3
              },
              "top_to_bottom_ratio": 2.0
            },
            "r2": {
              "n": 97,
              "positives": 45,
              "prevalence": 0.4639175257731959,
              "average_precision": 0.5724479626349297,
              "auroc": 0.6397435897435898,
              "top5": {
                "k": 5,
                "true_errors": 3,
                "precision": 0.6,
                "lift_vs_prevalence": 1.2933333333333332
              },
              "top10": {
                "k": 10,
                "true_errors": 6,
                "precision": 0.6,
                "lift_vs_prevalence": 1.2933333333333332
              },
              "top20pct": {
                "k": 20,
                "true_errors": 11,
                "precision": 0.55,
                "lift_vs_prevalence": 1.1855555555555557
              },
              "bottom20pct": {
                "k": 20,
                "true_errors": 5,
                "error_rate": 0.25
              },
              "top_to_bottom_ratio": 2.2
            }
          }
        }
      }
    },
    "0.05": {
      "all_history": {
        "scene": "room0",
        "voxel_size_m": 0.05,
        "evidence_scope": "all_history",
        "voxel_payload_fields": [
          "seen_count",
          "label_hist",
          "obs_ids"
        ],
        "voxel_count": 40416,
        "voxel_observation_links": 2656932,
        "selected_observations": 7507,
        "object_count": 72,
        "neighbor_pair_count": 122,
        "evaluation": {
          "foreground_objects": 69,
          "object_evaluation": {
            "nonspatial_label_entropy": {
              "gt_identity_error": {
                "n": 69,
                "positives": 61,
                "prevalence": 0.8840579710144928,
                "average_precision": 0.9039052420792453,
                "auroc": 0.492827868852459,
                "top5": {
                  "k": 5,
                  "true_errors": 5,
                  "precision": 1.0,
                  "lift_vs_prevalence": 1.1311475409836065
                },
                "top10": {
                  "k": 10,
                  "true_errors": 9,
                  "precision": 0.9,
                  "lift_vs_prevalence": 1.018032786885246
                },
                "top20pct": {
                  "k": 14,
                  "true_errors": 13,
                  "precision": 0.9285714285714286,
                  "lift_vs_prevalence": 1.050351288056206
                },
                "bottom20pct": {
                  "k": 14,
                  "true_errors": 12,
                  "error_rate": 0.8571428571428571
                },
                "top_to_bottom_ratio": 1.0833333333333335
              },
              "gt_overmerge": {
                "n": 69,
                "positives": 45,
                "prevalence": 0.6521739130434783,
                "average_precision": 0.6168773690894618,
                "auroc": 0.4134259259259259,
                "top5": {
                  "k": 5,
                  "true_errors": 3,
                  "precision": 0.6,
                  "lift_vs_prevalence": 0.9199999999999999
                },
                "top10": {
                  "k": 10,
                  "true_errors": 6,
                  "precision": 0.6,
                  "lift_vs_prevalence": 0.9199999999999999
                },
                "top20pct": {
                  "k": 14,
                  "true_errors": 7,
                  "precision": 0.5,
                  "lift_vs_prevalence": 0.7666666666666666
                },
                "bottom20pct": {
                  "k": 14,
                  "true_errors": 10,
                  "error_rate": 0.7142857142857143
                },
                "top_to_bottom_ratio": 0.7
              },
              "gt_cross_class_overmerge": {
                "n": 69,
                "positives": 45,
                "prevalence": 0.6521739130434783,
                "average_precision": 0.6168773690894618,
                "auroc": 0.4134259259259259,
                "top5": {
                  "k": 5,
                  "true_errors": 3,
                  "precision": 0.6,
                  "lift_vs_prevalence": 0.9199999999999999
                },
                "top10": {
                  "k": 10,
                  "true_errors": 6,
                  "precision": 0.6,
                  "lift_vs_prevalence": 0.9199999999999999
                },
                "top20pct": {
                  "k": 14,
                  "true_errors": 7,
                  "precision": 0.5,
                  "lift_vs_prevalence": 0.7666666666666666
                },
                "bottom20pct": {
                  "k": 14,
                  "true_errors": 10,
                  "error_rate": 0.7142857142857143
                },
                "top_to_bottom_ratio": 0.7
              },
              "gt_same_class_overmerge": {
                "n": 69,
                "positives": 0,
                "prevalence": 0.0,
                "average_precision": null,
                "auroc": null,
                "top5": {
                  "k": 5,
                  "true_errors": 0,
                  "precision": 0.0,
                  "lift_vs_prevalence": null
                },
                "top10": {
                  "k": 10,
                  "true_errors": 0,
                  "precision": 0.0,
                  "lift_vs_prevalence": null
                },
                "top20pct": {
                  "k": 14,
                  "true_errors": 0,
                  "precision": 0.0,
                  "lift_vs_prevalence": null
                },
                "bottom20pct": {
                  "k": 14,
                  "true_errors": 0,
                  "error_rate": 0.0
                },
                "top_to_bottom_ratio": null
              },
              "gt_wrong_association": {
                "n": 69,
                "positives": 38,
                "prevalence": 0.5507246376811594,
                "average_precision": 0.6628891463762971,
                "auroc": 0.6311544991511036,
                "top5": {
                  "k": 5,
                  "true_errors": 4,
                  "precision": 0.8,
                  "lift_vs_prevalence": 1.4526315789473685
                },
                "top10": {
                  "k": 10,
                  "true_errors": 7,
                  "precision": 0.7,
                  "lift_vs_prevalence": 1.2710526315789472
                },
                "top20pct": {
                  "k": 14,
                  "true_errors": 9,
                  "precision": 0.6428571428571429,
                  "lift_vs_prevalence": 1.1672932330827068
                },
                "bottom20pct": {
                  "k": 14,
                  "true_errors": 8,
                  "error_rate": 0.5714285714285714
                },
                "top_to_bottom_ratio": 1.1250000000000002
              },
              "gt_split_incident": {
                "n": 69,
                "positives": 41,
                "prevalence": 0.5942028985507246,
                "average_precision": 0.6152403772202719,
                "auroc": 0.512630662020906,
                "top5": {
                  "k": 5,
                  "true_errors": 3,
                  "precision": 0.6,
                  "lift_vs_prevalence": 1.0097560975609756
                },
                "top10": {
                  "k": 10,
                  "true_errors": 7,
                  "precision": 0.7,
                  "lift_vs_prevalence": 1.1780487804878048
                },
                "top20pct": {
                  "k": 14,
                  "true_errors": 10,
                  "precision": 0.7142857142857143,
                  "lift_vs_prevalence": 1.202090592334495
                },
                "bottom20pct": {
                  "k": 14,
                  "true_errors": 10,
                  "error_rate": 0.7142857142857143
                },
                "top_to_bottom_ratio": 1.0
              }
            },
            "voxel_semantic_conflict": {
              "gt_identity_error": {
                "n": 69,
                "positives": 61,
                "prevalence": 0.8840579710144928,
                "average_precision": 0.92040350226675,
                "auroc": 0.5727459016393442,
                "top5": {
                  "k": 5,
                  "true_errors": 5,
                  "precision": 1.0,
                  "lift_vs_prevalence": 1.1311475409836065
                },
                "top10": {
                  "k": 10,
                  "true_errors": 10,
                  "precision": 1.0,
                  "lift_vs_prevalence": 1.1311475409836065
                },
                "top20pct": {
                  "k": 14,
                  "true_errors": 13,
                  "precision": 0.9285714285714286,
                  "lift_vs_prevalence": 1.050351288056206
                },
                "bottom20pct": {
                  "k": 14,
                  "true_errors": 12,
                  "error_rate": 0.8571428571428571
                },
                "top_to_bottom_ratio": 1.0833333333333335
              },
              "gt_overmerge": {
                "n": 69,
                "positives": 45,
                "prevalence": 0.6521739130434783,
                "average_precision": 0.6516250794782694,
                "auroc": 0.4574074074074075,
                "top5": {
                  "k": 5,
                  "true_errors": 4,
                  "precision": 0.8,
                  "lift_vs_prevalence": 1.2266666666666668
                },
                "top10": {
                  "k": 10,
                  "true_errors": 8,
                  "precision": 0.8,
                  "lift_vs_prevalence": 1.2266666666666668
                },
                "top20pct": {
                  "k": 14,
                  "true_errors": 9,
                  "precision": 0.6428571428571429,
                  "lift_vs_prevalence": 0.9857142857142858
                },
                "bottom20pct": {
                  "k": 14,
                  "true_errors": 9,
                  "error_rate": 0.6428571428571429
                },
                "top_to_bottom_ratio": 1.0
              },
              "gt_cross_class_overmerge": {
                "n": 69,
                "positives": 45,
                "prevalence": 0.6521739130434783,
                "average_precision": 0.6516250794782694,
                "auroc": 0.4574074074074075,
                "top5": {
                  "k": 5,
                  "true_errors": 4,
                  "precision": 0.8,
                  "lift_vs_prevalence": 1.2266666666666668
                },
                "top10": {
                  "k": 10,
                  "true_errors": 8,
                  "precision": 0.8,
                  "lift_vs_prevalence": 1.2266666666666668
                },
                "top20pct": {
                  "k": 14,
                  "true_errors": 9,
                  "precision": 0.6428571428571429,
                  "lift_vs_prevalence": 0.9857142857142858
                },
                "bottom20pct": {
                  "k": 14,
                  "true_errors": 9,
                  "error_rate": 0.6428571428571429
                },
                "top_to_bottom_ratio": 1.0
              },
              "gt_same_class_overmerge": {
                "n": 69,
                "positives": 0,
                "prevalence": 0.0,
                "average_precision": null,
                "auroc": null,
                "top5": {
                  "k": 5,
                  "true_errors": 0,
                  "precision": 0.0,
                  "lift_vs_prevalence": null
                },
                "top10": {
                  "k": 10,
                  "true_errors": 0,
                  "precision": 0.0,
                  "lift_vs_prevalence": null
                },
                "top20pct": {
                  "k": 14,
                  "true_errors": 0,
                  "precision": 0.0,
                  "lift_vs_prevalence": null
                },
                "bottom20pct": {
                  "k": 14,
                  "true_errors": 0,
                  "error_rate": 0.0
                },
                "top_to_bottom_ratio": null
              },
              "gt_wrong_association": {
                "n": 69,
                "positives": 38,
                "prevalence": 0.5507246376811594,
                "average_precision": 0.6511427136799293,
                "auroc": 0.5118845500848896,
                "top5": {
                  "k": 5,
                  "true_errors": 5,
                  "precision": 1.0,
                  "lift_vs_prevalence": 1.8157894736842106
                },
                "top10": {
                  "k": 10,
                  "true_errors": 7,
                  "precision": 0.7,
                  "lift_vs_prevalence": 1.2710526315789472
                },
                "top20pct": {
                  "k": 14,
                  "true_errors": 10,
                  "precision": 0.7142857142857143,
                  "lift_vs_prevalence": 1.2969924812030076
                },
                "bottom20pct": {
                  "k": 14,
                  "true_errors": 9,
                  "error_rate": 0.6428571428571429
                },
                "top_to_bottom_ratio": 1.1111111111111112
              },
              "gt_split_incident": {
                "n": 69,
                "positives": 41,
                "prevalence": 0.5942028985507246,
                "average_precision": 0.5829785499455151,
                "auroc": 0.5174216027874565,
                "top5": {
                  "k": 5,
                  "true_errors": 2,
                  "precision": 0.4,
                  "lift_vs_prevalence": 0.6731707317073171
                },
                "top10": {
                  "k": 10,
                  "true_errors": 4,
                  "precision": 0.4,
                  "lift_vs_prevalence": 0.6731707317073171
                },
                "top20pct": {
                  "k": 14,
                  "true_errors": 5,
                  "precision": 0.35714285714285715,
                  "lift_vs_prevalence": 0.6010452961672474
                },
                "bottom20pct": {
                  "k": 14,
                  "true_errors": 5,
                  "error_rate": 0.35714285714285715
                },
                "top_to_bottom_ratio": 1.0
              }
            },
            "fragmentation": {
              "gt_identity_error": {
                "n": 69,
                "positives": 61,
                "prevalence": 0.8840579710144928,
                "average_precision": 0.8768557173403931,
                "auroc": 0.41393442622950827,
                "top5": {
                  "k": 5,
                  "true_errors": 3,
                  "precision": 0.6,
                  "lift_vs_prevalence": 0.6786885245901639
                },
                "top10": {
                  "k": 10,
                  "true_errors": 8,
                  "precision": 0.8,
                  "lift_vs_prevalence": 0.9049180327868852
                },
                "top20pct": {
                  "k": 14,
                  "true_errors": 11,
                  "precision": 0.7857142857142857,
                  "lift_vs_prevalence": 0.8887587822014051
                },
                "bottom20pct": {
                  "k": 14,
                  "true_errors": 12,
                  "error_rate": 0.8571428571428571
                },
                "top_to_bottom_ratio": 0.9166666666666667
              },
              "gt_overmerge": {
                "n": 69,
                "positives": 45,
                "prevalence": 0.6521739130434783,
                "average_precision": 0.6681757533931446,
                "auroc": 0.512962962962963,
                "top5": {
                  "k": 5,
                  "true_errors": 3,
                  "precision": 0.6,
                  "lift_vs_prevalence": 0.9199999999999999
                },
                "top10": {
                  "k": 10,
                  "true_errors": 8,
                  "precision": 0.8,
                  "lift_vs_prevalence": 1.2266666666666668
                },
                "top20pct": {
                  "k": 14,
                  "true_errors": 10,
                  "precision": 0.7142857142857143,
                  "lift_vs_prevalence": 1.0952380952380953
                },
                "bottom20pct": {
                  "k": 14,
                  "true_errors": 10,
                  "error_rate": 0.7142857142857143
                },
                "top_to_bottom_ratio": 1.0
              },
              "gt_cross_class_overmerge": {
                "n": 69,
                "positives": 45,
                "prevalence": 0.6521739130434783,
                "average_precision": 0.6681757533931446,
                "auroc": 0.512962962962963,
                "top5": {
                  "k": 5,
                  "true_errors": 3,
                  "precision": 0.6,
                  "lift_vs_prevalence": 0.9199999999999999
                },
                "top10": {
                  "k": 10,
                  "true_errors": 8,
                  "precision": 0.8,
                  "lift_vs_prevalence": 1.2266666666666668
                },
                "top20pct": {
                  "k": 14,
                  "true_errors": 10,
                  "precision": 0.7142857142857143,
                  "lift_vs_prevalence": 1.0952380952380953
                },
                "bottom20pct": {
                  "k": 14,
                  "true_errors": 10,
                  "error_rate": 0.7142857142857143
                },
                "top_to_bottom_ratio": 1.0
              },
              "gt_same_class_overmerge": {
                "n": 69,
                "positives": 0,
                "prevalence": 0.0,
                "average_precision": null,
                "auroc": null,
                "top5": {
                  "k": 5,
                  "true_errors": 0,
                  "precision": 0.0,
                  "lift_vs_prevalence": null
                },
                "top10": {
                  "k": 10,
                  "true_errors": 0,
                  "precision": 0.0,
                  "lift_vs_prevalence": null
                },
                "top20pct": {
                  "k": 14,
                  "true_errors": 0,
                  "precision": 0.0,
                  "lift_vs_prevalence": null
                },
                "bottom20pct": {
                  "k": 14,
                  "true_errors": 0,
                  "error_rate": 0.0
                },
                "top_to_bottom_ratio": null
              },
              "gt_wrong_association": {
                "n": 69,
                "positives": 38,
                "prevalence": 0.5507246376811594,
                "average_precision": 0.5830227743271221,
                "auroc": 0.5326825127334466,
                "top5": {
                  "k": 5,
                  "true_errors": 3,
                  "precision": 0.6,
                  "lift_vs_prevalence": 1.0894736842105264
                },
                "top10": {
                  "k": 10,
                  "true_errors": 8,
                  "precision": 0.8,
                  "lift_vs_prevalence": 1.4526315789473685
                },
                "top20pct": {
                  "k": 14,
                  "true_errors": 11,
                  "precision": 0.7857142857142857,
                  "lift_vs_prevalence": 1.4266917293233083
                },
                "bottom20pct": {
                  "k": 14,
                  "true_errors": 8,
                  "error_rate": 0.5714285714285714
                },
                "top_to_bottom_ratio": 1.375
              },
              "gt_split_incident": {
                "n": 69,
                "positives": 41,
                "prevalence": 0.5942028985507246,
                "average_precision": 0.6188355299702065,
                "auroc": 0.524390243902439,
                "top5": {
                  "k": 5,
                  "true_errors": 3,
                  "precision": 0.6,
                  "lift_vs_prevalence": 1.0097560975609756
                },
                "top10": {
                  "k": 10,
                  "true_errors": 7,
                  "precision": 0.7,
                  "lift_vs_prevalence": 1.1780487804878048
                },
                "top20pct": {
                  "k": 14,
                  "true_errors": 7,
                  "precision": 0.5,
                  "lift_vs_prevalence": 0.8414634146341464
                },
                "bottom20pct": {
                  "k": 14,
                  "true_errors": 9,
                  "error_rate": 0.6428571428571429
                },
                "top_to_bottom_ratio": 0.7777777777777777
              }
            },
            "duplicate_incident": {
              "gt_identity_error": {
                "n": 69,
                "positives": 61,
                "prevalence": 0.8840579710144928,
                "average_precision": 0.8911982699536258,
                "auroc": 0.48975409836065575,
                "top5": {
                  "k": 5,
                  "true_errors": 5,
                  "precision": 1.0,
                  "lift_vs_prevalence": 1.1311475409836065
                },
                "top10": {
                  "k": 10,
                  "true_errors": 8,
                  "precision": 0.8,
                  "lift_vs_prevalence": 0.9049180327868852
                },
                "top20pct": {
                  "k": 14,
                  "true_errors": 12,
                  "precision": 0.8571428571428571,
                  "lift_vs_prevalence": 0.9695550351288055
                },
                "bottom20pct": {
                  "k": 14,
                  "true_errors": 12,
                  "error_rate": 0.8571428571428571
                },
                "top_to_bottom_ratio": 1.0
              },
              "gt_overmerge": {
                "n": 69,
                "positives": 45,
                "prevalence": 0.6521739130434783,
                "average_precision": 0.6530002484595228,
                "auroc": 0.4782407407407407,
                "top5": {
                  "k": 5,
                  "true_errors": 4,
                  "precision": 0.8,
                  "lift_vs_prevalence": 1.2266666666666668
                },
                "top10": {
                  "k": 10,
                  "true_errors": 5,
                  "precision": 0.5,
                  "lift_vs_prevalence": 0.7666666666666666
                },
                "top20pct": {
                  "k": 14,
                  "true_errors": 5,
                  "precision": 0.35714285714285715,
                  "lift_vs_prevalence": 0.5476190476190477
                },
                "bottom20pct": {
                  "k": 14,
                  "true_errors": 8,
                  "error_rate": 0.5714285714285714
                },
                "top_to_bottom_ratio": 0.625
              },
              "gt_cross_class_overmerge": {
                "n": 69,
                "positives": 45,
                "prevalence": 0.6521739130434783,
                "average_precision": 0.6530002484595228,
                "auroc": 0.4782407407407407,
                "top5": {
                  "k": 5,
                  "true_errors": 4,
                  "precision": 0.8,
                  "lift_vs_prevalence": 1.2266666666666668
                },
                "top10": {
                  "k": 10,
                  "true_errors": 5,
                  "precision": 0.5,
                  "lift_vs_prevalence": 0.7666666666666666
                },
                "top20pct": {
                  "k": 14,
                  "true_errors": 5,
                  "precision": 0.35714285714285715,
                  "lift_vs_prevalence": 0.5476190476190477
                },
                "bottom20pct": {
                  "k": 14,
                  "true_errors": 8,
                  "error_rate": 0.5714285714285714
                },
                "top_to_bottom_ratio": 0.625
              },
              "gt_same_class_overmerge": {
                "n": 69,
                "positives": 0,
                "prevalence": 0.0,
                "average_precision": null,
                "auroc": null,
                "top5": {
                  "k": 5,
                  "true_errors": 0,
                  "precision": 0.0,
                  "lift_vs_prevalence": null
                },
                "top10": {
                  "k": 10,
                  "true_errors": 0,
                  "precision": 0.0,
                  "lift_vs_prevalence": null
                },
                "top20pct": {
                  "k": 14,
                  "true_errors": 0,
                  "precision": 0.0,
                  "lift_vs_prevalence": null
                },
                "bottom20pct": {
                  "k": 14,
                  "true_errors": 0,
                  "error_rate": 0.0
                },
                "top_to_bottom_ratio": null
              },
              "gt_wrong_association": {
                "n": 69,
                "positives": 38,
                "prevalence": 0.5507246376811594,
                "average_precision": 0.5119000690924791,
                "auroc": 0.43633276740237686,
                "top5": {
                  "k": 5,
                  "true_errors": 2,
                  "precision": 0.4,
                  "lift_vs_prevalence": 0.7263157894736842
                },
                "top10": {
                  "k": 10,
                  "true_errors": 3,
                  "precision": 0.3,
                  "lift_vs_prevalence": 0.5447368421052632
                },
                "top20pct": {
                  "k": 14,
                  "true_errors": 5,
                  "precision": 0.35714285714285715,
                  "lift_vs_prevalence": 0.6484962406015038
                },
                "bottom20pct": {
                  "k": 14,
                  "true_errors": 8,
                  "error_rate": 0.5714285714285714
                },
                "top_to_bottom_ratio": 0.625
              },
              "gt_split_incident": {
                "n": 69,
                "positives": 41,
                "prevalence": 0.5942028985507246,
                "average_precision": 0.7541279195288804,
                "auroc": 0.6707317073170732,
                "top5": {
                  "k": 5,
                  "true_errors": 5,
                  "precision": 1.0,
                  "lift_vs_prevalence": 1.6829268292682928
                },
                "top10": {
                  "k": 10,
                  "true_errors": 8,
                  "precision": 0.8,
                  "lift_vs_prevalence": 1.3463414634146342
                },
                "top20pct": {
                  "k": 14,
                  "true_errors": 10,
                  "precision": 0.7142857142857143,
                  "lift_vs_prevalence": 1.202090592334495
                },
                "bottom20pct": {
                  "k": 14,
                  "true_errors": 3,
                  "error_rate": 0.21428571428571427
                },
                "top_to_bottom_ratio": 3.3333333333333335
              }
            },
            "combined": {
              "gt_identity_error": {
                "n": 69,
                "positives": 61,
                "prevalence": 0.8840579710144928,
                "average_precision": 0.9081238924296997,
                "auroc": 0.5543032786885246,
                "top5": {
                  "k": 5,
                  "true_errors": 5,
                  "precision": 1.0,
                  "lift_vs_prevalence": 1.1311475409836065
                },
                "top10": {
                  "k": 10,
                  "true_errors": 10,
                  "precision": 1.0,
                  "lift_vs_prevalence": 1.1311475409836065
                },
                "top20pct": {
                  "k": 14,
                  "true_errors": 13,
                  "precision": 0.9285714285714286,
                  "lift_vs_prevalence": 1.050351288056206
                },
                "bottom20pct": {
                  "k": 14,
                  "true_errors": 11,
                  "error_rate": 0.7857142857142857
                },
                "top_to_bottom_ratio": 1.1818181818181819
              },
              "gt_overmerge": {
                "n": 69,
                "positives": 45,
                "prevalence": 0.6521739130434783,
                "average_precision": 0.6816720279000928,
                "auroc": 0.5027777777777778,
                "top5": {
                  "k": 5,
                  "true_errors": 4,
                  "precision": 0.8,
                  "lift_vs_prevalence": 1.2266666666666668
                },
                "top10": {
                  "k": 10,
                  "true_errors": 9,
                  "precision": 0.9,
                  "lift_vs_prevalence": 1.3800000000000001
                },
                "top20pct": {
                  "k": 14,
                  "true_errors": 10,
                  "precision": 0.7142857142857143,
                  "lift_vs_prevalence": 1.0952380952380953
                },
                "bottom20pct": {
                  "k": 14,
                  "true_errors": 9,
                  "error_rate": 0.6428571428571429
                },
                "top_to_bottom_ratio": 1.1111111111111112
              },
              "gt_cross_class_overmerge": {
                "n": 69,
                "positives": 45,
                "prevalence": 0.6521739130434783,
                "average_precision": 0.6816720279000928,
                "auroc": 0.5027777777777778,
                "top5": {
                  "k": 5,
                  "true_errors": 4,
                  "precision": 0.8,
                  "lift_vs_prevalence": 1.2266666666666668
                },
                "top10": {
                  "k": 10,
                  "true_errors": 9,
                  "precision": 0.9,
                  "lift_vs_prevalence": 1.3800000000000001
                },
                "top20pct": {
                  "k": 14,
                  "true_errors": 10,
                  "precision": 0.7142857142857143,
                  "lift_vs_prevalence": 1.0952380952380953
                },
                "bottom20pct": {
                  "k": 14,
                  "true_errors": 9,
                  "error_rate": 0.6428571428571429
                },
                "top_to_bottom_ratio": 1.1111111111111112
              },
              "gt_same_class_overmerge": {
                "n": 69,
                "positives": 0,
                "prevalence": 0.0,
                "average_precision": null,
                "auroc": null,
                "top5": {
                  "k": 5,
                  "true_errors": 0,
                  "precision": 0.0,
                  "lift_vs_prevalence": null
                },
                "top10": {
                  "k": 10,
                  "true_errors": 0,
                  "precision": 0.0,
                  "lift_vs_prevalence": null
                },
                "top20pct": {
                  "k": 14,
                  "true_errors": 0,
                  "precision": 0.0,
                  "lift_vs_prevalence": null
                },
                "bottom20pct": {
                  "k": 14,
                  "true_errors": 0,
                  "error_rate": 0.0
                },
                "top_to_bottom_ratio": null
              },
              "gt_wrong_association": {
                "n": 69,
                "positives": 38,
                "prevalence": 0.5507246376811594,
                "average_precision": 0.6561513915115372,
                "auroc": 0.547113752122241,
                "top5": {
                  "k": 5,
                  "true_errors": 4,
                  "precision": 0.8,
                  "lift_vs_prevalence": 1.4526315789473685
                },
                "top10": {
                  "k": 10,
                  "true_errors": 9,
                  "precision": 0.9,
                  "lift_vs_prevalence": 1.6342105263157896
                },
                "top20pct": {
                  "k": 14,
                  "true_errors": 10,
                  "precision": 0.7142857142857143,
                  "lift_vs_prevalence": 1.2969924812030076
                },
                "bottom20pct": {
                  "k": 14,
                  "true_errors": 8,
                  "error_rate": 0.5714285714285714
                },
                "top_to_bottom_ratio": 1.25
              },
              "gt_split_incident": {
                "n": 69,
                "positives": 41,
                "prevalence": 0.5942028985507246,
                "average_precision": 0.6287738821712133,
                "auroc": 0.5718641114982579,
                "top5": {
                  "k": 5,
                  "true_errors": 4,
                  "precision": 0.8,
                  "lift_vs_prevalence": 1.3463414634146342
                },
                "top10": {
                  "k": 10,
                  "true_errors": 6,
                  "precision": 0.6,
                  "lift_vs_prevalence": 1.0097560975609756
                },
                "top20pct": {
                  "k": 14,
                  "true_errors": 8,
                  "precision": 0.5714285714285714,
                  "lift_vs_prevalence": 0.9616724738675958
                },
                "bottom20pct": {
                  "k": 14,
                  "true_errors": 4,
                  "error_rate": 0.2857142857142857
                },
                "top_to_bottom_ratio": 2.0
              }
            }
          },
          "pair_evaluation": {
            "r1": {
              "n": 122,
              "positives": 51,
              "prevalence": 0.4180327868852459,
              "average_precision": 0.5372739031709491,
              "auroc": 0.6607290803645403,
              "top5": {
                "k": 5,
                "true_errors": 4,
                "precision": 0.8,
                "lift_vs_prevalence": 1.9137254901960785
              },
              "top10": {
                "k": 10,
                "true_errors": 6,
                "precision": 0.6,
                "lift_vs_prevalence": 1.4352941176470586
              },
              "top20pct": {
                "k": 25,
                "true_errors": 13,
                "precision": 0.52,
                "lift_vs_prevalence": 1.243921568627451
              },
              "bottom20pct": {
                "k": 25,
                "true_errors": 8,
                "error_rate": 0.32
              },
              "top_to_bottom_ratio": 1.625
            },
            "r2": {
              "n": 122,
              "positives": 51,
              "prevalence": 0.4180327868852459,
              "average_precision": 0.5241346033413328,
              "auroc": 0.6297983982325326,
              "top5": {
                "k": 5,
                "true_errors": 2,
                "precision": 0.4,
                "lift_vs_prevalence": 0.9568627450980393
              },
              "top10": {
                "k": 10,
                "true_errors": 6,
                "precision": 0.6,
                "lift_vs_prevalence": 1.4352941176470586
              },
              "top20pct": {
                "k": 25,
                "true_errors": 13,
                "precision": 0.52,
                "lift_vs_prevalence": 1.243921568627451
              },
              "bottom20pct": {
                "k": 25,
                "true_errors": 7,
                "error_rate": 0.28
              },
              "top_to_bottom_ratio": 1.857142857142857
            }
          }
        }
      },
      "final_members_only": {
        "scene": "room0",
        "voxel_size_m": 0.05,
        "evidence_scope": "final_members_only",
        "voxel_payload_fields": [
          "seen_count",
          "label_hist",
          "obs_ids"
        ],
        "voxel_count": 40416,
        "voxel_observation_links": 2656932,
        "selected_observations": 7507,
        "object_count": 72,
        "neighbor_pair_count": 122,
        "evaluation": {
          "foreground_objects": 69,
          "object_evaluation": {
            "nonspatial_label_entropy": {
              "gt_identity_error": {
                "n": 69,
                "positives": 61,
                "prevalence": 0.8840579710144928,
                "average_precision": 0.9039052420792453,
                "auroc": 0.492827868852459,
                "top5": {
                  "k": 5,
                  "true_errors": 5,
                  "precision": 1.0,
                  "lift_vs_prevalence": 1.1311475409836065
                },
                "top10": {
                  "k": 10,
                  "true_errors": 9,
                  "precision": 0.9,
                  "lift_vs_prevalence": 1.018032786885246
                },
                "top20pct": {
                  "k": 14,
                  "true_errors": 13,
                  "precision": 0.9285714285714286,
                  "lift_vs_prevalence": 1.050351288056206
                },
                "bottom20pct": {
                  "k": 14,
                  "true_errors": 12,
                  "error_rate": 0.8571428571428571
                },
                "top_to_bottom_ratio": 1.0833333333333335
              },
              "gt_overmerge": {
                "n": 69,
                "positives": 45,
                "prevalence": 0.6521739130434783,
                "average_precision": 0.6168773690894618,
                "auroc": 0.4134259259259259,
                "top5": {
                  "k": 5,
                  "true_errors": 3,
                  "precision": 0.6,
                  "lift_vs_prevalence": 0.9199999999999999
                },
                "top10": {
                  "k": 10,
                  "true_errors": 6,
                  "precision": 0.6,
                  "lift_vs_prevalence": 0.9199999999999999
                },
                "top20pct": {
                  "k": 14,
                  "true_errors": 7,
                  "precision": 0.5,
                  "lift_vs_prevalence": 0.7666666666666666
                },
                "bottom20pct": {
                  "k": 14,
                  "true_errors": 10,
                  "error_rate": 0.7142857142857143
                },
                "top_to_bottom_ratio": 0.7
              },
              "gt_cross_class_overmerge": {
                "n": 69,
                "positives": 45,
                "prevalence": 0.6521739130434783,
                "average_precision": 0.6168773690894618,
                "auroc": 0.4134259259259259,
                "top5": {
                  "k": 5,
                  "true_errors": 3,
                  "precision": 0.6,
                  "lift_vs_prevalence": 0.9199999999999999
                },
                "top10": {
                  "k": 10,
                  "true_errors": 6,
                  "precision": 0.6,
                  "lift_vs_prevalence": 0.9199999999999999
                },
                "top20pct": {
                  "k": 14,
                  "true_errors": 7,
                  "precision": 0.5,
                  "lift_vs_prevalence": 0.7666666666666666
                },
                "bottom20pct": {
                  "k": 14,
                  "true_errors": 10,
                  "error_rate": 0.7142857142857143
                },
                "top_to_bottom_ratio": 0.7
              },
              "gt_same_class_overmerge": {
                "n": 69,
                "positives": 0,
                "prevalence": 0.0,
                "average_precision": null,
                "auroc": null,
                "top5": {
                  "k": 5,
                  "true_errors": 0,
                  "precision": 0.0,
                  "lift_vs_prevalence": null
                },
                "top10": {
                  "k": 10,
                  "true_errors": 0,
                  "precision": 0.0,
                  "lift_vs_prevalence": null
                },
                "top20pct": {
                  "k": 14,
                  "true_errors": 0,
                  "precision": 0.0,
                  "lift_vs_prevalence": null
                },
                "bottom20pct": {
                  "k": 14,
                  "true_errors": 0,
                  "error_rate": 0.0
                },
                "top_to_bottom_ratio": null
              },
              "gt_wrong_association": {
                "n": 69,
                "positives": 38,
                "prevalence": 0.5507246376811594,
                "average_precision": 0.6628891463762971,
                "auroc": 0.6311544991511036,
                "top5": {
                  "k": 5,
                  "true_errors": 4,
                  "precision": 0.8,
                  "lift_vs_prevalence": 1.4526315789473685
                },
                "top10": {
                  "k": 10,
                  "true_errors": 7,
                  "precision": 0.7,
                  "lift_vs_prevalence": 1.2710526315789472
                },
                "top20pct": {
                  "k": 14,
                  "true_errors": 9,
                  "precision": 0.6428571428571429,
                  "lift_vs_prevalence": 1.1672932330827068
                },
                "bottom20pct": {
                  "k": 14,
                  "true_errors": 8,
                  "error_rate": 0.5714285714285714
                },
                "top_to_bottom_ratio": 1.1250000000000002
              },
              "gt_split_incident": {
                "n": 69,
                "positives": 41,
                "prevalence": 0.5942028985507246,
                "average_precision": 0.6152403772202719,
                "auroc": 0.512630662020906,
                "top5": {
                  "k": 5,
                  "true_errors": 3,
                  "precision": 0.6,
                  "lift_vs_prevalence": 1.0097560975609756
                },
                "top10": {
                  "k": 10,
                  "true_errors": 7,
                  "precision": 0.7,
                  "lift_vs_prevalence": 1.1780487804878048
                },
                "top20pct": {
                  "k": 14,
                  "true_errors": 10,
                  "precision": 0.7142857142857143,
                  "lift_vs_prevalence": 1.202090592334495
                },
                "bottom20pct": {
                  "k": 14,
                  "true_errors": 10,
                  "error_rate": 0.7142857142857143
                },
                "top_to_bottom_ratio": 1.0
              }
            },
            "voxel_semantic_conflict": {
              "gt_identity_error": {
                "n": 69,
                "positives": 61,
                "prevalence": 0.8840579710144928,
                "average_precision": 0.92040350226675,
                "auroc": 0.5727459016393442,
                "top5": {
                  "k": 5,
                  "true_errors": 5,
                  "precision": 1.0,
                  "lift_vs_prevalence": 1.1311475409836065
                },
                "top10": {
                  "k": 10,
                  "true_errors": 10,
                  "precision": 1.0,
                  "lift_vs_prevalence": 1.1311475409836065
                },
                "top20pct": {
                  "k": 14,
                  "true_errors": 13,
                  "precision": 0.9285714285714286,
                  "lift_vs_prevalence": 1.050351288056206
                },
                "bottom20pct": {
                  "k": 14,
                  "true_errors": 12,
                  "error_rate": 0.8571428571428571
                },
                "top_to_bottom_ratio": 1.0833333333333335
              },
              "gt_overmerge": {
                "n": 69,
                "positives": 45,
                "prevalence": 0.6521739130434783,
                "average_precision": 0.6516250794782694,
                "auroc": 0.4574074074074075,
                "top5": {
                  "k": 5,
                  "true_errors": 4,
                  "precision": 0.8,
                  "lift_vs_prevalence": 1.2266666666666668
                },
                "top10": {
                  "k": 10,
                  "true_errors": 8,
                  "precision": 0.8,
                  "lift_vs_prevalence": 1.2266666666666668
                },
                "top20pct": {
                  "k": 14,
                  "true_errors": 9,
                  "precision": 0.6428571428571429,
                  "lift_vs_prevalence": 0.9857142857142858
                },
                "bottom20pct": {
                  "k": 14,
                  "true_errors": 9,
                  "error_rate": 0.6428571428571429
                },
                "top_to_bottom_ratio": 1.0
              },
              "gt_cross_class_overmerge": {
                "n": 69,
                "positives": 45,
                "prevalence": 0.6521739130434783,
                "average_precision": 0.6516250794782694,
                "auroc": 0.4574074074074075,
                "top5": {
                  "k": 5,
                  "true_errors": 4,
                  "precision": 0.8,
                  "lift_vs_prevalence": 1.2266666666666668
                },
                "top10": {
                  "k": 10,
                  "true_errors": 8,
                  "precision": 0.8,
                  "lift_vs_prevalence": 1.2266666666666668
                },
                "top20pct": {
                  "k": 14,
                  "true_errors": 9,
                  "precision": 0.6428571428571429,
                  "lift_vs_prevalence": 0.9857142857142858
                },
                "bottom20pct": {
                  "k": 14,
                  "true_errors": 9,
                  "error_rate": 0.6428571428571429
                },
                "top_to_bottom_ratio": 1.0
              },
              "gt_same_class_overmerge": {
                "n": 69,
                "positives": 0,
                "prevalence": 0.0,
                "average_precision": null,
                "auroc": null,
                "top5": {
                  "k": 5,
                  "true_errors": 0,
                  "precision": 0.0,
                  "lift_vs_prevalence": null
                },
                "top10": {
                  "k": 10,
                  "true_errors": 0,
                  "precision": 0.0,
                  "lift_vs_prevalence": null
                },
                "top20pct": {
                  "k": 14,
                  "true_errors": 0,
                  "precision": 0.0,
                  "lift_vs_prevalence": null
                },
                "bottom20pct": {
                  "k": 14,
                  "true_errors": 0,
                  "error_rate": 0.0
                },
                "top_to_bottom_ratio": null
              },
              "gt_wrong_association": {
                "n": 69,
                "positives": 38,
                "prevalence": 0.5507246376811594,
                "average_precision": 0.6511427136799293,
                "auroc": 0.5118845500848896,
                "top5": {
                  "k": 5,
                  "true_errors": 5,
                  "precision": 1.0,
                  "lift_vs_prevalence": 1.8157894736842106
                },
                "top10": {
                  "k": 10,
                  "true_errors": 7,
                  "precision": 0.7,
                  "lift_vs_prevalence": 1.2710526315789472
                },
                "top20pct": {
                  "k": 14,
                  "true_errors": 10,
                  "precision": 0.7142857142857143,
                  "lift_vs_prevalence": 1.2969924812030076
                },
                "bottom20pct": {
                  "k": 14,
                  "true_errors": 9,
                  "error_rate": 0.6428571428571429
                },
                "top_to_bottom_ratio": 1.1111111111111112
              },
              "gt_split_incident": {
                "n": 69,
                "positives": 41,
                "prevalence": 0.5942028985507246,
                "average_precision": 0.5829785499455151,
                "auroc": 0.5174216027874565,
                "top5": {
                  "k": 5,
                  "true_errors": 2,
                  "precision": 0.4,
                  "lift_vs_prevalence": 0.6731707317073171
                },
                "top10": {
                  "k": 10,
                  "true_errors": 4,
                  "precision": 0.4,
                  "lift_vs_prevalence": 0.6731707317073171
                },
                "top20pct": {
                  "k": 14,
                  "true_errors": 5,
                  "precision": 0.35714285714285715,
                  "lift_vs_prevalence": 0.6010452961672474
                },
                "bottom20pct": {
                  "k": 14,
                  "true_errors": 5,
                  "error_rate": 0.35714285714285715
                },
                "top_to_bottom_ratio": 1.0
              }
            },
            "fragmentation": {
              "gt_identity_error": {
                "n": 69,
                "positives": 61,
                "prevalence": 0.8840579710144928,
                "average_precision": 0.8768557173403931,
                "auroc": 0.41393442622950827,
                "top5": {
                  "k": 5,
                  "true_errors": 3,
                  "precision": 0.6,
                  "lift_vs_prevalence": 0.6786885245901639
                },
                "top10": {
                  "k": 10,
                  "true_errors": 8,
                  "precision": 0.8,
                  "lift_vs_prevalence": 0.9049180327868852
                },
                "top20pct": {
                  "k": 14,
                  "true_errors": 11,
                  "precision": 0.7857142857142857,
                  "lift_vs_prevalence": 0.8887587822014051
                },
                "bottom20pct": {
                  "k": 14,
                  "true_errors": 12,
                  "error_rate": 0.8571428571428571
                },
                "top_to_bottom_ratio": 0.9166666666666667
              },
              "gt_overmerge": {
                "n": 69,
                "positives": 45,
                "prevalence": 0.6521739130434783,
                "average_precision": 0.6681757533931446,
                "auroc": 0.512962962962963,
                "top5": {
                  "k": 5,
                  "true_errors": 3,
                  "precision": 0.6,
                  "lift_vs_prevalence": 0.9199999999999999
                },
                "top10": {
                  "k": 10,
                  "true_errors": 8,
                  "precision": 0.8,
                  "lift_vs_prevalence": 1.2266666666666668
                },
                "top20pct": {
                  "k": 14,
                  "true_errors": 10,
                  "precision": 0.7142857142857143,
                  "lift_vs_prevalence": 1.0952380952380953
                },
                "bottom20pct": {
                  "k": 14,
                  "true_errors": 10,
                  "error_rate": 0.7142857142857143
                },
                "top_to_bottom_ratio": 1.0
              },
              "gt_cross_class_overmerge": {
                "n": 69,
                "positives": 45,
                "prevalence": 0.6521739130434783,
                "average_precision": 0.6681757533931446,
                "auroc": 0.512962962962963,
                "top5": {
                  "k": 5,
                  "true_errors": 3,
                  "precision": 0.6,
                  "lift_vs_prevalence": 0.9199999999999999
                },
                "top10": {
                  "k": 10,
                  "true_errors": 8,
                  "precision": 0.8,
                  "lift_vs_prevalence": 1.2266666666666668
                },
                "top20pct": {
                  "k": 14,
                  "true_errors": 10,
                  "precision": 0.7142857142857143,
                  "lift_vs_prevalence": 1.0952380952380953
                },
                "bottom20pct": {
                  "k": 14,
                  "true_errors": 10,
                  "error_rate": 0.7142857142857143
                },
                "top_to_bottom_ratio": 1.0
              },
              "gt_same_class_overmerge": {
                "n": 69,
                "positives": 0,
                "prevalence": 0.0,
                "average_precision": null,
                "auroc": null,
                "top5": {
                  "k": 5,
                  "true_errors": 0,
                  "precision": 0.0,
                  "lift_vs_prevalence": null
                },
                "top10": {
                  "k": 10,
                  "true_errors": 0,
                  "precision": 0.0,
                  "lift_vs_prevalence": null
                },
                "top20pct": {
                  "k": 14,
                  "true_errors": 0,
                  "precision": 0.0,
                  "lift_vs_prevalence": null
                },
                "bottom20pct": {
                  "k": 14,
                  "true_errors": 0,
                  "error_rate": 0.0
                },
                "top_to_bottom_ratio": null
              },
              "gt_wrong_association": {
                "n": 69,
                "positives": 38,
                "prevalence": 0.5507246376811594,
                "average_precision": 0.5830227743271221,
                "auroc": 0.5326825127334466,
                "top5": {
                  "k": 5,
                  "true_errors": 3,
                  "precision": 0.6,
                  "lift_vs_prevalence": 1.0894736842105264
                },
                "top10": {
                  "k": 10,
                  "true_errors": 8,
                  "precision": 0.8,
                  "lift_vs_prevalence": 1.4526315789473685
                },
                "top20pct": {
                  "k": 14,
                  "true_errors": 11,
                  "precision": 0.7857142857142857,
                  "lift_vs_prevalence": 1.4266917293233083
                },
                "bottom20pct": {
                  "k": 14,
                  "true_errors": 8,
                  "error_rate": 0.5714285714285714
                },
                "top_to_bottom_ratio": 1.375
              },
              "gt_split_incident": {
                "n": 69,
                "positives": 41,
                "prevalence": 0.5942028985507246,
                "average_precision": 0.6188355299702065,
                "auroc": 0.524390243902439,
                "top5": {
                  "k": 5,
                  "true_errors": 3,
                  "precision": 0.6,
                  "lift_vs_prevalence": 1.0097560975609756
                },
                "top10": {
                  "k": 10,
                  "true_errors": 7,
                  "precision": 0.7,
                  "lift_vs_prevalence": 1.1780487804878048
                },
                "top20pct": {
                  "k": 14,
                  "true_errors": 7,
                  "precision": 0.5,
                  "lift_vs_prevalence": 0.8414634146341464
                },
                "bottom20pct": {
                  "k": 14,
                  "true_errors": 9,
                  "error_rate": 0.6428571428571429
                },
                "top_to_bottom_ratio": 0.7777777777777777
              }
            },
            "duplicate_incident": {
              "gt_identity_error": {
                "n": 69,
                "positives": 61,
                "prevalence": 0.8840579710144928,
                "average_precision": 0.8911982699536258,
                "auroc": 0.48975409836065575,
                "top5": {
                  "k": 5,
                  "true_errors": 5,
                  "precision": 1.0,
                  "lift_vs_prevalence": 1.1311475409836065
                },
                "top10": {
                  "k": 10,
                  "true_errors": 8,
                  "precision": 0.8,
                  "lift_vs_prevalence": 0.9049180327868852
                },
                "top20pct": {
                  "k": 14,
                  "true_errors": 12,
                  "precision": 0.8571428571428571,
                  "lift_vs_prevalence": 0.9695550351288055
                },
                "bottom20pct": {
                  "k": 14,
                  "true_errors": 12,
                  "error_rate": 0.8571428571428571
                },
                "top_to_bottom_ratio": 1.0
              },
              "gt_overmerge": {
                "n": 69,
                "positives": 45,
                "prevalence": 0.6521739130434783,
                "average_precision": 0.6530002484595228,
                "auroc": 0.4782407407407407,
                "top5": {
                  "k": 5,
                  "true_errors": 4,
                  "precision": 0.8,
                  "lift_vs_prevalence": 1.2266666666666668
                },
                "top10": {
                  "k": 10,
                  "true_errors": 5,
                  "precision": 0.5,
                  "lift_vs_prevalence": 0.7666666666666666
                },
                "top20pct": {
                  "k": 14,
                  "true_errors": 5,
                  "precision": 0.35714285714285715,
                  "lift_vs_prevalence": 0.5476190476190477
                },
                "bottom20pct": {
                  "k": 14,
                  "true_errors": 8,
                  "error_rate": 0.5714285714285714
                },
                "top_to_bottom_ratio": 0.625
              },
              "gt_cross_class_overmerge": {
                "n": 69,
                "positives": 45,
                "prevalence": 0.6521739130434783,
                "average_precision": 0.6530002484595228,
                "auroc": 0.4782407407407407,
                "top5": {
                  "k": 5,
                  "true_errors": 4,
                  "precision": 0.8,
                  "lift_vs_prevalence": 1.2266666666666668
                },
                "top10": {
                  "k": 10,
                  "true_errors": 5,
                  "precision": 0.5,
                  "lift_vs_prevalence": 0.7666666666666666
                },
                "top20pct": {
                  "k": 14,
                  "true_errors": 5,
                  "precision": 0.35714285714285715,
                  "lift_vs_prevalence": 0.5476190476190477
                },
                "bottom20pct": {
                  "k": 14,
                  "true_errors": 8,
                  "error_rate": 0.5714285714285714
                },
                "top_to_bottom_ratio": 0.625
              },
              "gt_same_class_overmerge": {
                "n": 69,
                "positives": 0,
                "prevalence": 0.0,
                "average_precision": null,
                "auroc": null,
                "top5": {
                  "k": 5,
                  "true_errors": 0,
                  "precision": 0.0,
                  "lift_vs_prevalence": null
                },
                "top10": {
                  "k": 10,
                  "true_errors": 0,
                  "precision": 0.0,
                  "lift_vs_prevalence": null
                },
                "top20pct": {
                  "k": 14,
                  "true_errors": 0,
                  "precision": 0.0,
                  "lift_vs_prevalence": null
                },
                "bottom20pct": {
                  "k": 14,
                  "true_errors": 0,
                  "error_rate": 0.0
                },
                "top_to_bottom_ratio": null
              },
              "gt_wrong_association": {
                "n": 69,
                "positives": 38,
                "prevalence": 0.5507246376811594,
                "average_precision": 0.5119000690924791,
                "auroc": 0.43633276740237686,
                "top5": {
                  "k": 5,
                  "true_errors": 2,
                  "precision": 0.4,
                  "lift_vs_prevalence": 0.7263157894736842
                },
                "top10": {
                  "k": 10,
                  "true_errors": 3,
                  "precision": 0.3,
                  "lift_vs_prevalence": 0.5447368421052632
                },
                "top20pct": {
                  "k": 14,
                  "true_errors": 5,
                  "precision": 0.35714285714285715,
                  "lift_vs_prevalence": 0.6484962406015038
                },
                "bottom20pct": {
                  "k": 14,
                  "true_errors": 8,
                  "error_rate": 0.5714285714285714
                },
                "top_to_bottom_ratio": 0.625
              },
              "gt_split_incident": {
                "n": 69,
                "positives": 41,
                "prevalence": 0.5942028985507246,
                "average_precision": 0.7541279195288804,
                "auroc": 0.6707317073170732,
                "top5": {
                  "k": 5,
                  "true_errors": 5,
                  "precision": 1.0,
                  "lift_vs_prevalence": 1.6829268292682928
                },
                "top10": {
                  "k": 10,
                  "true_errors": 8,
                  "precision": 0.8,
                  "lift_vs_prevalence": 1.3463414634146342
                },
                "top20pct": {
                  "k": 14,
                  "true_errors": 10,
                  "precision": 0.7142857142857143,
                  "lift_vs_prevalence": 1.202090592334495
                },
                "bottom20pct": {
                  "k": 14,
                  "true_errors": 3,
                  "error_rate": 0.21428571428571427
                },
                "top_to_bottom_ratio": 3.3333333333333335
              }
            },
            "combined": {
              "gt_identity_error": {
                "n": 69,
                "positives": 61,
                "prevalence": 0.8840579710144928,
                "average_precision": 0.9081238924296997,
                "auroc": 0.5543032786885246,
                "top5": {
                  "k": 5,
                  "true_errors": 5,
                  "precision": 1.0,
                  "lift_vs_prevalence": 1.1311475409836065
                },
                "top10": {
                  "k": 10,
                  "true_errors": 10,
                  "precision": 1.0,
                  "lift_vs_prevalence": 1.1311475409836065
                },
                "top20pct": {
                  "k": 14,
                  "true_errors": 13,
                  "precision": 0.9285714285714286,
                  "lift_vs_prevalence": 1.050351288056206
                },
                "bottom20pct": {
                  "k": 14,
                  "true_errors": 11,
                  "error_rate": 0.7857142857142857
                },
                "top_to_bottom_ratio": 1.1818181818181819
              },
              "gt_overmerge": {
                "n": 69,
                "positives": 45,
                "prevalence": 0.6521739130434783,
                "average_precision": 0.6816720279000928,
                "auroc": 0.5027777777777778,
                "top5": {
                  "k": 5,
                  "true_errors": 4,
                  "precision": 0.8,
                  "lift_vs_prevalence": 1.2266666666666668
                },
                "top10": {
                  "k": 10,
                  "true_errors": 9,
                  "precision": 0.9,
                  "lift_vs_prevalence": 1.3800000000000001
                },
                "top20pct": {
                  "k": 14,
                  "true_errors": 10,
                  "precision": 0.7142857142857143,
                  "lift_vs_prevalence": 1.0952380952380953
                },
                "bottom20pct": {
                  "k": 14,
                  "true_errors": 9,
                  "error_rate": 0.6428571428571429
                },
                "top_to_bottom_ratio": 1.1111111111111112
              },
              "gt_cross_class_overmerge": {
                "n": 69,
                "positives": 45,
                "prevalence": 0.6521739130434783,
                "average_precision": 0.6816720279000928,
                "auroc": 0.5027777777777778,
                "top5": {
                  "k": 5,
                  "true_errors": 4,
                  "precision": 0.8,
                  "lift_vs_prevalence": 1.2266666666666668
                },
                "top10": {
                  "k": 10,
                  "true_errors": 9,
                  "precision": 0.9,
                  "lift_vs_prevalence": 1.3800000000000001
                },
                "top20pct": {
                  "k": 14,
                  "true_errors": 10,
                  "precision": 0.7142857142857143,
                  "lift_vs_prevalence": 1.0952380952380953
                },
                "bottom20pct": {
                  "k": 14,
                  "true_errors": 9,
                  "error_rate": 0.6428571428571429
                },
                "top_to_bottom_ratio": 1.1111111111111112
              },
              "gt_same_class_overmerge": {
                "n": 69,
                "positives": 0,
                "prevalence": 0.0,
                "average_precision": null,
                "auroc": null,
                "top5": {
                  "k": 5,
                  "true_errors": 0,
                  "precision": 0.0,
                  "lift_vs_prevalence": null
                },
                "top10": {
                  "k": 10,
                  "true_errors": 0,
                  "precision": 0.0,
                  "lift_vs_prevalence": null
                },
                "top20pct": {
                  "k": 14,
                  "true_errors": 0,
                  "precision": 0.0,
                  "lift_vs_prevalence": null
                },
                "bottom20pct": {
                  "k": 14,
                  "true_errors": 0,
                  "error_rate": 0.0
                },
                "top_to_bottom_ratio": null
              },
              "gt_wrong_association": {
                "n": 69,
                "positives": 38,
                "prevalence": 0.5507246376811594,
                "average_precision": 0.6561513915115372,
                "auroc": 0.547113752122241,
                "top5": {
                  "k": 5,
                  "true_errors": 4,
                  "precision": 0.8,
                  "lift_vs_prevalence": 1.4526315789473685
                },
                "top10": {
                  "k": 10,
                  "true_errors": 9,
                  "precision": 0.9,
                  "lift_vs_prevalence": 1.6342105263157896
                },
                "top20pct": {
                  "k": 14,
                  "true_errors": 10,
                  "precision": 0.7142857142857143,
                  "lift_vs_prevalence": 1.2969924812030076
                },
                "bottom20pct": {
                  "k": 14,
                  "true_errors": 8,
                  "error_rate": 0.5714285714285714
                },
                "top_to_bottom_ratio": 1.25
              },
              "gt_split_incident": {
                "n": 69,
                "positives": 41,
                "prevalence": 0.5942028985507246,
                "average_precision": 0.6287738821712133,
                "auroc": 0.5718641114982579,
                "top5": {
                  "k": 5,
                  "true_errors": 4,
                  "precision": 0.8,
                  "lift_vs_prevalence": 1.3463414634146342
                },
                "top10": {
                  "k": 10,
                  "true_errors": 6,
                  "precision": 0.6,
                  "lift_vs_prevalence": 1.0097560975609756
                },
                "top20pct": {
                  "k": 14,
                  "true_errors": 8,
                  "precision": 0.5714285714285714,
                  "lift_vs_prevalence": 0.9616724738675958
                },
                "bottom20pct": {
                  "k": 14,
                  "true_errors": 4,
                  "error_rate": 0.2857142857142857
                },
                "top_to_bottom_ratio": 2.0
              }
            }
          },
          "pair_evaluation": {
            "r1": {
              "n": 122,
              "positives": 51,
              "prevalence": 0.4180327868852459,
              "average_precision": 0.5372739031709491,
              "auroc": 0.6607290803645403,
              "top5": {
                "k": 5,
                "true_errors": 4,
                "precision": 0.8,
                "lift_vs_prevalence": 1.9137254901960785
              },
              "top10": {
                "k": 10,
                "true_errors": 6,
                "precision": 0.6,
                "lift_vs_prevalence": 1.4352941176470586
              },
              "top20pct": {
                "k": 25,
                "true_errors": 13,
                "precision": 0.52,
                "lift_vs_prevalence": 1.243921568627451
              },
              "bottom20pct": {
                "k": 25,
                "true_errors": 8,
                "error_rate": 0.32
              },
              "top_to_bottom_ratio": 1.625
            },
            "r2": {
              "n": 122,
              "positives": 51,
              "prevalence": 0.4180327868852459,
              "average_precision": 0.5241346033413328,
              "auroc": 0.6297983982325326,
              "top5": {
                "k": 5,
                "true_errors": 2,
                "precision": 0.4,
                "lift_vs_prevalence": 0.9568627450980393
              },
              "top10": {
                "k": 10,
                "true_errors": 6,
                "precision": 0.6,
                "lift_vs_prevalence": 1.4352941176470586
              },
              "top20pct": {
                "k": 25,
                "true_errors": 13,
                "precision": 0.52,
                "lift_vs_prevalence": 1.243921568627451
              },
              "bottom20pct": {
                "k": 25,
                "true_errors": 7,
                "error_rate": 0.28
              },
              "top_to_bottom_ratio": 1.857142857142857
            }
          }
        }
      }
    },
    "0.1": {
      "all_history": {
        "scene": "room0",
        "voxel_size_m": 0.1,
        "evidence_scope": "all_history",
        "voxel_payload_fields": [
          "seen_count",
          "label_hist",
          "obs_ids"
        ],
        "voxel_count": 10396,
        "voxel_observation_links": 785890,
        "selected_observations": 7507,
        "object_count": 72,
        "neighbor_pair_count": 154,
        "evaluation": {
          "foreground_objects": 69,
          "object_evaluation": {
            "nonspatial_label_entropy": {
              "gt_identity_error": {
                "n": 69,
                "positives": 61,
                "prevalence": 0.8840579710144928,
                "average_precision": 0.9275337302205027,
                "auroc": 0.5860655737704918,
                "top5": {
                  "k": 5,
                  "true_errors": 5,
                  "precision": 1.0,
                  "lift_vs_prevalence": 1.1311475409836065
                },
                "top10": {
                  "k": 10,
                  "true_errors": 10,
                  "precision": 1.0,
                  "lift_vs_prevalence": 1.1311475409836065
                },
                "top20pct": {
                  "k": 14,
                  "true_errors": 14,
                  "precision": 1.0,
                  "lift_vs_prevalence": 1.1311475409836065
                },
                "bottom20pct": {
                  "k": 14,
                  "true_errors": 12,
                  "error_rate": 0.8571428571428571
                },
                "top_to_bottom_ratio": 1.1666666666666667
              },
              "gt_overmerge": {
                "n": 69,
                "positives": 44,
                "prevalence": 0.6376811594202898,
                "average_precision": 0.6088287980970944,
                "auroc": 0.4318181818181819,
                "top5": {
                  "k": 5,
                  "true_errors": 3,
                  "precision": 0.6,
                  "lift_vs_prevalence": 0.9409090909090909
                },
                "top10": {
                  "k": 10,
                  "true_errors": 6,
                  "precision": 0.6,
                  "lift_vs_prevalence": 0.9409090909090909
                },
                "top20pct": {
                  "k": 14,
                  "true_errors": 7,
                  "precision": 0.5,
                  "lift_vs_prevalence": 0.7840909090909092
                },
                "bottom20pct": {
                  "k": 14,
                  "true_errors": 9,
                  "error_rate": 0.6428571428571429
                },
                "top_to_bottom_ratio": 0.7777777777777777
              },
              "gt_cross_class_overmerge": {
                "n": 69,
                "positives": 44,
                "prevalence": 0.6376811594202898,
                "average_precision": 0.6088287980970944,
                "auroc": 0.4318181818181819,
                "top5": {
                  "k": 5,
                  "true_errors": 3,
                  "precision": 0.6,
                  "lift_vs_prevalence": 0.9409090909090909
                },
                "top10": {
                  "k": 10,
                  "true_errors": 6,
                  "precision": 0.6,
                  "lift_vs_prevalence": 0.9409090909090909
                },
                "top20pct": {
                  "k": 14,
                  "true_errors": 7,
                  "precision": 0.5,
                  "lift_vs_prevalence": 0.7840909090909092
                },
                "bottom20pct": {
                  "k": 14,
                  "true_errors": 9,
                  "error_rate": 0.6428571428571429
                },
                "top_to_bottom_ratio": 0.7777777777777777
              },
              "gt_same_class_overmerge": {
                "n": 69,
                "positives": 0,
                "prevalence": 0.0,
                "average_precision": null,
                "auroc": null,
                "top5": {
                  "k": 5,
                  "true_errors": 0,
                  "precision": 0.0,
                  "lift_vs_prevalence": null
                },
                "top10": {
                  "k": 10,
                  "true_errors": 0,
                  "precision": 0.0,
                  "lift_vs_prevalence": null
                },
                "top20pct": {
                  "k": 14,
                  "true_errors": 0,
                  "precision": 0.0,
                  "lift_vs_prevalence": null
                },
                "bottom20pct": {
                  "k": 14,
                  "true_errors": 0,
                  "error_rate": 0.0
                },
                "top_to_bottom_ratio": null
              },
              "gt_wrong_association": {
                "n": 69,
                "positives": 39,
                "prevalence": 0.5652173913043478,
                "average_precision": 0.6652156602744896,
                "auroc": 0.6162393162393163,
                "top5": {
                  "k": 5,
                  "true_errors": 4,
                  "precision": 0.8,
                  "lift_vs_prevalence": 1.4153846153846155
                },
                "top10": {
                  "k": 10,
                  "true_errors": 7,
                  "precision": 0.7,
                  "lift_vs_prevalence": 1.2384615384615385
                },
                "top20pct": {
                  "k": 14,
                  "true_errors": 9,
                  "precision": 0.6428571428571429,
                  "lift_vs_prevalence": 1.1373626373626375
                },
                "bottom20pct": {
                  "k": 14,
                  "true_errors": 8,
                  "error_rate": 0.5714285714285714
                },
                "top_to_bottom_ratio": 1.1250000000000002
              },
              "gt_split_incident": {
                "n": 69,
                "positives": 43,
                "prevalence": 0.6231884057971014,
                "average_precision": 0.641261763833812,
                "auroc": 0.5272808586762076,
                "top5": {
                  "k": 5,
                  "true_errors": 3,
                  "precision": 0.6,
                  "lift_vs_prevalence": 0.9627906976744186
                },
                "top10": {
                  "k": 10,
                  "true_errors": 7,
                  "precision": 0.7,
                  "lift_vs_prevalence": 1.1232558139534883
                },
                "top20pct": {
                  "k": 14,
                  "true_errors": 10,
                  "precision": 0.7142857142857143,
                  "lift_vs_prevalence": 1.1461794019933556
                },
                "bottom20pct": {
                  "k": 14,
                  "true_errors": 8,
                  "error_rate": 0.5714285714285714
                },
                "top_to_bottom_ratio": 1.25
              }
            },
            "voxel_semantic_conflict": {
              "gt_identity_error": {
                "n": 69,
                "positives": 61,
                "prevalence": 0.8840579710144928,
                "average_precision": 0.9101076916696433,
                "auroc": 0.5245901639344263,
                "top5": {
                  "k": 5,
                  "true_errors": 5,
                  "precision": 1.0,
                  "lift_vs_prevalence": 1.1311475409836065
                },
                "top10": {
                  "k": 10,
                  "true_errors": 10,
                  "precision": 1.0,
                  "lift_vs_prevalence": 1.1311475409836065
                },
                "top20pct": {
                  "k": 14,
                  "true_errors": 13,
                  "precision": 0.9285714285714286,
                  "lift_vs_prevalence": 1.050351288056206
                },
                "bottom20pct": {
                  "k": 14,
                  "true_errors": 12,
                  "error_rate": 0.8571428571428571
                },
                "top_to_bottom_ratio": 1.0833333333333335
              },
              "gt_overmerge": {
                "n": 69,
                "positives": 44,
                "prevalence": 0.6376811594202898,
                "average_precision": 0.602342500450716,
                "auroc": 0.43318181818181817,
                "top5": {
                  "k": 5,
                  "true_errors": 4,
                  "precision": 0.8,
                  "lift_vs_prevalence": 1.2545454545454546
                },
                "top10": {
                  "k": 10,
                  "true_errors": 6,
                  "precision": 0.6,
                  "lift_vs_prevalence": 0.9409090909090909
                },
                "top20pct": {
                  "k": 14,
                  "true_errors": 7,
                  "precision": 0.5,
                  "lift_vs_prevalence": 0.7840909090909092
                },
                "bottom20pct": {
                  "k": 14,
                  "true_errors": 8,
                  "error_rate": 0.5714285714285714
                },
                "top_to_bottom_ratio": 0.875
              },
              "gt_cross_class_overmerge": {
                "n": 69,
                "positives": 44,
                "prevalence": 0.6376811594202898,
                "average_precision": 0.602342500450716,
                "auroc": 0.43318181818181817,
                "top5": {
                  "k": 5,
                  "true_errors": 4,
                  "precision": 0.8,
                  "lift_vs_prevalence": 1.2545454545454546
                },
                "top10": {
                  "k": 10,
                  "true_errors": 6,
                  "precision": 0.6,
                  "lift_vs_prevalence": 0.9409090909090909
                },
                "top20pct": {
                  "k": 14,
                  "true_errors": 7,
                  "precision": 0.5,
                  "lift_vs_prevalence": 0.7840909090909092
                },
                "bottom20pct": {
                  "k": 14,
                  "true_errors": 8,
                  "error_rate": 0.5714285714285714
                },
                "top_to_bottom_ratio": 0.875
              },
              "gt_same_class_overmerge": {
                "n": 69,
                "positives": 0,
                "prevalence": 0.0,
                "average_precision": null,
                "auroc": null,
                "top5": {
                  "k": 5,
                  "true_errors": 0,
                  "precision": 0.0,
                  "lift_vs_prevalence": null
                },
                "top10": {
                  "k": 10,
                  "true_errors": 0,
                  "precision": 0.0,
                  "lift_vs_prevalence": null
                },
                "top20pct": {
                  "k": 14,
                  "true_errors": 0,
                  "precision": 0.0,
                  "lift_vs_prevalence": null
                },
                "bottom20pct": {
                  "k": 14,
                  "true_errors": 0,
                  "error_rate": 0.0
                },
                "top_to_bottom_ratio": null
              },
              "gt_wrong_association": {
                "n": 69,
                "positives": 39,
                "prevalence": 0.5652173913043478,
                "average_precision": 0.6069705615602652,
                "auroc": 0.46196581196581193,
                "top5": {
                  "k": 5,
                  "true_errors": 4,
                  "precision": 0.8,
                  "lift_vs_prevalence": 1.4153846153846155
                },
                "top10": {
                  "k": 10,
                  "true_errors": 7,
                  "precision": 0.7,
                  "lift_vs_prevalence": 1.2384615384615385
                },
                "top20pct": {
                  "k": 14,
                  "true_errors": 9,
                  "precision": 0.6428571428571429,
                  "lift_vs_prevalence": 1.1373626373626375
                },
                "bottom20pct": {
                  "k": 14,
                  "true_errors": 9,
                  "error_rate": 0.6428571428571429
                },
                "top_to_bottom_ratio": 1.0
              },
              "gt_split_incident": {
                "n": 69,
                "positives": 43,
                "prevalence": 0.6231884057971014,
                "average_precision": 0.6363625486026974,
                "auroc": 0.5612701252236136,
                "top5": {
                  "k": 5,
                  "true_errors": 2,
                  "precision": 0.4,
                  "lift_vs_prevalence": 0.6418604651162791
                },
                "top10": {
                  "k": 10,
                  "true_errors": 5,
                  "precision": 0.5,
                  "lift_vs_prevalence": 0.8023255813953488
                },
                "top20pct": {
                  "k": 14,
                  "true_errors": 7,
                  "precision": 0.5,
                  "lift_vs_prevalence": 0.8023255813953488
                },
                "bottom20pct": {
                  "k": 14,
                  "true_errors": 5,
                  "error_rate": 0.35714285714285715
                },
                "top_to_bottom_ratio": 1.4
              }
            },
            "fragmentation": {
              "gt_identity_error": {
                "n": 69,
                "positives": 61,
                "prevalence": 0.8840579710144928,
                "average_precision": 0.8840579710144928,
                "auroc": 0.5,
                "top5": {
                  "k": 5,
                  "true_errors": 4,
                  "precision": 0.8,
                  "lift_vs_prevalence": 0.9049180327868852
                },
                "top10": {
                  "k": 10,
                  "true_errors": 9,
                  "precision": 0.9,
                  "lift_vs_prevalence": 1.018032786885246
                },
                "top20pct": {
                  "k": 14,
                  "true_errors": 13,
                  "precision": 0.9285714285714286,
                  "lift_vs_prevalence": 1.050351288056206
                },
                "bottom20pct": {
                  "k": 14,
                  "true_errors": 12,
                  "error_rate": 0.8571428571428571
                },
                "top_to_bottom_ratio": 1.0833333333333335
              },
              "gt_overmerge": {
                "n": 69,
                "positives": 44,
                "prevalence": 0.6376811594202898,
                "average_precision": 0.6376811594202898,
                "auroc": 0.5,
                "top5": {
                  "k": 5,
                  "true_errors": 3,
                  "precision": 0.6,
                  "lift_vs_prevalence": 0.9409090909090909
                },
                "top10": {
                  "k": 10,
                  "true_errors": 5,
                  "precision": 0.5,
                  "lift_vs_prevalence": 0.7840909090909092
                },
                "top20pct": {
                  "k": 14,
                  "true_errors": 9,
                  "precision": 0.6428571428571429,
                  "lift_vs_prevalence": 1.0081168831168832
                },
                "bottom20pct": {
                  "k": 14,
                  "true_errors": 10,
                  "error_rate": 0.7142857142857143
                },
                "top_to_bottom_ratio": 0.9
              },
              "gt_cross_class_overmerge": {
                "n": 69,
                "positives": 44,
                "prevalence": 0.6376811594202898,
                "average_precision": 0.6376811594202898,
                "auroc": 0.5,
                "top5": {
                  "k": 5,
                  "true_errors": 3,
                  "precision": 0.6,
                  "lift_vs_prevalence": 0.9409090909090909
                },
                "top10": {
                  "k": 10,
                  "true_errors": 5,
                  "precision": 0.5,
                  "lift_vs_prevalence": 0.7840909090909092
                },
                "top20pct": {
                  "k": 14,
                  "true_errors": 9,
                  "precision": 0.6428571428571429,
                  "lift_vs_prevalence": 1.0081168831168832
                },
                "bottom20pct": {
                  "k": 14,
                  "true_errors": 10,
                  "error_rate": 0.7142857142857143
                },
                "top_to_bottom_ratio": 0.9
              },
              "gt_same_class_overmerge": {
                "n": 69,
                "positives": 0,
                "prevalence": 0.0,
                "average_precision": null,
                "auroc": null,
                "top5": {
                  "k": 5,
                  "true_errors": 0,
                  "precision": 0.0,
                  "lift_vs_prevalence": null
                },
                "top10": {
                  "k": 10,
                  "true_errors": 0,
                  "precision": 0.0,
                  "lift_vs_prevalence": null
                },
                "top20pct": {
                  "k": 14,
                  "true_errors": 0,
                  "precision": 0.0,
                  "lift_vs_prevalence": null
                },
                "bottom20pct": {
                  "k": 14,
                  "true_errors": 0,
                  "error_rate": 0.0
                },
                "top_to_bottom_ratio": null
              },
              "gt_wrong_association": {
                "n": 69,
                "positives": 39,
                "prevalence": 0.5652173913043478,
                "average_precision": 0.5652173913043478,
                "auroc": 0.5,
                "top5": {
                  "k": 5,
                  "true_errors": 4,
                  "precision": 0.8,
                  "lift_vs_prevalence": 1.4153846153846155
                },
                "top10": {
                  "k": 10,
                  "true_errors": 6,
                  "precision": 0.6,
                  "lift_vs_prevalence": 1.0615384615384615
                },
                "top20pct": {
                  "k": 14,
                  "true_errors": 10,
                  "precision": 0.7142857142857143,
                  "lift_vs_prevalence": 1.263736263736264
                },
                "bottom20pct": {
                  "k": 14,
                  "true_errors": 8,
                  "error_rate": 0.5714285714285714
                },
                "top_to_bottom_ratio": 1.25
              },
              "gt_split_incident": {
                "n": 69,
                "positives": 43,
                "prevalence": 0.6231884057971014,
                "average_precision": 0.6231884057971014,
                "auroc": 0.5,
                "top5": {
                  "k": 5,
                  "true_errors": 2,
                  "precision": 0.4,
                  "lift_vs_prevalence": 0.6418604651162791
                },
                "top10": {
                  "k": 10,
                  "true_errors": 6,
                  "precision": 0.6,
                  "lift_vs_prevalence": 0.9627906976744186
                },
                "top20pct": {
                  "k": 14,
                  "true_errors": 7,
                  "precision": 0.5,
                  "lift_vs_prevalence": 0.8023255813953488
                },
                "bottom20pct": {
                  "k": 14,
                  "true_errors": 8,
                  "error_rate": 0.5714285714285714
                },
                "top_to_bottom_ratio": 0.875
              }
            },
            "duplicate_incident": {
              "gt_identity_error": {
                "n": 69,
                "positives": 61,
                "prevalence": 0.8840579710144928,
                "average_precision": 0.8460829064156707,
                "auroc": 0.44159836065573776,
                "top5": {
                  "k": 5,
                  "true_errors": 3,
                  "precision": 0.6,
                  "lift_vs_prevalence": 0.6786885245901639
                },
                "top10": {
                  "k": 10,
                  "true_errors": 8,
                  "precision": 0.8,
                  "lift_vs_prevalence": 0.9049180327868852
                },
                "top20pct": {
                  "k": 14,
                  "true_errors": 12,
                  "precision": 0.8571428571428571,
                  "lift_vs_prevalence": 0.9695550351288055
                },
                "bottom20pct": {
                  "k": 14,
                  "true_errors": 12,
                  "error_rate": 0.8571428571428571
                },
                "top_to_bottom_ratio": 1.0
              },
              "gt_overmerge": {
                "n": 69,
                "positives": 44,
                "prevalence": 0.6376811594202898,
                "average_precision": 0.5962805218637903,
                "auroc": 0.49636363636363634,
                "top5": {
                  "k": 5,
                  "true_errors": 0,
                  "precision": 0.0,
                  "lift_vs_prevalence": 0.0
                },
                "top10": {
                  "k": 10,
                  "true_errors": 2,
                  "precision": 0.2,
                  "lift_vs_prevalence": 0.31363636363636366
                },
                "top20pct": {
                  "k": 14,
                  "true_errors": 6,
                  "precision": 0.42857142857142855,
                  "lift_vs_prevalence": 0.672077922077922
                },
                "bottom20pct": {
                  "k": 14,
                  "true_errors": 6,
                  "error_rate": 0.42857142857142855
                },
                "top_to_bottom_ratio": 1.0
              },
              "gt_cross_class_overmerge": {
                "n": 69,
                "positives": 44,
                "prevalence": 0.6376811594202898,
                "average_precision": 0.5962805218637903,
                "auroc": 0.49636363636363634,
                "top5": {
                  "k": 5,
                  "true_errors": 0,
                  "precision": 0.0,
                  "lift_vs_prevalence": 0.0
                },
                "top10": {
                  "k": 10,
                  "true_errors": 2,
                  "precision": 0.2,
                  "lift_vs_prevalence": 0.31363636363636366
                },
                "top20pct": {
                  "k": 14,
                  "true_errors": 6,
                  "precision": 0.42857142857142855,
                  "lift_vs_prevalence": 0.672077922077922
                },
                "bottom20pct": {
                  "k": 14,
                  "true_errors": 6,
                  "error_rate": 0.42857142857142855
                },
                "top_to_bottom_ratio": 1.0
              },
              "gt_same_class_overmerge": {
                "n": 69,
                "positives": 0,
                "prevalence": 0.0,
                "average_precision": null,
                "auroc": null,
                "top5": {
                  "k": 5,
                  "true_errors": 0,
                  "precision": 0.0,
                  "lift_vs_prevalence": null
                },
                "top10": {
                  "k": 10,
                  "true_errors": 0,
                  "precision": 0.0,
                  "lift_vs_prevalence": null
                },
                "top20pct": {
                  "k": 14,
                  "true_errors": 0,
                  "precision": 0.0,
                  "lift_vs_prevalence": null
                },
                "bottom20pct": {
                  "k": 14,
                  "true_errors": 0,
                  "error_rate": 0.0
                },
                "top_to_bottom_ratio": null
              },
              "gt_wrong_association": {
                "n": 69,
                "positives": 39,
                "prevalence": 0.5652173913043478,
                "average_precision": 0.5250578722654569,
                "auroc": 0.4393162393162393,
                "top5": {
                  "k": 5,
                  "true_errors": 1,
                  "precision": 0.2,
                  "lift_vs_prevalence": 0.35384615384615387
                },
                "top10": {
                  "k": 10,
                  "true_errors": 4,
                  "precision": 0.4,
                  "lift_vs_prevalence": 0.7076923076923077
                },
                "top20pct": {
                  "k": 14,
                  "true_errors": 7,
                  "precision": 0.5,
                  "lift_vs_prevalence": 0.8846153846153847
                },
                "bottom20pct": {
                  "k": 14,
                  "true_errors": 9,
                  "error_rate": 0.6428571428571429
                },
                "top_to_bottom_ratio": 0.7777777777777777
              },
              "gt_split_incident": {
                "n": 69,
                "positives": 43,
                "prevalence": 0.6231884057971014,
                "average_precision": 0.7093850986846162,
                "auroc": 0.6882826475849732,
                "top5": {
                  "k": 5,
                  "true_errors": 2,
                  "precision": 0.4,
                  "lift_vs_prevalence": 0.6418604651162791
                },
                "top10": {
                  "k": 10,
                  "true_errors": 6,
                  "precision": 0.6,
                  "lift_vs_prevalence": 0.9627906976744186
                },
                "top20pct": {
                  "k": 14,
                  "true_errors": 10,
                  "precision": 0.7142857142857143,
                  "lift_vs_prevalence": 1.1461794019933556
                },
                "bottom20pct": {
                  "k": 14,
                  "true_errors": 3,
                  "error_rate": 0.21428571428571427
                },
                "top_to_bottom_ratio": 3.3333333333333335
              }
            },
            "combined": {
              "gt_identity_error": {
                "n": 69,
                "positives": 61,
                "prevalence": 0.8840579710144928,
                "average_precision": 0.8737812781115197,
                "auroc": 0.49077868852459017,
                "top5": {
                  "k": 5,
                  "true_errors": 3,
                  "precision": 0.6,
                  "lift_vs_prevalence": 0.6786885245901639
                },
                "top10": {
                  "k": 10,
                  "true_errors": 8,
                  "precision": 0.8,
                  "lift_vs_prevalence": 0.9049180327868852
                },
                "top20pct": {
                  "k": 14,
                  "true_errors": 12,
                  "precision": 0.8571428571428571,
                  "lift_vs_prevalence": 0.9695550351288055
                },
                "bottom20pct": {
                  "k": 14,
                  "true_errors": 11,
                  "error_rate": 0.7857142857142857
                },
                "top_to_bottom_ratio": 1.0909090909090908
              },
              "gt_overmerge": {
                "n": 69,
                "positives": 44,
                "prevalence": 0.6376811594202898,
                "average_precision": 0.5877400072931082,
                "auroc": 0.4363636363636364,
                "top5": {
                  "k": 5,
                  "true_errors": 2,
                  "precision": 0.4,
                  "lift_vs_prevalence": 0.6272727272727273
                },
                "top10": {
                  "k": 10,
                  "true_errors": 4,
                  "precision": 0.4,
                  "lift_vs_prevalence": 0.6272727272727273
                },
                "top20pct": {
                  "k": 14,
                  "true_errors": 6,
                  "precision": 0.42857142857142855,
                  "lift_vs_prevalence": 0.672077922077922
                },
                "bottom20pct": {
                  "k": 14,
                  "true_errors": 7,
                  "error_rate": 0.5
                },
                "top_to_bottom_ratio": 0.8571428571428571
              },
              "gt_cross_class_overmerge": {
                "n": 69,
                "positives": 44,
                "prevalence": 0.6376811594202898,
                "average_precision": 0.5877400072931082,
                "auroc": 0.4363636363636364,
                "top5": {
                  "k": 5,
                  "true_errors": 2,
                  "precision": 0.4,
                  "lift_vs_prevalence": 0.6272727272727273
                },
                "top10": {
                  "k": 10,
                  "true_errors": 4,
                  "precision": 0.4,
                  "lift_vs_prevalence": 0.6272727272727273
                },
                "top20pct": {
                  "k": 14,
                  "true_errors": 6,
                  "precision": 0.42857142857142855,
                  "lift_vs_prevalence": 0.672077922077922
                },
                "bottom20pct": {
                  "k": 14,
                  "true_errors": 7,
                  "error_rate": 0.5
                },
                "top_to_bottom_ratio": 0.8571428571428571
              },
              "gt_same_class_overmerge": {
                "n": 69,
                "positives": 0,
                "prevalence": 0.0,
                "average_precision": null,
                "auroc": null,
                "top5": {
                  "k": 5,
                  "true_errors": 0,
                  "precision": 0.0,
                  "lift_vs_prevalence": null
                },
                "top10": {
                  "k": 10,
                  "true_errors": 0,
                  "precision": 0.0,
                  "lift_vs_prevalence": null
                },
                "top20pct": {
                  "k": 14,
                  "true_errors": 0,
                  "precision": 0.0,
                  "lift_vs_prevalence": null
                },
                "bottom20pct": {
                  "k": 14,
                  "true_errors": 0,
                  "error_rate": 0.0
                },
                "top_to_bottom_ratio": null
              },
              "gt_wrong_association": {
                "n": 69,
                "positives": 39,
                "prevalence": 0.5652173913043478,
                "average_precision": 0.5876741893964834,
                "auroc": 0.47435897435897434,
                "top5": {
                  "k": 5,
                  "true_errors": 3,
                  "precision": 0.6,
                  "lift_vs_prevalence": 1.0615384615384615
                },
                "top10": {
                  "k": 10,
                  "true_errors": 5,
                  "precision": 0.5,
                  "lift_vs_prevalence": 0.8846153846153847
                },
                "top20pct": {
                  "k": 14,
                  "true_errors": 7,
                  "precision": 0.5,
                  "lift_vs_prevalence": 0.8846153846153847
                },
                "bottom20pct": {
                  "k": 14,
                  "true_errors": 9,
                  "error_rate": 0.6428571428571429
                },
                "top_to_bottom_ratio": 0.7777777777777777
              },
              "gt_split_incident": {
                "n": 69,
                "positives": 43,
                "prevalence": 0.6231884057971014,
                "average_precision": 0.6318999818223987,
                "auroc": 0.5809481216457961,
                "top5": {
                  "k": 5,
                  "true_errors": 2,
                  "precision": 0.4,
                  "lift_vs_prevalence": 0.6418604651162791
                },
                "top10": {
                  "k": 10,
                  "true_errors": 4,
                  "precision": 0.4,
                  "lift_vs_prevalence": 0.6418604651162791
                },
                "top20pct": {
                  "k": 14,
                  "true_errors": 7,
                  "precision": 0.5,
                  "lift_vs_prevalence": 0.8023255813953488
                },
                "bottom20pct": {
                  "k": 14,
                  "true_errors": 2,
                  "error_rate": 0.14285714285714285
                },
                "top_to_bottom_ratio": 3.5
              }
            }
          },
          "pair_evaluation": {
            "r1": {
              "n": 154,
              "positives": 65,
              "prevalence": 0.42207792207792205,
              "average_precision": 0.5145259355994322,
              "auroc": 0.6224719101123596,
              "top5": {
                "k": 5,
                "true_errors": 3,
                "precision": 0.6,
                "lift_vs_prevalence": 1.4215384615384616
              },
              "top10": {
                "k": 10,
                "true_errors": 6,
                "precision": 0.6,
                "lift_vs_prevalence": 1.4215384615384616
              },
              "top20pct": {
                "k": 31,
                "true_errors": 16,
                "precision": 0.5161290322580645,
                "lift_vs_prevalence": 1.2228287841191068
              },
              "bottom20pct": {
                "k": 31,
                "true_errors": 10,
                "error_rate": 0.3225806451612903
              },
              "top_to_bottom_ratio": 1.6
            },
            "r2": {
              "n": 154,
              "positives": 65,
              "prevalence": 0.42207792207792205,
              "average_precision": 0.5443814160535096,
              "auroc": 0.641486603284356,
              "top5": {
                "k": 5,
                "true_errors": 3,
                "precision": 0.6,
                "lift_vs_prevalence": 1.4215384615384616
              },
              "top10": {
                "k": 10,
                "true_errors": 7,
                "precision": 0.7,
                "lift_vs_prevalence": 1.6584615384615384
              },
              "top20pct": {
                "k": 31,
                "true_errors": 17,
                "precision": 0.5483870967741935,
                "lift_vs_prevalence": 1.2992555831265509
              },
              "bottom20pct": {
                "k": 31,
                "true_errors": 8,
                "error_rate": 0.25806451612903225
              },
              "top_to_bottom_ratio": 2.125
            }
          }
        }
      },
      "final_members_only": {
        "scene": "room0",
        "voxel_size_m": 0.1,
        "evidence_scope": "final_members_only",
        "voxel_payload_fields": [
          "seen_count",
          "label_hist",
          "obs_ids"
        ],
        "voxel_count": 10396,
        "voxel_observation_links": 785890,
        "selected_observations": 7507,
        "object_count": 72,
        "neighbor_pair_count": 154,
        "evaluation": {
          "foreground_objects": 69,
          "object_evaluation": {
            "nonspatial_label_entropy": {
              "gt_identity_error": {
                "n": 69,
                "positives": 61,
                "prevalence": 0.8840579710144928,
                "average_precision": 0.9275337302205027,
                "auroc": 0.5860655737704918,
                "top5": {
                  "k": 5,
                  "true_errors": 5,
                  "precision": 1.0,
                  "lift_vs_prevalence": 1.1311475409836065
                },
                "top10": {
                  "k": 10,
                  "true_errors": 10,
                  "precision": 1.0,
                  "lift_vs_prevalence": 1.1311475409836065
                },
                "top20pct": {
                  "k": 14,
                  "true_errors": 14,
                  "precision": 1.0,
                  "lift_vs_prevalence": 1.1311475409836065
                },
                "bottom20pct": {
                  "k": 14,
                  "true_errors": 12,
                  "error_rate": 0.8571428571428571
                },
                "top_to_bottom_ratio": 1.1666666666666667
              },
              "gt_overmerge": {
                "n": 69,
                "positives": 44,
                "prevalence": 0.6376811594202898,
                "average_precision": 0.6088287980970944,
                "auroc": 0.4318181818181819,
                "top5": {
                  "k": 5,
                  "true_errors": 3,
                  "precision": 0.6,
                  "lift_vs_prevalence": 0.9409090909090909
                },
                "top10": {
                  "k": 10,
                  "true_errors": 6,
                  "precision": 0.6,
                  "lift_vs_prevalence": 0.9409090909090909
                },
                "top20pct": {
                  "k": 14,
                  "true_errors": 7,
                  "precision": 0.5,
                  "lift_vs_prevalence": 0.7840909090909092
                },
                "bottom20pct": {
                  "k": 14,
                  "true_errors": 9,
                  "error_rate": 0.6428571428571429
                },
                "top_to_bottom_ratio": 0.7777777777777777
              },
              "gt_cross_class_overmerge": {
                "n": 69,
                "positives": 44,
                "prevalence": 0.6376811594202898,
                "average_precision": 0.6088287980970944,
                "auroc": 0.4318181818181819,
                "top5": {
                  "k": 5,
                  "true_errors": 3,
                  "precision": 0.6,
                  "lift_vs_prevalence": 0.9409090909090909
                },
                "top10": {
                  "k": 10,
                  "true_errors": 6,
                  "precision": 0.6,
                  "lift_vs_prevalence": 0.9409090909090909
                },
                "top20pct": {
                  "k": 14,
                  "true_errors": 7,
                  "precision": 0.5,
                  "lift_vs_prevalence": 0.7840909090909092
                },
                "bottom20pct": {
                  "k": 14,
                  "true_errors": 9,
                  "error_rate": 0.6428571428571429
                },
                "top_to_bottom_ratio": 0.7777777777777777
              },
              "gt_same_class_overmerge": {
                "n": 69,
                "positives": 0,
                "prevalence": 0.0,
                "average_precision": null,
                "auroc": null,
                "top5": {
                  "k": 5,
                  "true_errors": 0,
                  "precision": 0.0,
                  "lift_vs_prevalence": null
                },
                "top10": {
                  "k": 10,
                  "true_errors": 0,
                  "precision": 0.0,
                  "lift_vs_prevalence": null
                },
                "top20pct": {
                  "k": 14,
                  "true_errors": 0,
                  "precision": 0.0,
                  "lift_vs_prevalence": null
                },
                "bottom20pct": {
                  "k": 14,
                  "true_errors": 0,
                  "error_rate": 0.0
                },
                "top_to_bottom_ratio": null
              },
              "gt_wrong_association": {
                "n": 69,
                "positives": 39,
                "prevalence": 0.5652173913043478,
                "average_precision": 0.6652156602744896,
                "auroc": 0.6162393162393163,
                "top5": {
                  "k": 5,
                  "true_errors": 4,
                  "precision": 0.8,
                  "lift_vs_prevalence": 1.4153846153846155
                },
                "top10": {
                  "k": 10,
                  "true_errors": 7,
                  "precision": 0.7,
                  "lift_vs_prevalence": 1.2384615384615385
                },
                "top20pct": {
                  "k": 14,
                  "true_errors": 9,
                  "precision": 0.6428571428571429,
                  "lift_vs_prevalence": 1.1373626373626375
                },
                "bottom20pct": {
                  "k": 14,
                  "true_errors": 8,
                  "error_rate": 0.5714285714285714
                },
                "top_to_bottom_ratio": 1.1250000000000002
              },
              "gt_split_incident": {
                "n": 69,
                "positives": 43,
                "prevalence": 0.6231884057971014,
                "average_precision": 0.641261763833812,
                "auroc": 0.5272808586762076,
                "top5": {
                  "k": 5,
                  "true_errors": 3,
                  "precision": 0.6,
                  "lift_vs_prevalence": 0.9627906976744186
                },
                "top10": {
                  "k": 10,
                  "true_errors": 7,
                  "precision": 0.7,
                  "lift_vs_prevalence": 1.1232558139534883
                },
                "top20pct": {
                  "k": 14,
                  "true_errors": 10,
                  "precision": 0.7142857142857143,
                  "lift_vs_prevalence": 1.1461794019933556
                },
                "bottom20pct": {
                  "k": 14,
                  "true_errors": 8,
                  "error_rate": 0.5714285714285714
                },
                "top_to_bottom_ratio": 1.25
              }
            },
            "voxel_semantic_conflict": {
              "gt_identity_error": {
                "n": 69,
                "positives": 61,
                "prevalence": 0.8840579710144928,
                "average_precision": 0.9101076916696433,
                "auroc": 0.5245901639344263,
                "top5": {
                  "k": 5,
                  "true_errors": 5,
                  "precision": 1.0,
                  "lift_vs_prevalence": 1.1311475409836065
                },
                "top10": {
                  "k": 10,
                  "true_errors": 10,
                  "precision": 1.0,
                  "lift_vs_prevalence": 1.1311475409836065
                },
                "top20pct": {
                  "k": 14,
                  "true_errors": 13,
                  "precision": 0.9285714285714286,
                  "lift_vs_prevalence": 1.050351288056206
                },
                "bottom20pct": {
                  "k": 14,
                  "true_errors": 12,
                  "error_rate": 0.8571428571428571
                },
                "top_to_bottom_ratio": 1.0833333333333335
              },
              "gt_overmerge": {
                "n": 69,
                "positives": 44,
                "prevalence": 0.6376811594202898,
                "average_precision": 0.602342500450716,
                "auroc": 0.43318181818181817,
                "top5": {
                  "k": 5,
                  "true_errors": 4,
                  "precision": 0.8,
                  "lift_vs_prevalence": 1.2545454545454546
                },
                "top10": {
                  "k": 10,
                  "true_errors": 6,
                  "precision": 0.6,
                  "lift_vs_prevalence": 0.9409090909090909
                },
                "top20pct": {
                  "k": 14,
                  "true_errors": 7,
                  "precision": 0.5,
                  "lift_vs_prevalence": 0.7840909090909092
                },
                "bottom20pct": {
                  "k": 14,
                  "true_errors": 8,
                  "error_rate": 0.5714285714285714
                },
                "top_to_bottom_ratio": 0.875
              },
              "gt_cross_class_overmerge": {
                "n": 69,
                "positives": 44,
                "prevalence": 0.6376811594202898,
                "average_precision": 0.602342500450716,
                "auroc": 0.43318181818181817,
                "top5": {
                  "k": 5,
                  "true_errors": 4,
                  "precision": 0.8,
                  "lift_vs_prevalence": 1.2545454545454546
                },
                "top10": {
                  "k": 10,
                  "true_errors": 6,
                  "precision": 0.6,
                  "lift_vs_prevalence": 0.9409090909090909
                },
                "top20pct": {
                  "k": 14,
                  "true_errors": 7,
                  "precision": 0.5,
                  "lift_vs_prevalence": 0.7840909090909092
                },
                "bottom20pct": {
                  "k": 14,
                  "true_errors": 8,
                  "error_rate": 0.5714285714285714
                },
                "top_to_bottom_ratio": 0.875
              },
              "gt_same_class_overmerge": {
                "n": 69,
                "positives": 0,
                "prevalence": 0.0,
                "average_precision": null,
                "auroc": null,
                "top5": {
                  "k": 5,
                  "true_errors": 0,
                  "precision": 0.0,
                  "lift_vs_prevalence": null
                },
                "top10": {
                  "k": 10,
                  "true_errors": 0,
                  "precision": 0.0,
                  "lift_vs_prevalence": null
                },
                "top20pct": {
                  "k": 14,
                  "true_errors": 0,
                  "precision": 0.0,
                  "lift_vs_prevalence": null
                },
                "bottom20pct": {
                  "k": 14,
                  "true_errors": 0,
                  "error_rate": 0.0
                },
                "top_to_bottom_ratio": null
              },
              "gt_wrong_association": {
                "n": 69,
                "positives": 39,
                "prevalence": 0.5652173913043478,
                "average_precision": 0.6069705615602652,
                "auroc": 0.46196581196581193,
                "top5": {
                  "k": 5,
                  "true_errors": 4,
                  "precision": 0.8,
                  "lift_vs_prevalence": 1.4153846153846155
                },
                "top10": {
                  "k": 10,
                  "true_errors": 7,
                  "precision": 0.7,
                  "lift_vs_prevalence": 1.2384615384615385
                },
                "top20pct": {
                  "k": 14,
                  "true_errors": 9,
                  "precision": 0.6428571428571429,
                  "lift_vs_prevalence": 1.1373626373626375
                },
                "bottom20pct": {
                  "k": 14,
                  "true_errors": 9,
                  "error_rate": 0.6428571428571429
                },
                "top_to_bottom_ratio": 1.0
              },
              "gt_split_incident": {
                "n": 69,
                "positives": 43,
                "prevalence": 0.6231884057971014,
                "average_precision": 0.6363625486026974,
                "auroc": 0.5612701252236136,
                "top5": {
                  "k": 5,
                  "true_errors": 2,
                  "precision": 0.4,
                  "lift_vs_prevalence": 0.6418604651162791
                },
                "top10": {
                  "k": 10,
                  "true_errors": 5,
                  "precision": 0.5,
                  "lift_vs_prevalence": 0.8023255813953488
                },
                "top20pct": {
                  "k": 14,
                  "true_errors": 7,
                  "precision": 0.5,
                  "lift_vs_prevalence": 0.8023255813953488
                },
                "bottom20pct": {
                  "k": 14,
                  "true_errors": 5,
                  "error_rate": 0.35714285714285715
                },
                "top_to_bottom_ratio": 1.4
              }
            },
            "fragmentation": {
              "gt_identity_error": {
                "n": 69,
                "positives": 61,
                "prevalence": 0.8840579710144928,
                "average_precision": 0.8840579710144928,
                "auroc": 0.5,
                "top5": {
                  "k": 5,
                  "true_errors": 4,
                  "precision": 0.8,
                  "lift_vs_prevalence": 0.9049180327868852
                },
                "top10": {
                  "k": 10,
                  "true_errors": 9,
                  "precision": 0.9,
                  "lift_vs_prevalence": 1.018032786885246
                },
                "top20pct": {
                  "k": 14,
                  "true_errors": 13,
                  "precision": 0.9285714285714286,
                  "lift_vs_prevalence": 1.050351288056206
                },
                "bottom20pct": {
                  "k": 14,
                  "true_errors": 12,
                  "error_rate": 0.8571428571428571
                },
                "top_to_bottom_ratio": 1.0833333333333335
              },
              "gt_overmerge": {
                "n": 69,
                "positives": 44,
                "prevalence": 0.6376811594202898,
                "average_precision": 0.6376811594202898,
                "auroc": 0.5,
                "top5": {
                  "k": 5,
                  "true_errors": 3,
                  "precision": 0.6,
                  "lift_vs_prevalence": 0.9409090909090909
                },
                "top10": {
                  "k": 10,
                  "true_errors": 5,
                  "precision": 0.5,
                  "lift_vs_prevalence": 0.7840909090909092
                },
                "top20pct": {
                  "k": 14,
                  "true_errors": 9,
                  "precision": 0.6428571428571429,
                  "lift_vs_prevalence": 1.0081168831168832
                },
                "bottom20pct": {
                  "k": 14,
                  "true_errors": 10,
                  "error_rate": 0.7142857142857143
                },
                "top_to_bottom_ratio": 0.9
              },
              "gt_cross_class_overmerge": {
                "n": 69,
                "positives": 44,
                "prevalence": 0.6376811594202898,
                "average_precision": 0.6376811594202898,
                "auroc": 0.5,
                "top5": {
                  "k": 5,
                  "true_errors": 3,
                  "precision": 0.6,
                  "lift_vs_prevalence": 0.9409090909090909
                },
                "top10": {
                  "k": 10,
                  "true_errors": 5,
                  "precision": 0.5,
                  "lift_vs_prevalence": 0.7840909090909092
                },
                "top20pct": {
                  "k": 14,
                  "true_errors": 9,
                  "precision": 0.6428571428571429,
                  "lift_vs_prevalence": 1.0081168831168832
                },
                "bottom20pct": {
                  "k": 14,
                  "true_errors": 10,
                  "error_rate": 0.7142857142857143
                },
                "top_to_bottom_ratio": 0.9
              },
              "gt_same_class_overmerge": {
                "n": 69,
                "positives": 0,
                "prevalence": 0.0,
                "average_precision": null,
                "auroc": null,
                "top5": {
                  "k": 5,
                  "true_errors": 0,
                  "precision": 0.0,
                  "lift_vs_prevalence": null
                },
                "top10": {
                  "k": 10,
                  "true_errors": 0,
                  "precision": 0.0,
                  "lift_vs_prevalence": null
                },
                "top20pct": {
                  "k": 14,
                  "true_errors": 0,
                  "precision": 0.0,
                  "lift_vs_prevalence": null
                },
                "bottom20pct": {
                  "k": 14,
                  "true_errors": 0,
                  "error_rate": 0.0
                },
                "top_to_bottom_ratio": null
              },
              "gt_wrong_association": {
                "n": 69,
                "positives": 39,
                "prevalence": 0.5652173913043478,
                "average_precision": 0.5652173913043478,
                "auroc": 0.5,
                "top5": {
                  "k": 5,
                  "true_errors": 4,
                  "precision": 0.8,
                  "lift_vs_prevalence": 1.4153846153846155
                },
                "top10": {
                  "k": 10,
                  "true_errors": 6,
                  "precision": 0.6,
                  "lift_vs_prevalence": 1.0615384615384615
                },
                "top20pct": {
                  "k": 14,
                  "true_errors": 10,
                  "precision": 0.7142857142857143,
                  "lift_vs_prevalence": 1.263736263736264
                },
                "bottom20pct": {
                  "k": 14,
                  "true_errors": 8,
                  "error_rate": 0.5714285714285714
                },
                "top_to_bottom_ratio": 1.25
              },
              "gt_split_incident": {
                "n": 69,
                "positives": 43,
                "prevalence": 0.6231884057971014,
                "average_precision": 0.6231884057971014,
                "auroc": 0.5,
                "top5": {
                  "k": 5,
                  "true_errors": 2,
                  "precision": 0.4,
                  "lift_vs_prevalence": 0.6418604651162791
                },
                "top10": {
                  "k": 10,
                  "true_errors": 6,
                  "precision": 0.6,
                  "lift_vs_prevalence": 0.9627906976744186
                },
                "top20pct": {
                  "k": 14,
                  "true_errors": 7,
                  "precision": 0.5,
                  "lift_vs_prevalence": 0.8023255813953488
                },
                "bottom20pct": {
                  "k": 14,
                  "true_errors": 8,
                  "error_rate": 0.5714285714285714
                },
                "top_to_bottom_ratio": 0.875
              }
            },
            "duplicate_incident": {
              "gt_identity_error": {
                "n": 69,
                "positives": 61,
                "prevalence": 0.8840579710144928,
                "average_precision": 0.8460829064156707,
                "auroc": 0.44159836065573776,
                "top5": {
                  "k": 5,
                  "true_errors": 3,
                  "precision": 0.6,
                  "lift_vs_prevalence": 0.6786885245901639
                },
                "top10": {
                  "k": 10,
                  "true_errors": 8,
                  "precision": 0.8,
                  "lift_vs_prevalence": 0.9049180327868852
                },
                "top20pct": {
                  "k": 14,
                  "true_errors": 12,
                  "precision": 0.8571428571428571,
                  "lift_vs_prevalence": 0.9695550351288055
                },
                "bottom20pct": {
                  "k": 14,
                  "true_errors": 12,
                  "error_rate": 0.8571428571428571
                },
                "top_to_bottom_ratio": 1.0
              },
              "gt_overmerge": {
                "n": 69,
                "positives": 44,
                "prevalence": 0.6376811594202898,
                "average_precision": 0.5962805218637903,
                "auroc": 0.49636363636363634,
                "top5": {
                  "k": 5,
                  "true_errors": 0,
                  "precision": 0.0,
                  "lift_vs_prevalence": 0.0
                },
                "top10": {
                  "k": 10,
                  "true_errors": 2,
                  "precision": 0.2,
                  "lift_vs_prevalence": 0.31363636363636366
                },
                "top20pct": {
                  "k": 14,
                  "true_errors": 6,
                  "precision": 0.42857142857142855,
                  "lift_vs_prevalence": 0.672077922077922
                },
                "bottom20pct": {
                  "k": 14,
                  "true_errors": 6,
                  "error_rate": 0.42857142857142855
                },
                "top_to_bottom_ratio": 1.0
              },
              "gt_cross_class_overmerge": {
                "n": 69,
                "positives": 44,
                "prevalence": 0.6376811594202898,
                "average_precision": 0.5962805218637903,
                "auroc": 0.49636363636363634,
                "top5": {
                  "k": 5,
                  "true_errors": 0,
                  "precision": 0.0,
                  "lift_vs_prevalence": 0.0
                },
                "top10": {
                  "k": 10,
                  "true_errors": 2,
                  "precision": 0.2,
                  "lift_vs_prevalence": 0.31363636363636366
                },
                "top20pct": {
                  "k": 14,
                  "true_errors": 6,
                  "precision": 0.42857142857142855,
                  "lift_vs_prevalence": 0.672077922077922
                },
                "bottom20pct": {
                  "k": 14,
                  "true_errors": 6,
                  "error_rate": 0.42857142857142855
                },
                "top_to_bottom_ratio": 1.0
              },
              "gt_same_class_overmerge": {
                "n": 69,
                "positives": 0,
                "prevalence": 0.0,
                "average_precision": null,
                "auroc": null,
                "top5": {
                  "k": 5,
                  "true_errors": 0,
                  "precision": 0.0,
                  "lift_vs_prevalence": null
                },
                "top10": {
                  "k": 10,
                  "true_errors": 0,
                  "precision": 0.0,
                  "lift_vs_prevalence": null
                },
                "top20pct": {
                  "k": 14,
                  "true_errors": 0,
                  "precision": 0.0,
                  "lift_vs_prevalence": null
                },
                "bottom20pct": {
                  "k": 14,
                  "true_errors": 0,
                  "error_rate": 0.0
                },
                "top_to_bottom_ratio": null
              },
              "gt_wrong_association": {
                "n": 69,
                "positives": 39,
                "prevalence": 0.5652173913043478,
                "average_precision": 0.5250578722654569,
                "auroc": 0.4393162393162393,
                "top5": {
                  "k": 5,
                  "true_errors": 1,
                  "precision": 0.2,
                  "lift_vs_prevalence": 0.35384615384615387
                },
                "top10": {
                  "k": 10,
                  "true_errors": 4,
                  "precision": 0.4,
                  "lift_vs_prevalence": 0.7076923076923077
                },
                "top20pct": {
                  "k": 14,
                  "true_errors": 7,
                  "precision": 0.5,
                  "lift_vs_prevalence": 0.8846153846153847
                },
                "bottom20pct": {
                  "k": 14,
                  "true_errors": 9,
                  "error_rate": 0.6428571428571429
                },
                "top_to_bottom_ratio": 0.7777777777777777
              },
              "gt_split_incident": {
                "n": 69,
                "positives": 43,
                "prevalence": 0.6231884057971014,
                "average_precision": 0.7093850986846162,
                "auroc": 0.6882826475849732,
                "top5": {
                  "k": 5,
                  "true_errors": 2,
                  "precision": 0.4,
                  "lift_vs_prevalence": 0.6418604651162791
                },
                "top10": {
                  "k": 10,
                  "true_errors": 6,
                  "precision": 0.6,
                  "lift_vs_prevalence": 0.9627906976744186
                },
                "top20pct": {
                  "k": 14,
                  "true_errors": 10,
                  "precision": 0.7142857142857143,
                  "lift_vs_prevalence": 1.1461794019933556
                },
                "bottom20pct": {
                  "k": 14,
                  "true_errors": 3,
                  "error_rate": 0.21428571428571427
                },
                "top_to_bottom_ratio": 3.3333333333333335
              }
            },
            "combined": {
              "gt_identity_error": {
                "n": 69,
                "positives": 61,
                "prevalence": 0.8840579710144928,
                "average_precision": 0.8737812781115197,
                "auroc": 0.49077868852459017,
                "top5": {
                  "k": 5,
                  "true_errors": 3,
                  "precision": 0.6,
                  "lift_vs_prevalence": 0.6786885245901639
                },
                "top10": {
                  "k": 10,
                  "true_errors": 8,
                  "precision": 0.8,
                  "lift_vs_prevalence": 0.9049180327868852
                },
                "top20pct": {
                  "k": 14,
                  "true_errors": 12,
                  "precision": 0.8571428571428571,
                  "lift_vs_prevalence": 0.9695550351288055
                },
                "bottom20pct": {
                  "k": 14,
                  "true_errors": 11,
                  "error_rate": 0.7857142857142857
                },
                "top_to_bottom_ratio": 1.0909090909090908
              },
              "gt_overmerge": {
                "n": 69,
                "positives": 44,
                "prevalence": 0.6376811594202898,
                "average_precision": 0.5877400072931082,
                "auroc": 0.4363636363636364,
                "top5": {
                  "k": 5,
                  "true_errors": 2,
                  "precision": 0.4,
                  "lift_vs_prevalence": 0.6272727272727273
                },
                "top10": {
                  "k": 10,
                  "true_errors": 4,
                  "precision": 0.4,
                  "lift_vs_prevalence": 0.6272727272727273
                },
                "top20pct": {
                  "k": 14,
                  "true_errors": 6,
                  "precision": 0.42857142857142855,
                  "lift_vs_prevalence": 0.672077922077922
                },
                "bottom20pct": {
                  "k": 14,
                  "true_errors": 7,
                  "error_rate": 0.5
                },
                "top_to_bottom_ratio": 0.8571428571428571
              },
              "gt_cross_class_overmerge": {
                "n": 69,
                "positives": 44,
                "prevalence": 0.6376811594202898,
                "average_precision": 0.5877400072931082,
                "auroc": 0.4363636363636364,
                "top5": {
                  "k": 5,
                  "true_errors": 2,
                  "precision": 0.4,
                  "lift_vs_prevalence": 0.6272727272727273
                },
                "top10": {
                  "k": 10,
                  "true_errors": 4,
                  "precision": 0.4,
                  "lift_vs_prevalence": 0.6272727272727273
                },
                "top20pct": {
                  "k": 14,
                  "true_errors": 6,
                  "precision": 0.42857142857142855,
                  "lift_vs_prevalence": 0.672077922077922
                },
                "bottom20pct": {
                  "k": 14,
                  "true_errors": 7,
                  "error_rate": 0.5
                },
                "top_to_bottom_ratio": 0.8571428571428571
              },
              "gt_same_class_overmerge": {
                "n": 69,
                "positives": 0,
                "prevalence": 0.0,
                "average_precision": null,
                "auroc": null,
                "top5": {
                  "k": 5,
                  "true_errors": 0,
                  "precision": 0.0,
                  "lift_vs_prevalence": null
                },
                "top10": {
                  "k": 10,
                  "true_errors": 0,
                  "precision": 0.0,
                  "lift_vs_prevalence": null
                },
                "top20pct": {
                  "k": 14,
                  "true_errors": 0,
                  "precision": 0.0,
                  "lift_vs_prevalence": null
                },
                "bottom20pct": {
                  "k": 14,
                  "true_errors": 0,
                  "error_rate": 0.0
                },
                "top_to_bottom_ratio": null
              },
              "gt_wrong_association": {
                "n": 69,
                "positives": 39,
                "prevalence": 0.5652173913043478,
                "average_precision": 0.5876741893964834,
                "auroc": 0.47435897435897434,
                "top5": {
                  "k": 5,
                  "true_errors": 3,
                  "precision": 0.6,
                  "lift_vs_prevalence": 1.0615384615384615
                },
                "top10": {
                  "k": 10,
                  "true_errors": 5,
                  "precision": 0.5,
                  "lift_vs_prevalence": 0.8846153846153847
                },
                "top20pct": {
                  "k": 14,
                  "true_errors": 7,
                  "precision": 0.5,
                  "lift_vs_prevalence": 0.8846153846153847
                },
                "bottom20pct": {
                  "k": 14,
                  "true_errors": 9,
                  "error_rate": 0.6428571428571429
                },
                "top_to_bottom_ratio": 0.7777777777777777
              },
              "gt_split_incident": {
                "n": 69,
                "positives": 43,
                "prevalence": 0.6231884057971014,
                "average_precision": 0.6318999818223987,
                "auroc": 0.5809481216457961,
                "top5": {
                  "k": 5,
                  "true_errors": 2,
                  "precision": 0.4,
                  "lift_vs_prevalence": 0.6418604651162791
                },
                "top10": {
                  "k": 10,
                  "true_errors": 4,
                  "precision": 0.4,
                  "lift_vs_prevalence": 0.6418604651162791
                },
                "top20pct": {
                  "k": 14,
                  "true_errors": 7,
                  "precision": 0.5,
                  "lift_vs_prevalence": 0.8023255813953488
                },
                "bottom20pct": {
                  "k": 14,
                  "true_errors": 2,
                  "error_rate": 0.14285714285714285
                },
                "top_to_bottom_ratio": 3.5
              }
            }
          },
          "pair_evaluation": {
            "r1": {
              "n": 154,
              "positives": 65,
              "prevalence": 0.42207792207792205,
              "average_precision": 0.5145259355994322,
              "auroc": 0.6224719101123596,
              "top5": {
                "k": 5,
                "true_errors": 3,
                "precision": 0.6,
                "lift_vs_prevalence": 1.4215384615384616
              },
              "top10": {
                "k": 10,
                "true_errors": 6,
                "precision": 0.6,
                "lift_vs_prevalence": 1.4215384615384616
              },
              "top20pct": {
                "k": 31,
                "true_errors": 16,
                "precision": 0.5161290322580645,
                "lift_vs_prevalence": 1.2228287841191068
              },
              "bottom20pct": {
                "k": 31,
                "true_errors": 10,
                "error_rate": 0.3225806451612903
              },
              "top_to_bottom_ratio": 1.6
            },
            "r2": {
              "n": 154,
              "positives": 65,
              "prevalence": 0.42207792207792205,
              "average_precision": 0.5443814160535096,
              "auroc": 0.641486603284356,
              "top5": {
                "k": 5,
                "true_errors": 3,
                "precision": 0.6,
                "lift_vs_prevalence": 1.4215384615384616
              },
              "top10": {
                "k": 10,
                "true_errors": 7,
                "precision": 0.7,
                "lift_vs_prevalence": 1.6584615384615384
              },
              "top20pct": {
                "k": 31,
                "true_errors": 17,
                "precision": 0.5483870967741935,
                "lift_vs_prevalence": 1.2992555831265509
              },
              "bottom20pct": {
                "k": 31,
                "true_errors": 8,
                "error_rate": 0.25806451612903225
              },
              "top_to_bottom_ratio": 2.125
            }
          }
        }
      }
    }
  },
  "elapsed_seconds": 343.7566300854087
}
